oid,expid,hjd,mjd,mag,magerr,catflags,filtercode,ra,dec,chi,sharp,filefracday,field,ccdid,qid,limitmag,magzp,magzprms,clrcoeff,clrcounc,exptime,airmass,programid,time,split,phase,phase_bin,url_prefix
770108200010694,47550578,2458230.003240042,58229.505787,17.4957962,0.021722639,0,zg,327.5377615,47.2156705,0.397000015,0.00999999978,20180421505787,770,0x8,0x2,19.8400002,26.2824593,0.0255375933,-0.112650812,1.13339138e-05,30,1.40900004,1,230.00404236838224,discovery,0.3036575812583635,6,https://irsa.ipac.caltech.edu/ibe/data/ztf/products/sci/2018/0421/505787/ztf_20180421505787_000770_zg_c08_o_q2_
770108200010694,48050372,2458235.0013502487,58234.5037269,17.5481262,0.0221696198,0,zg,327.5377641,47.2156935,0.667999983,-0.0120000001,20180426503715,770,0x8,0x2,20.1000004,26.1517391,0.0215601157,-0.0294985157,7.99631744e-06,30,1.34500003,1,235.00215246342125,discovery,0.7602556377455016,15,https://irsa.ipac.caltech.edu/ibe/data/ztf/products/sci/2018/0426/503715/ztf_20180426503715_000770_zg_c08_o_q2_
770108200010694,48150206,2458235.99971981,58235.5020602,17.5204048,0.0219303221,0,zg,327.5377952,47.2157306,0.40200001,0.00200000009,20180427502014,770,0x8,0x2,19.6100006,26.2323837,0.0253595281,-0.0358426534,1.10622623e-05,30,1.34000003,1,236.00052200444043,discovery,0.051210239675526736,1,https://irsa.ipac.caltech.edu/ibe/data/ztf/products/sci/2018/0427/502014/ztf_20180427502014_000770_zg_c08_o_q2_
770108200010694,48844561,2458242.9435445876,58242.4456134,17.5383911,0.0220849328,0,zg,327.5377505,47.2156943,1.65600002,-0.0270000007,20180504445602,770,0x8,0x2,20.2700005,26.2668495,0.0203621648,-0.0845039487,7.63291428e-06,30,1.579,1,242.9443466234952,discovery,0.07484742500722064,1,https://irsa.ipac.caltech.edu/ibe/data/ztf/products/sci/2018/0504/445602/ztf_20180504445602_000770_zg_c08_o_q2_
770108200010694,49045241,2458244.9504346815,58244.452419,17.5555573,0.0222347528,0,zg,327.5377701,47.2156848,0.593999982,-0.0590000004,20180506452361,770,0x8,0x2,20.5699997,26.2005939,0.0174121223,-0.0429699421,5.13269333e-06,30,1.48800004,1,244.95123667363077,discovery,0.6597149231266144,13,https://irsa.ipac.caltech.edu/ibe/data/ztf/products/sci/2018/0506/452361/ztf_20180506452361_000770_zg_c08_o_q2_
770108200010694,49247207,2458246.970175065,58246.4720718,17.5267105,0.0219842568,0,zg,327.537781,47.2157221,0.648999989,-0.0329999998,20180508472025,770,0x8,0x2,20.6399994,26.2225552,0.0215859711,-0.0358366109,7.86283545e-06,30,1.34000003,1,246.9709770125337,discovery,0.24832737789722614,4,https://irsa.ipac.caltech.edu/ibe/data/ztf/products/sci/2018/0508/472025/ztf_20180508472025_000770_zg_c08_o_q2_
770108200010694,49348909,2458247.9872455066,58247.4890972,17.5185814,0.0219147783,0,zg,327.5377735,47.2156955,0.693000019,0.0170000009,20180509489086,770,0x8,0x2,20.6399994,26.2597237,0.0184848197,-0.0523816943,5.92055449e-06,30,1.25100005,1,247.9880474298261,discovery,0.5447319718274741,10,https://irsa.ipac.caltech.edu/ibe/data/ztf/products/sci/2018/0509/489086/ztf_20180509489086_000770_zg_c08_o_q2_
770108200010694,49846473,2458252.963110883,58252.4647338,17.54216,0.0221176408,0,zg,327.5378025,47.2156962,0.870000005,-0.0240000002,20180514464618,770,0x8,0x2,21.2999992,26.2718887,0.017693691,-0.0653445423,5.48855678e-06,30,1.296,1,252.96391269471496,discovery,0.9948472226645606,19,https://irsa.ipac.caltech.edu/ibe/data/ztf/products/sci/2018/0514/464618/ztf_20180514464618_000770_zg_c08_o_q2_
770108200010694,50044635,2458254.9448260646,58254.4463542,17.5341187,0.0220479891,0,zg,327.5377718,47.2156963,1.22000003,-0.0359999985,20180516446354,770,0x8,0x2,21.1200008,26.258585,0.0176438857,-0.059185598,5.31804108e-06,30,1.36000001,1,254.9456278295256,discovery,0.5723780010964674,11,https://irsa.ipac.caltech.edu/ibe/data/ztf/products/sci/2018/0516/446354/ztf_20180516446354_000770_zg_c08_o_q2_
770108200010694,50142896,2458255.9274894753,58255.4289699,17.567955,0.0223443452,0,zg,327.5377657,47.2156923,1.01300001,-0.0350000001,20180517428947,770,0x8,0x2,21.0799999,26.2784748,0.018363297,-0.0868109018,5.93910681e-06,30,1.44500005,1,255.928291217424,discovery,0.8587553624944348,17,https://irsa.ipac.caltech.edu/ibe/data/ztf/products/sci/2018/0517/428947/ztf_20180517428947_000770_zg_c08_o_q2_
770108200010694,50447218,2458258.970857733,58258.4721875,17.5642872,0.0223117992,0,zg,327.5377601,47.2157148,0.524999976,-0.0250000004,20180520472176,770,0x8,0x2,21.1100006,26.1908073,0.0190224349,-0.0342826396,6.35973811e-06,30,1.20299995,1,258.97165940562263,discovery,0.7456834420709413,14,https://irsa.ipac.caltech.edu/ibe/data/ztf/products/sci/2018/0520/472176/ztf_20180520472176_000770_zg_c08_o_q2_
770108200010694,50747021,2458261.969042382,58261.4702199,17.553896,0.0222201515,0,zg,327.5377461,47.2157192,1.24399996,-0.00400000019,20180523470185,770,0x8,0x2,21.0499992,26.1790905,0.0207610391,-0.023817217,7.61817228e-06,30,1.18299997,1,261.96984398458153,discovery,0.6194436729702204,12,https://irsa.ipac.caltech.edu/ibe/data/ztf/products/sci/2018/0523/470185/ztf_20180523470185_000770_zg_c08_o_q2_
770108200010694,50847342,2458262.972300112,58262.4734259,17.598526,0.0226196535,0,zg,327.5377459,47.2157303,1.90799999,0.0710000023,20180524473391,770,0x8,0x2,20.7900009,26.2067318,0.0206128284,-0.0214910619,7.52900996e-06,30,1.16499996,1,262.97310169180855,discovery,0.9118228320353694,18,https://irsa.ipac.caltech.edu/ibe/data/ztf/products/sci/2018/0524/473391/ztf_20180524473391_000770_zg_c08_o_q2_
770108200010694,51346673,2458267.9658729606,58267.4667361,17.5243263,0.021963831,0,zg,327.5377686,47.2157383,0.626999974,0.00999999978,20180529466655,770,0x8,0x2,19.4799995,26.0824757,0.0294252243,-0.035386797,1.5340458e-05,30,1.14600003,1,267.96667442657053,discovery,0.367098566677754,7,https://irsa.ipac.caltech.edu/ibe/data/ztf/products/sci/2018/0529/466655/ztf_20180529466655_000770_zg_c08_o_q2_
770108200010694,51647170,2458270.9709999696,58270.4717014,17.4956379,0.0217213165,0,zg,327.5377562,47.2157293,0.813000023,-0.00300000003,20180601471667,770,0x8,0x2,19.7199993,26.2150936,0.0257747136,-0.03249285,1.17167947e-05,30,1.11500001,1,270.9718013647944,discovery,0.24288200771454171,4,https://irsa.ipac.caltech.edu/ibe/data/ztf/products/sci/2018/0601/471667/ztf_20180601471667_000770_zg_c08_o_q2_
770108200010694,51746831,2458271.9676629156,58271.4683102,17.5096054,0.0218386371,0,zg,327.5377993,47.2156935,0.666999996,0.00700000022,20180602468287,770,0x8,0x2,20.2299995,26.3298912,0.0249746609,-0.10870602,1.11207964e-05,30,1.11600006,1,271.96846428886056,discovery,0.5333392506649375,10,https://irsa.ipac.caltech.edu/ibe/data/ztf/products/sci/2018/0602/468287/ztf_20180602468287_000770_zg_c08_o_q2_
770108200010694,51842893,2458272.9283403135,58272.4289352,17.5480156,0.0221686605,0,zg,327.5377771,47.2156979,1.15199995,-0.0359999985,20180603428900,770,0x8,0x2,20.5499992,26.2546577,0.0185236502,-0.0540313087,6.2382187e-06,30,1.22000003,1,272.92914166348055,discovery,0.8133092333532943,16,https://irsa.ipac.caltech.edu/ibe/data/ztf/products/sci/2018/0603/428900/ztf_20180603428900_000770_zg_c08_o_q2_
770108200010694,51946513,2458273.964600798,58273.4651389,17.5300827,0.0220132116,0,zg,327.5377665,47.2156953,0.827000022,-0.0900000036,20180604465104,770,0x8,0x2,20.7900009,26.2962418,0.0194656383,-0.0509656109,6.89399712e-06,30,1.11099994,1,273.9654021230526,discovery,0.11530637681866551,2,https://irsa.ipac.caltech.edu/ibe/data/ztf/products/sci/2018/0604/465104/ztf_20180604465104_000770_zg_c08_o_q2_
770108200010694,52044408,2458274.943601321,58274.4440856,17.5209084,0.0219346136,0,zg,327.5378086,47.2156921,0.714999974,-0.0700000003,20180605444005,770,0x8,0x2,20.7600002,26.2612724,0.0211312007,-0.0708926022,8.12886992e-06,30,1.15600002,1,274.9444026253186,discovery,0.400616264313129,8,https://irsa.ipac.caltech.edu/ibe/data/ztf/products/sci/2018/0605/444005/ztf_20180605444005_000770_zg_c08_o_q2_
770108200010694,52240863,2458276.908258576,58276.4086343,17.5561905,0.0222403184,0,zg,327.5377619,47.2156942,0.340000004,-0.0,20180607408576,770,0x8,0x2,20.9699993,26.2487869,0.0176325794,-0.0514201522,5.480862e-06,30,1.25600004,1,276.9090598314069,discovery,0.9731758545654827,19,https://irsa.ipac.caltech.edu/ibe/data/ztf/products/sci/2018/0607/408576/ztf_20180607408576_000770_zg_c08_o_q2_
770108200010694,52345060,2458277.9502840373,58277.4506019,17.5032043,0.021784693,0,zg,327.5377926,47.2156819,0.432000011,0.0130000003,20180608450590,770,0x8,0x2,21.2000008,26.2180786,0.020263413,-0.0443187803,7.08834705e-06,30,1.11899996,1,277.9510852699168,discovery,0.27685308449488844,5,https://irsa.ipac.caltech.edu/ibe/data/ztf/products/sci/2018/0608/450590/ztf_20180608450590_000770_zg_c08_o_q2_
770108200010694,52645584,2458280.9556946773,58280.4558449,17.5256424,0.0219750982,0,zg,327.5377945,47.2156932,0.551999986,-0.00200000009,20180611455810,770,0x8,0x2,21.4699993,26.2821827,0.0201070104,-0.0481189787,7.07002027e-06,30,1.09200001,1,280.95649584010243,discovery,0.15271918432799225,3,https://irsa.ipac.caltech.edu/ibe/data/ztf/products/sci/2018/0611/455810/ztf_20180611455810_000770_zg_c08_o_q2_
770108200010694,52945579,2458283.9558165697,58283.4557986,17.5637722,0.0223072357,0,zg,327.537795,47.2157036,1.06500006,-0.00800000038,20180614455775,770,0x8,0x2,21.2900009,26.2833099,0.0165705867,-0.0575162768,4.76319019e-06,30,1.07799995,1,283.95661766221747,discovery,0.02704398554732279,0,https://irsa.ipac.caltech.edu/ibe/data/ztf/products/sci/2018/0614/455775/ztf_20180614455775_000770_zg_c08_o_q2_
770108200010694,53243056,2458286.9307522248,58286.4305671,17.5464153,0.022154687,0,zg,327.5378174,47.2156923,0.472000003,-0.00300000003,20180617430544,770,0x8,0x2,21.2800007,26.3377151,0.0169429407,-0.0722426027,4.9746277e-06,30,1.10899997,1,286.9315532473847,discovery,0.894028767621279,17,https://irsa.ipac.caltech.edu/ibe/data/ztf/products/sci/2018/0617/430544/ztf_20180617430544_000770_zg_c08_o_q2_
770108200010694,53443432,2458288.934626414,58288.4343287,17.5469627,0.0221594609,0,zg,327.5377769,47.2157338,0.57099998,0.0189999994,20180619434329,770,0x8,0x2,20.8700008,26.2720623,0.0196800493,-0.0515540317,6.90780053e-06,30,1.09099996,1,288.93542738910764,discovery,0.4780173402570824,9,https://irsa.ipac.caltech.edu/ibe/data/ztf/products/sci/2018/0619/434329/ztf_20180619434329_000770_zg_c08_o_q2_
770108200010694,53742307,2458291.9235440083,58291.4230787,17.5396824,0.0220961235,0,zg,327.5377843,47.215693,1.18599999,-0.0160000008,20180622423009,770,0x8,0x2,21.5499992,26.3015251,0.017423667,-0.0594756342,5.1280349e-06,30,1.097,1,291.9243449103087,discovery,0.3490768746805202,6,https://irsa.ipac.caltech.edu/ibe/data/ztf/products/sci/2018/0622/423009/ztf_20180622423009_000770_zg_c08_o_q2_
770108200010694,54347328,2458297.9740888127,58297.473287,17.5782642,0.0224363729,0,zg,327.5377974,47.2156869,0.781000018,-0.0680000037,20180628473252,770,0x8,0x2,19.8700008,26.2488995,0.0215878394,-0.0431930646,8.06168373e-06,30,1.03100002,1,297.97488957084715,discovery,0.11238569054205527,2,https://irsa.ipac.caltech.edu/ibe/data/ztf/products/sci/2018/0628/473252/ztf_20180628473252_000770_zg_c08_o_q2_
770108200010694,54547097,2458299.9718838665,58299.4709722,17.5639553,0.0223088637,0,zg,327.5377759,47.2157123,1.06500006,0.0399999991,20180630470938,770,0x8,0x2,20.0599995,26.1850262,0.0222254563,-0.0262525976,8.93615561e-06,30,1.03100002,1,299.97268457710743,discovery,0.6946026221512227,13,https://irsa.ipac.caltech.edu/ibe/data/ztf/products/sci/2018/0630/470938/ztf_20180630470938_000770_zg_c08_o_q2_
770108200010694,54845309,2458302.954164399,58302.4530903,17.5649872,0.022318,0,zg,327.5377615,47.215721,0.953000009,-0.0439999998,20180703453079,770,0x8,0x2,20.3799992,26.2131557,0.0218027905,-0.035685908,8.23193659e-06,30,1.03299999,1,302.9549650377594,discovery,0.5637279195705105,11,https://irsa.ipac.caltech.edu/ibe/data/ztf/products/sci/2018/0703/453079/ztf_20180703453079_000770_zg_c08_o_q2_
770108200010694,54944225,2458303.9433844085,58303.4422569,17.5375881,0.0220779758,0,zg,327.5377947,47.2156916,0.773999989,-0.0960000008,20180704442130,770,0x8,0x2,20.8999996,26.2863674,0.0183553938,-0.0732876509,5.73481566e-06,30,1.03600001,1,303.9441850227304,discovery,0.8520160685204985,17,https://irsa.ipac.caltech.edu/ibe/data/ztf/products/sci/2018/0704/442130/ztf_20180704442130_000770_zg_c08_o_q2_
770108200010694,55147374,2458305.9749863697,58305.47375,17.5308151,0.0220195185,0,zg,327.5377926,47.2156779,1.03699994,-0.075000003,20180706473738,770,0x8,0x2,20.8700008,26.2591591,0.0184728745,-0.0667926744,5.93530331e-06,30,1.03400004,1,305.97578693414107,discovery,0.44408533859390786,8,https://irsa.ipac.caltech.edu/ibe/data/ztf/products/sci/2018/0706/473738/ztf_20180706473738_000770_zg_c08_o_q2_
770108200010694,55736138,2458311.86293342,58311.3613889,17.5448341,0.0221409071,0,zg,327.5377793,47.2156956,0.825999975,-0.023,20180712361354,770,0x8,0x2,21.3700008,26.0297985,0.0192238912,-0.0443760902,6.3889961e-06,30,1.11000001,1,311.86373384296894,discovery,0.16000832968822465,3,https://irsa.ipac.caltech.edu/ibe/data/ztf/products/sci/2018/0712/361354/ztf_20180712361354_000770_zg_c08_o_q2_
770108200010694,55944565,2458313.947310268,58313.4456597,17.5633717,0.0223036911,0,zg,327.5378097,47.2156952,0.954999983,0.0140000004,20180714445301,770,0x8,0x2,21.5100002,26.13871,0.0190418214,-0.0534516796,6.29900887e-06,30,1.03100002,1,313.9481106409803,discovery,0.7674577726254199,15,https://irsa.ipac.caltech.edu/ibe/data/ztf/products/sci/2018/0714/445301/ztf_20180714445301_000770_zg_c08_o_q2_
770108200010694,56038425,2458314.885957031,58314.3842593,17.5318871,0.0220287461,0,zg,327.5377838,47.2156837,0.412,-0.0149999997,20180715384225,770,0x8,0x2,21.3899994,26.1455154,0.0188490059,-0.0513927117,6.19732737e-06,30,1.05900002,1,314.88675737939775,discovery,0.041007372155831945,0,https://irsa.ipac.caltech.edu/ibe/data/ztf/products/sci/2018/0715/384225/ztf_20180715384225_000770_zg_c08_o_q2_
770108200010694,56240670,2458316.9084994397,58316.4067014,17.5594521,0.0222690515,0,zg,327.5377886,47.2157223,1.06799996,0.00200000009,20180717406667,770,0x8,0x2,21.25,26.1176472,0.0219139103,-0.0335628055,8.42922054e-06,30,1.03499997,1,316.90929974243045,discovery,0.6304364201635053,12,https://irsa.ipac.caltech.edu/ibe/data/ztf/products/sci/2018/0717/406667/ztf_20180717406667_000770_zg_c08_o_q2_
770108200010694,56338133,2458317.8831767077,58317.381331,17.5832138,0.0224808492,0,zg,327.5377773,47.2157294,1.69099998,0.0810000002,20180718381331,770,0x8,0x2,20.9099998,26.0703754,0.021579979,-0.0401150957,7.8678413e-06,30,1.05200005,1,317.88397698663175,discovery,0.9144863815709243,18,https://irsa.ipac.caltech.edu/ibe/data/ztf/products/sci/2018/0718/381331/ztf_20180718381331_000770_zg_c08_o_q2_
770108200010694,56442805,2458318.929952004,58318.4280556,17.5423737,0.022119496,0,zg,327.5377743,47.2157027,0.944000006,0.0379999988,20180719428044,770,0x8,0x2,21.4400005,26.2972336,0.0166840367,-0.0520419143,4.73015325e-06,30,1.02999997,1,318.9307522554882,discovery,0.21954785344775019,4,https://irsa.ipac.caltech.edu/ibe/data/ztf/products/sci/2018/0719/428044/ztf_20180719428044_000770_zg_c08_o_q2_
770108200010694,56645464,2458320.9566342067,58320.4546412,17.5655537,0.022323031,0,zg,327.5378064,47.2156864,1.15699995,-0.0540000014,20180721454606,770,0x8,0x2,21.3899994,26.0755081,0.0196679048,-0.0575682409,6.65654034e-06,30,1.04700005,1,320.957434407901,discovery,0.8101833593066203,16,https://irsa.ipac.caltech.edu/ibe/data/ztf/products/sci/2018/0721/454606/ztf_20180721454606_000770_zg_c08_o_q2_
770108200010694,56743063,2458321.932675388,58321.4306366,17.5522232,0.0222054776,0,zg,327.5378073,47.2156855,0.605000019,-0.0320000015,20180722430602,770,0x8,0x2,21.6499996,26.2961578,0.0195626058,-0.0510768406,6.57427336e-06,30,1.03299999,1,321.93347556563094,discovery,0.09463080571481441,1,https://irsa.ipac.caltech.edu/ibe/data/ztf/products/sci/2018/0722/430602/ztf_20180722430602_000770_zg_c08_o_q2_
770108200010694,57045598,2458324.9581612293,58324.4559838,17.5366783,0.0220701043,0,zg,327.5378108,47.2157118,0.757000029,0.0130000003,20180725455961,770,0x8,0x2,20.6700001,26.0671787,0.0191192552,-0.0416675098,6.45684349e-06,30,1.05999994,1,324.9589613350108,discovery,0.9763474161557042,19,https://irsa.ipac.caltech.edu/ibe/data/ztf/products/sci/2018/0725/455961/ztf_20180725455961_000770_zg_c08_o_q2_
770108200010694,57142520,2458325.927429078,58325.4252083,17.5720196,0.0223805346,0,zg,327.5377496,47.2157444,1.09899998,-0.0890000015,20180726425185,770,0x8,0x2,20.0,26.1910152,0.0219279565,-0.0300681312,8.16142165e-06,30,1.03499997,1,325.9282291615382,discovery,0.2588209122350804,5,https://irsa.ipac.caltech.edu/ibe/data/ztf/products/sci/2018/0726/425185/ztf_20180726425185_000770_zg_c08_o_q2_
770108200010694,57347437,2458327.976685602,58327.474375,17.5617332,0.0222891998,0,zg,327.5378042,47.2157203,0.742999971,-0.0370000005,20180728474363,770,0x8,0x2,19.7600002,26.1156044,0.0242757183,-0.0360871032,9.99519943e-06,30,1.10399997,1,327.97748563438654,discovery,0.8560352470207988,17,https://irsa.ipac.caltech.edu/ibe/data/ztf/products/sci/2018/0728/474363/ztf_20180728474363_000770_zg_c08_o_q2_
770108200010694,57844722,2458332.949740149,58332.4472222,17.528511,0.0219997056,0,zg,327.5377896,47.2156951,0.82099998,-0.0160000008,20180802447188,770,0x8,0x2,20.6900005,26.2070847,0.0193519257,-0.0514880158,6.74222429e-06,30,1.079,1,332.9505400569178,discovery,0.3053313347267874,6,https://irsa.ipac.caltech.edu/ibe/data/ztf/products/sci/2018/0802/447188/ztf_20180802447188_000770_zg_c08_o_q2_
770108200010694,57931165,2458333.814207476,58333.3116551,17.54282,0.0221233722,0,zg,327.5377801,47.2156908,0.996999979,-0.0160000008,20180803311042,770,0x8,0x2,20.9699993,26.1600971,0.0204590969,-0.0447069816,7.38102972e-06,30,1.08899999,1,333.8150073615834,discovery,0.5572628392213232,11,https://irsa.ipac.caltech.edu/ibe/data/ztf/products/sci/2018/0803/311042/ztf_20180803311042_000770_zg_c08_o_q2_
770108200010694,58232097,2458336.8236404513,58336.3209722,17.5214806,0.0219394956,0,zg,327.5377895,47.2156791,0.293000013,0.0160000008,20180806320961,770,0x8,0x2,21.6299992,26.3188095,0.0171652362,-0.0550043583,5.13986606e-06,30,1.06200004,1,336.8244402622804,discovery,0.4343011658949649,8,https://irsa.ipac.caltech.edu/ibe/data/ztf/products/sci/2018/0806/320961/ztf_20180806320961_000770_zg_c08_o_q2_
770108200010694,58339299,2458337.895705699,58337.3929977,17.5787449,0.0224406812,0,zg,327.5377785,47.215713,1.24600005,-0.0350000001,20180807392963,770,0x8,0x2,21.2900009,26.2714996,0.0177557506,-0.0465791412,5.50714867e-06,30,1.03499997,1,337.8965054866858,discovery,0.7467328836048921,14,https://irsa.ipac.caltech.edu/ibe/data/ztf/products/sci/2018/0807/392963/ztf_20180807392963_000770_zg_c08_o_q2_
770108200010694,58840623,2458342.9091210794,58342.4062384,17.553112,0.0222132765,0,zg,327.5378083,47.2157108,0.532000005,-0.0299999993,20180812406227,770,0x8,0x2,21.3400002,26.1534367,0.0172155611,-0.0475100651,5.16684804e-06,30,1.05799997,1,342.9099207432009,discovery,0.2077913197227872,4,https://irsa.ipac.caltech.edu/ibe/data/ztf/products/sci/2018/0812/406227/ztf_20180812406227_000770_zg_c08_o_q2_
770108200010694,58938821,2458343.891132263,58343.3882176,17.5429268,0.0221243054,0,zg,327.5377753,47.2156922,1.06700003,0.0379999988,20180813388206,770,0x8,0x2,21.4799995,26.2167263,0.019867193,-0.0461907908,6.93630182e-06,30,1.04299998,1,343.8919319002889,discovery,0.4939786016481662,9,https://irsa.ipac.caltech.edu/ibe/data/ztf/products/sci/2018/0813/388206/ztf_20180813388206_000770_zg_c08_o_q2_
770108200010694,59234046,2458346.843469211,58346.340463,17.5355854,0.0220606532,0,zg,327.537787,47.215686,0.777999997,0.0120000001,20180816340440,770,0x8,0x2,21.6100006,26.1993217,0.0202182159,-0.0431129299,7.19634136e-06,30,1.028,1,346.8442687750794,discovery,0.3543774468404024,7,https://irsa.ipac.caltech.edu/ibe/data/ztf/products/sci/2018/0816/340440/ztf_20180816340440_000770_zg_c08_o_q2_
770108200010694,59435973,2458348.862798562,58348.3597338,17.5648613,0.0223168898,0,zg,327.5378014,47.2157082,0.442999989,0.0140000004,20180818359722,770,0x8,0x2,21.4300003,26.2336426,0.0189588182,-0.0504766554,6.048655e-06,30,1.03199995,1,348.863598077558,discovery,0.9428701133619484,18,https://irsa.ipac.caltech.edu/ibe/data/ztf/products/sci/2018/0818/359722/ztf_20180818359722_000770_zg_c08_o_q2_
770108200010694,59635353,2458350.856649374,58350.3535301,17.558424,0.0222599916,0,zg,327.5377911,47.2156807,0.959999979,-0.0109999999,20180820353495,770,0x8,0x2,21.7399998,26.2541523,0.0250526238,-0.037374258,1.05234021e-05,30,1.03199995,1,350.8574488381855,discovery,0.5239375743884978,10,https://irsa.ipac.caltech.edu/ibe/data/ztf/products/sci/2018/0820/353495/ztf_20180820353495_000770_zg_c08_o_q2_
770108200010694,59838725,2458352.8904283154,58352.3872569,17.5327225,0.0220359471,0,zg,327.5377772,47.2157193,1.20500004,0.0320000015,20180822387245,770,0x8,0x2,20.6800003,26.184164,0.0222828127,-0.0354563482,8.4774756e-06,30,1.06900001,1,352.8912277324125,discovery,0.11664128205509883,2,https://irsa.ipac.caltech.edu/ibe/data/ztf/products/sci/2018/0822/387245/ztf_20180822387245_000770_zg_c08_o_q2_
770108200010694,60738971,2458361.893069627,58361.3897106,17.5639114,0.0223084725,0,zg,327.5377799,47.2156931,1.148,0.0540000014,20180831389676,770,0x8,0x2,20.6299992,26.2946148,0.0180424694,-0.0506612882,5.41913232e-06,30,1.12399995,1,361.8938688188791,discovery,0.7402788691531157,14,https://irsa.ipac.caltech.edu/ibe/data/ztf/products/sci/2018/0831/389676/ztf_20180831389676_000770_zg_c08_o_q2_
770108200010694,60824724,2458362.7506185314,58362.2472454,17.5376949,0.0220789034,0,zg,327.5377801,47.2157042,0.684000015,-0.0320000015,20180901247211,770,0x8,0x2,21.0400009,26.3293266,0.0197953247,-0.0653941333,6.55225313e-06,30,1.06900001,1,362.7514177029952,discovery,0.9901941399643874,19,https://irsa.ipac.caltech.edu/ibe/data/ztf/products/sci/2018/0901/247211/ztf_20180901247211_000770_zg_c08_o_q2_
770108200010694,60930569,2458363.8090839908,58363.3056944,17.5327301,0.0220360085,0,zg,327.5378035,47.2156813,1.10899997,-0.00100000005,20180902305671,770,0x8,0x2,20.8899994,26.2752972,0.0174990408,-0.0550594814,5.10611244e-06,30,1.03299999,1,363.80988313350827,discovery,0.2986624729197729,5,https://irsa.ipac.caltech.edu/ibe/data/ztf/products/sci/2018/0902/305671/ztf_20180902305671_000770_zg_c08_o_q2_
770108200010694,61436553,2458368.86898619,58368.3655324,17.5873375,0.0225180481,0,zg,327.5378005,47.2156915,0.632000029,-0.0590000004,20180907365475,770,0x8,0x2,21.4400005,26.298193,0.0159469843,-0.0674127862,4.24131713e-06,30,1.11199999,1,368.8697852073238,discovery,0.7732685513353772,15,https://irsa.ipac.caltech.edu/ibe/data/ztf/products/sci/2018/0907/365475/ztf_20180907365475_000770_zg_c08_o_q2_
770108200010694,61530103,2458369.804493134,58369.3010301,17.5296879,0.0220098179,0,zg,327.537795,47.2156754,1.24600005,-0.0579999983,20180908301018,770,0x8,0x2,21.6100006,26.2982044,0.0196935032,-0.0611570328,6.48865398e-06,30,1.03600001,1,369.8052921271883,discovery,0.04590311427895699,0,https://irsa.ipac.caltech.edu/ibe/data/ztf/products/sci/2018/0908/301018/ztf_20180908301018_000770_zg_c08_o_q2_
770108200010694,61623395,2458370.7374296957,58370.2339583,17.5325356,0.022034334,0,zg,327.5377766,47.2156808,0.536000013,0.00700000022,20180909233831,770,0x8,0x2,21.2999992,26.3451996,0.017766552,-0.0839530826,5.30705756e-06,30,1.05799997,1,370.7382286670618,discovery,0.3177885919826906,6,https://irsa.ipac.caltech.edu/ibe/data/ztf/products/sci/2018/0909/233831/ztf_20180909233831_000770_zg_c08_o_q2_
770108200010694,61725706,2458371.76053981,58371.2570602,17.5268726,0.0219856463,0,zg,327.5377939,47.2156751,1.49100006,-0.0659999996,20180910256887,770,0x8,0x2,21.6100006,26.3484344,0.017371241,-0.0688791946,5.04359696e-06,30,1.03699994,1,371.7613387554884,discovery,0.6159533258595502,12,https://irsa.ipac.caltech.edu/ibe/data/ztf/products/sci/2018/0910/256887/ztf_20180910256887_000770_zg_c08_o_q2_
770108200010694,61927006,2458373.7735622185,58373.2700694,17.542284,0.0221187174,0,zg,327.5377876,47.2156923,0.953000009,0.0329999998,20180912270058,770,0x8,0x2,21.3999996,26.3209209,0.0169350747,-0.0605773814,4.83451186e-06,30,1.03199995,1,373.774361114949,discovery,0.2026079614518892,4,https://irsa.ipac.caltech.edu/ibe/data/ztf/products/sci/2018/0912/270058/ztf_20180912270058_000770_zg_c08_o_q2_
770108200010694,62026429,2458374.7677918985,58374.264294,17.5306396,0.0220180117,0,zg,327.5378015,47.2156862,0.888000011,-0.075000003,20180913264282,770,0x8,0x2,21.4899998,26.3312168,0.0157113131,-0.067463398,4.15834529e-06,30,1.03299999,1,374.7685907692649,discovery,0.492356077167841,9,https://irsa.ipac.caltech.edu/ibe/data/ztf/products/sci/2018/0913/264282/ztf_20180913264282_000770_zg_c08_o_q2_
770108200010694,62129964,2458375.803143364,58375.2996412,17.5338078,0.0220453031,0,zg,327.5378129,47.2156905,0.282000005,0.0610000007,20180914299618,770,0x8,0x2,21.6200008,26.3333511,0.0183099881,-0.0619657785,5.64033644e-06,30,1.046,1,375.803942208644,discovery,0.7940883050908667,15,https://irsa.ipac.caltech.edu/ibe/data/ztf/products/sci/2018/0914/299618/ztf_20180914299618_000770_zg_c08_o_q2_
770108200010694,62327045,2458377.773958825,58377.2704514,17.5478497,0.0221672039,0,zg,327.5378018,47.2156793,0.684000015,-0.0489999987,20180916270440,770,0x8,0x2,21.5100002,26.3124981,0.0190147404,-0.0665501058,6.05470859e-06,30,1.03400004,1,377.77475762041286,discovery,0.3684425797849542,7,https://irsa.ipac.caltech.edu/ibe/data/ztf/products/sci/2018/0916/270440/ztf_20180916270440_000770_zg_c08_o_q2_
770108200010694,62432223,2458378.825742472,58378.3222338,17.5567303,0.0222450718,0,zg,327.5378047,47.2156808,0.765999973,-0.0270000007,20180917322188,770,0x8,0x2,21.5100002,26.3164139,0.0174415726,-0.0678670108,5.0263393e-06,30,1.08299994,1,378.8265412412584,discovery,0.674963634511073,13,https://irsa.ipac.caltech.edu/ibe/data/ztf/products/sci/2018/0917/322188/ztf_20180917322188_000770_zg_c08_o_q2_
770108200010694,62824321,2458382.7467215257,58382.2432176,17.5673752,0.0223391987,0,zg,327.5377953,47.2156764,0.514999986,-0.0260000005,20180921243206,770,0x8,0x2,20.7299995,26.2838058,0.0176353026,-0.0649419129,5.31732485e-06,30,1.03299999,1,382.7475201971829,discovery,0.8176536149489664,16,https://irsa.ipac.caltech.edu/ibe/data/ztf/products/sci/2018/0921/243206/ztf_20180921243206_000770_zg_c08_o_q2_
770108200010694,62925371,2458383.757215579,58383.2537153,17.5444336,0.0221374184,0,zg,327.5377928,47.2156797,1.12699997,0.0900000036,20180922253692,770,0x8,0x2,20.4599991,26.2478104,0.0186330993,-0.0568733513,5.98484621e-06,30,1.03299999,1,383.75801422586665,discovery,0.11214165348448546,2,https://irsa.ipac.caltech.edu/ibe/data/ztf/products/sci/2018/0922/253692/ztf_20180922253692_000770_zg_c08_o_q2_
770108200010694,63216550,2458386.668993536,58386.1655093,17.5248089,0.0219679531,0,zg,327.5377818,47.2156769,0.828000009,-0.0149999997,20180925165440,770,0x8,0x2,20.1100006,26.2870407,0.0213101972,-0.0677498206,7.72367821e-06,30,1.09399998,1,386.6697921105661,discovery,0.960720401676781,19,https://irsa.ipac.caltech.edu/ibe/data/ztf/products/sci/2018/0925/165440/ztf_20180925165440_000770_zg_c08_o_q2_
770108200010694,63323221,2458387.73568692,58387.2322106,17.5280457,0.0219957121,0,zg,327.5378006,47.2156629,0.569999993,-0.0219999999,20180926232083,770,0x8,0x2,20.2099991,26.3170948,0.0203540791,-0.0721553564,7.02223679e-06,30,1.03199995,1,387.7364854668267,discovery,0.2715865971091489,5,https://irsa.ipac.caltech.edu/ibe/data/ztf/products/sci/2018/0926/232083/ztf_20180926232083_000770_zg_c08_o_q2_
770108200010694,63430577,2458388.809242714,58388.3057755,17.5214348,0.0219391119,0,zg,327.5378132,47.2156706,0.67900002,-0.0549999997,20180927305718,770,0x8,0x2,20.3400002,26.255619,0.020413084,-0.0540310889,7.18678257e-06,30,1.102,1,388.8100412338972,discovery,0.5844527033194993,11,https://irsa.ipac.caltech.edu/ibe/data/ztf/products/sci/2018/0927/305718/ztf_20180927305718_000770_zg_c08_o_q2_
770108200010694,63631149,2458390.8149403576,58390.3114931,17.5258255,0.0219766628,0,zg,327.5378122,47.215678,0.611000001,-0.0419999994,20180929311447,770,0x8,0x2,20.7299995,26.2930565,0.0163729135,-0.0712328628,4.58733666e-06,30,1.12600005,1,390.8157388274558,discovery,0.16897268409744015,3,https://irsa.ipac.caltech.edu/ibe/data/ztf/products/sci/2018/0929/311447/ztf_20180929311447_000770_zg_c08_o_q2_
770108200010694,64626166,2458400.764958127,58400.2616667,17.5371552,0.02207423,0,zg,327.5378221,47.2156861,1.05900002,0.00499999989,20181009261655,770,0x8,0x2,21.6299992,26.2498608,0.0184686463,-0.0517820008,5.87609748e-06,30,1.08200002,1,400.7657563490793,discovery,0.06870396420575275,1,https://irsa.ipac.caltech.edu/ibe/data/ztf/products/sci/2018/1009/261655/ztf_20181009261655_000770_zg_c08_o_q2_
770108200010694,67520041,2458429.7027609083,58429.2004167,17.5264816,0.0219822936,0,zg,327.5378154,47.2156947,0.931999981,-0.00700000022,20181107200405,770,0x8,0x2,21.1700001,26.2840366,0.0169255193,-0.053834565,4.94630785e-06,30,1.11199999,1,429.70355840958655,discovery,0.5020408533194285,10,https://irsa.ipac.caltech.edu/ibe/data/ztf/products/sci/2018/1107/200405/ztf_20181107200405_000770_zg_c08_o_q2_
770108200010694,67711026,2458431.6125255115,58431.1102662,17.586132,0.0225071628,0,zg,327.5377831,47.2156764,0.772000015,0.00999999978,20181109110266,770,0x8,0x2,20.3799992,26.2738037,0.0222735237,-0.0393279046,8.55287544e-06,30,1.028,1,431.6133229676634,discovery,0.05860309199516678,1,https://irsa.ipac.caltech.edu/ibe/data/ztf/products/sci/2018/1109/110266/ztf_20181109110266_000770_zg_c08_o_q2_
770108200010694,67916302,2458433.665186242,58433.1630208,17.5529747,0.0222120751,0,zg,327.5377815,47.2156815,0.869000018,0.00300000003,20181111162998,770,0x8,0x2,20.1100006,25.8188534,0.0237442106,-0.0437042937,9.71373629e-06,30,1.06500006,1,433.6659836471081,discovery,0.6568095139134016,13,https://irsa.ipac.caltech.edu/ibe/data/ztf/products/sci/2018/1111/162998/ztf_20181111162998_000770_zg_c08_o_q2_
770108200010694,68015820,2458434.660325015,58434.158206,17.539959,0.0220985208,0,zg,327.5378087,47.2156807,0.596000016,0.00800000038,20181112158160,770,0x8,0x2,20.6499996,26.2834435,0.0185656752,-0.058605358,5.97733424e-06,30,1.06200004,1,434.6611223933287,discovery,0.946822566070594,18,https://irsa.ipac.caltech.edu/ibe/data/ztf/products/sci/2018/1112/158160/ztf_20181112158160_000770_zg_c08_o_q2_
770108200010694,68118082,2458435.682892481,58435.1808218,17.5549774,0.0222296603,0,zg,327.5377568,47.2156639,0.626999974,-0.00700000022,20181113180810,770,0x8,0x2,20.3999996,26.3049431,0.0201884918,-0.0722394735,7.02547004e-06,30,1.10500002,1,435.683689837344,discovery,0.2448291572135446,4,https://irsa.ipac.caltech.edu/ibe/data/ztf/products/sci/2018/1113/180810/ztf_20181113180810_000770_zg_c08_o_q2_
770108200010694,68321781,2458437.7197851264,58437.2178125,17.5596008,0.0222703665,0,zg,327.5377789,47.2156845,0.748000026,0.0140000004,20181115217789,770,0x8,0x2,20.3899994,26.2684727,0.021726178,-0.0510578267,8.1567614e-06,30,1.22599995,1,437.7205824307166,discovery,0.8384402894942156,16,https://irsa.ipac.caltech.edu/ibe/data/ztf/products/sci/2018/1115/217789/ztf_20181115217789_000770_zg_c08_o_q2_
770108200010694,70311265,2458457.6135661197,58457.1126505,17.5412674,0.0221098829,0,zg,327.5377662,47.2157435,0.666000009,0.0170000009,20181205112639,770,0x8,0x2,20.2099991,26.3072948,0.0220242236,-0.0424893908,8.41066048e-06,30,1.08899999,1,457.6143629262224,discovery,0.6360800883248174,12,https://irsa.ipac.caltech.edu/ibe/data/ztf/products/sci/2018/1205/112639/ztf_20181205112639_000770_zg_c08_o_q2_
770108200010694,71513151,2458469.6317407712,58469.1315162,17.5382805,0.0220839735,0,zg,327.5378312,47.2156816,0.757000029,0.0350000001,20181217131470,770,0x8,0x2,20.5499992,26.2309742,0.0194220394,-0.0621746257,6.46897752e-06,30,1.23000002,1,469.6325372764841,discovery,0.13853382948795456,2,https://irsa.ipac.caltech.edu/ibe/data/ztf/products/sci/2018/1217/131470/ztf_20181217131470_000770_zg_c08_o_q2_
770108200010694,71816027,2458472.6603267007,58472.1602778,17.5371857,0.0220744982,0,zg,327.5377529,47.2156898,0.537,0.0219999999,20181220160255,770,0x8,0x2,19.6499996,26.2161274,0.0256797764,-0.0355271697,1.12921789e-05,30,1.40799999,1,472.66112313373014,discovery,0.02115389781091892,0,https://irsa.ipac.caltech.edu/ibe/data/ztf/products/sci/2018/1220/160255/ztf_20181220160255_000770_zg_c08_o_q2_
770108200010694,72813303,2458482.632508165,58482.1330324,17.5579624,0.0222559255,0,zg,327.5378205,47.2157072,0.964999974,-0.00200000009,20181230132986,770,0x8,0x2,20.0,26.236021,0.0240563005,-0.05138129,1.00520328e-05,30,1.40799999,1,482.6333043430932,discovery,0.9273443362554872,18,https://irsa.ipac.caltech.edu/ibe/data/ztf/products/sci/2018/1230/132986/ztf_20181230132986_000770_zg_c08_o_q2_
770108200010694,73313708,2458487.6362783527,58487.1370833,17.5654411,0.0223220252,0,zg,327.5378136,47.2157037,1.13,-0.0480000004,20190104137072,770,0x8,0x2,20.6499996,26.201395,0.0174846575,-0.0391939022,5.29479712e-06,30,1.52699995,1,487.6370744048618,discovery,0.3855918755233603,7,https://irsa.ipac.caltech.edu/ibe/data/ztf/products/sci/2019/0104/137072/ztf_20190104137072_000770_zg_c08_o_q2_
770108200010694,74013766,2458494.6364776334,58494.137662,17.5048542,0.0217985678,0,zg,327.53786,47.2156916,0.666000009,-0.0120000001,20190111137662,770,0x8,0x2,20.4400005,26.1352692,0.0188732166,-0.0485119112,6.06417461e-06,30,1.68700004,1,494.6372735085897,discovery,0.4256582637435429,8,https://irsa.ipac.caltech.edu/ibe/data/ztf/products/sci/2019/0111/137662/ztf_20190111137662_000770_zg_c08_o_q2_
770108200010694,86347060,2458617.968967586,58617.4706019,17.5394192,0.0220938399,0,zg,327.5377825,47.2156717,1.01800001,0.00800000038,20190514470567,770,0x8,0x2,21.5599995,26.1826057,0.018460175,-0.0678418055,5.86642545e-06,30,1.27400005,1,617.9697602293454,discovery,0.3684160348235821,7,https://irsa.ipac.caltech.edu/ibe/data/ztf/products/sci/2019/0514/470567/ztf_20190514470567_000770_zg_c08_o_q2_
770108200010694,87444435,2458628.943263299,58628.4443519,17.5642166,0.0223111752,0,zg,327.5377752,47.2156625,0.623000026,0.0109999999,20190525444352,770,0x8,0x2,20.5400009,26.1656876,0.0185213871,-0.0626415983,5.69284975e-06,30,1.25800002,1,628.9440556457266,discovery,0.5666523823347944,11,https://irsa.ipac.caltech.edu/ibe/data/ztf/products/sci/2019/0525/444352/ztf_20190525444352_000770_zg_c08_o_q2_
770108200010694,87844572,2458632.944851437,58632.4457292,17.5817814,0.0224679541,0,zg,327.537757,47.2156657,0.421000004,0.0370000005,20190529445729,770,0x8,0x2,21.2399998,26.2024136,0.0170151461,-0.0597761199,4.79393202e-06,30,1.21200001,1,632.9456436745822,discovery,0.7328342460513682,14,https://irsa.ipac.caltech.edu/ibe/data/ztf/products/sci/2019/0529/445729/ztf_20190529445729_000770_zg_c08_o_q2_
770108200010694,88046821,2458634.9674483207,58634.4682176,17.5530777,0.0222129729,0,zg,327.5377775,47.2156683,1.074,-0.0680000037,20190531468194,770,0x8,0x2,21.4899998,26.2103863,0.0175034534,-0.0841259733,5.16547743e-06,30,1.13100004,1,634.9682405046187,discovery,0.3222791673652097,6,https://irsa.ipac.caltech.edu/ibe/data/ztf/products/sci/2019/0531/468194/ztf_20190531468194_000770_zg_c08_o_q2_
770108200010694,88146406,2458635.9633470452,58635.4640625,17.5609818,0.0222825538,0,zg,327.5377888,47.215661,0.654999971,0.00700000022,20190601464051,770,0x8,0x2,21.5400009,26.2143059,0.0189852584,-0.0743740574,6.04804745e-06,30,1.13499999,1,635.9641392030753,discovery,0.6125136922248657,12,https://irsa.ipac.caltech.edu/ibe/data/ztf/products/sci/2019/0601/464051/ztf_20190601464051_000770_zg_c08_o_q2_
770108200010694,88544545,2458639.9449535026,58639.4454514,17.590559,0.0225472078,0,zg,327.5378018,47.2156563,0.54400003,-0.023,20190605445428,770,0x8,0x2,21.6900005,26.2248287,0.0185060259,-0.0774999261,5.83323981e-06,30,1.15400004,1,639.94574555289,discovery,0.7728722998900679,15,https://irsa.ipac.caltech.edu/ibe/data/ztf/products/sci/2019/0605/445428/ztf_20190605445428_000770_zg_c08_o_q2_
770108200010694,88645509,2458640.954650397,58640.4550926,17.5596123,0.0222704727,0,zg,327.5377975,47.2156536,0.759000003,0.0170000009,20190606455093,770,0x8,0x2,21.5900002,26.1996784,0.0183317065,-0.0777166858,5.75120703e-06,30,1.12399995,1,640.9554424197413,discovery,0.0671280217391299,1,https://irsa.ipac.caltech.edu/ibe/data/ztf/products/sci/2019/0606/455093/ztf_20190606455093_000770_zg_c08_o_q2_
770108200010694,89045546,2458644.955243003,58644.455463,17.5461617,0.0221524742,0,zg,327.537794,47.2156781,1.18099999,0.0710000023,20190610455451,770,0x8,0x2,21.2999992,26.2498627,0.0171869658,-0.0612530671,4.93957168e-06,30,1.10000002,1,644.9560349183157,discovery,0.233019758298596,4,https://irsa.ipac.caltech.edu/ibe/data/ztf/products/sci/2019/0610/455451/ztf_20190610455451_000770_zg_c08_o_q2_
770108200010694,89144238,2458645.9422194203,58645.4423843,17.5423546,0.0221193302,0,zg,327.5377971,47.2156627,0.68599999,-0.00899999961,20190611442350,770,0x8,0x2,21.5599995,26.2052555,0.0162809491,-0.073964946,4.44523084e-06,30,1.12199998,1,645.9430113080889,discovery,0.5206540568246041,10,https://irsa.ipac.caltech.edu/ibe/data/ztf/products/sci/2019/0611/442350/ztf_20190611442350_000770_zg_c08_o_q2_
770108200010694,89444873,2458648.948741915,58648.4487384,17.5454063,0.0221458934,0,zg,327.5378055,47.2156628,0.833000004,-0.00499999989,20190614448715,770,0x8,0x2,21.0100002,26.239193,0.0169695765,-0.0799751431,4.80730432e-06,30,1.09200001,1,648.9495337218978,discovery,0.3968441809848855,7,https://irsa.ipac.caltech.edu/ibe/data/ztf/products/sci/2019/0614/448715/ztf_20190614448715_000770_zg_c08_o_q2_
770108200010694,89939045,2458653.8907323903,58653.3904514,17.5917549,0.0225580502,0,zg,327.5377971,47.2156776,0.74000001,0.0450000018,20190619390451,770,0x8,0x2,20.4099998,26.2007351,0.0197877735,-0.0688684806,6.50943866e-06,30,1.20500004,1,653.8915240634233,discovery,0.8370872708258332,16,https://irsa.ipac.caltech.edu/ibe/data/ztf/products/sci/2019/0619/390451/ztf_20190619390451_000770_zg_c08_o_q2_
770108200010694,90347509,2458657.975602543,58657.4750926,17.5477333,0.0221661944,0,zg,327.5378104,47.215672,1.01800001,0.0700000003,20190623475058,770,0x8,0x2,20.5200005,26.2465038,0.0178554729,-0.0544318371,5.41291274e-06,30,1.03699994,1,657.9763941057026,discovery,0.027539992243958977,0,https://irsa.ipac.caltech.edu/ibe/data/ztf/products/sci/2019/0623/475058/ztf_20190623475058_000770_zg_c08_o_q2_
770108200010694,91146966,2458665.970617029,58665.4696644,17.5567055,0.022244852,0,zg,327.5378034,47.2156791,1.18900001,0.123000003,20190701469664,770,0x8,0x2,21.3500004,26.2676277,0.0168381538,-0.0613901988,4.91718083e-06,30,1.03299999,1,665.9714083741419,discovery,0.3575251313377308,7,https://irsa.ipac.caltech.edu/ibe/data/ztf/products/sci/2019/0701/469664/ztf_20190701469664_000770_zg_c08_o_q2_
770108200010694,91247233,2458666.973345334,58666.472338,17.5825844,0.022475183,0,zg,327.5378028,47.2156667,0.79400003,-0.00300000003,20190702472326,770,0x8,0x2,21.3299999,26.2666779,0.0160472561,-0.0744585767,4.46908825e-06,30,1.03299999,1,666.9741366514936,discovery,0.6497499987781126,12,https://irsa.ipac.caltech.edu/ibe/data/ztf/products/sci/2019/0702/472326/ztf_20190702472326_000770_zg_c08_o_q2_
770108200010694,91342940,2458667.93046903,58667.4294097,17.5686226,0.0223502796,0,zg,327.5378113,47.2156584,0.686999977,0.0379999988,20190703429387,770,0x8,0x2,21.6599998,26.261776,0.0157336574,-0.0672187284,4.19372782e-06,30,1.04900002,1,667.9312603208236,discovery,0.928684325964646,18,https://irsa.ipac.caltech.edu/ibe/data/ztf/products/sci/2019/0703/429387/ztf_20190703429387_000770_zg_c08_o_q2_
770108200010694,91445339,2458668.954505906,58668.4533912,17.5451374,0.0221435465,0,zg,327.5378181,47.2156665,0.615999997,-0.0130000003,20190704453391,770,0x8,0x2,21.4699993,26.2896099,0.0171111077,-0.0900724977,4.95924633e-06,30,1.03400004,1,668.9552971702069,discovery,0.2271191455704411,4,https://irsa.ipac.caltech.edu/ibe/data/ztf/products/sci/2019/0704/453391/ztf_20190704453391_000770_zg_c08_o_q2_
770108200010694,91545498,2458669.956157,58669.4549884,17.5564537,0.0222426374,0,zg,327.5377874,47.2156704,0.513000011,-0.0219999999,20190705454988,770,0x8,0x2,21.7399998,26.2621746,0.0159033295,-0.0763174221,4.31965327e-06,30,1.03299999,1,669.956948235631,discovery,0.5190300813905893,10,https://irsa.ipac.caltech.edu/ibe/data/ztf/products/sci/2019/0705/454988/ztf_20190705454988_000770_zg_c08_o_q2_
770108200010694,91935024,2458673.851618415,58673.3502431,17.5461082,0.0221520141,0,zg,327.537789,47.2156715,0.324000001,0.00300000003,20190709350220,770,0x8,0x2,21.7299995,26.2550068,0.0166303106,-0.0725602731,4.69947736e-06,30,1.16100001,1,673.8524095453322,discovery,0.6542834601554048,13,https://irsa.ipac.caltech.edu/ibe/data/ztf/products/sci/2019/0709/350220/ztf_20190709350220_000770_zg_c08_o_q2_
770108200010694,93246640,2458686.968429055,58686.4664005,17.5538406,0.0222196709,0,zg,327.5378121,47.2156647,0.532999992,-0.0359999985,20190722466400,770,0x8,0x2,20.7999992,26.2177105,0.0184033755,-0.0932173729,5.75500098e-06,30,1.06599998,1,686.9692198284902,discovery,0.4769124143919825,9,https://irsa.ipac.caltech.edu/ibe/data/ztf/products/sci/2019/0722/466400/ztf_20190722466400_000770_zg_c08_o_q2_
770108200010694,93630733,2458690.8095422806,58690.307338,17.5450802,0.0221430454,0,zg,327.537794,47.215663,0.598999977,-0.0350000001,20190726307315,770,0x8,0x2,21.6100006,26.1635094,0.0155788669,-0.0837358385,4.05778565e-06,30,1.15100002,1,690.8103329488076,discovery,0.5963271130307817,11,https://irsa.ipac.caltech.edu/ibe/data/ztf/products/sci/2019/0726/307315/ztf_20190726307315_000770_zg_c08_o_q2_
770108200010694,93932071,2458693.8230539034,58693.3207176,17.5540771,0.0222217441,0,zg,327.5377853,47.2156659,0.800000012,-0.0260000005,20190729320694,770,0x8,0x2,21.5599995,26.224781,0.0174701139,-0.0655354038,5.14669728e-06,30,1.102,1,693.8238444896415,discovery,0.47455407684596196,9,https://irsa.ipac.caltech.edu/ibe/data/ztf/products/sci/2019/0729/320694/ztf_20190729320694_000770_zg_c08_o_q2_
770108200010694,94543376,2458699.9363482706,58699.4337616,17.5634613,0.0223044828,0,zg,327.5378052,47.2156554,0.344000012,0.00600000005,20190804433762,770,0x8,0x2,21.4899998,26.2081566,0.0162421279,-0.0765122771,4.41805878e-06,30,1.06900001,1,699.9371386906132,discovery,0.2561499766057338,5,https://irsa.ipac.caltech.edu/ibe/data/ztf/products/sci/2019/0804/433762/ztf_20190804433762_000770_zg_c08_o_q2_
770108200010694,95547000,2458709.9729409083,58709.47,17.5754356,0.0224110391,0,zg,327.5378214,47.2156689,0.647000015,0.064000003,20190814469965,770,0x8,0x2,20.2399998,26.1923676,0.0190740731,-0.0423581339,6.02315913e-06,30,1.21899998,1,709.9737310567871,discovery,0.18111174342097058,3,https://irsa.ipac.caltech.edu/ibe/data/ztf/products/sci/2019/0814/469965/ztf_20190814469965_000770_zg_c08_o_q2_
770108200010694,97339497,2458727.8983485163,58727.3949769,17.5348282,0.0220541134,0,zg,327.5378048,47.2156683,0.425999999,0.0250000004,20190901394965,770,0x8,0x2,21.3999996,26.1527081,0.0165698659,-0.0572801605,4.61085347e-06,30,1.14100003,3,727.8991381786764,discovery,0.4051089501652996,8,https://irsa.ipac.caltech.edu/ibe/data/ztf/products/sci/2019/0901/394965/ztf_20190901394965_000770_zg_c08_o_q2_
770108200010694,97830748,2458732.810927922,58732.3074884,17.5679169,0.0223440044,0,zg,327.5378009,47.2156621,0.940999985,0.0529999994,20190906307488,770,0x8,0x2,21.3400002,26.2040958,0.0172552578,-0.0720971525,5.05429125e-06,30,1.03699994,3,732.8117174506187,discovery,0.8367807788736599,16,https://irsa.ipac.caltech.edu/ibe/data/ztf/products/sci/2019/0906/307488/ztf_20190906307488_000770_zg_c08_o_q2_
770108200010694,97932282,2458733.826274819,58733.3228241,17.5516396,0.0222003683,0,zg,327.537813,47.2156733,0.367000014,-0.0199999996,20190907322789,770,0x8,0x2,21.25,26.2286377,0.0174352694,-0.0747402906,5.10111659e-06,30,1.04900002,3,733.8270643213764,discovery,0.13268308004022344,2,https://irsa.ipac.caltech.edu/ibe/data/ztf/products/sci/2019/0907/322789/ztf_20190907322789_000770_zg_c08_o_q2_
770108200010694,97932373,2458733.827189129,58733.3237384,17.5487785,0.0221753307,0,zg,327.5377971,47.2156667,0.519999981,-0.0469999984,20190907323727,770,0x8,0x2,21.0900002,26.2157612,0.0175391436,-0.0534556061,5.17119543e-06,30,1.04999995,1,733.8279786305502,discovery,0.13294953694899192,2,https://irsa.ipac.caltech.edu/ibe/data/ztf/products/sci/2019/0907/323727/ztf_20190907323727_000770_zg_c08_o_q2_
770108200010694,98140928,2458735.9127530283,58735.4092824,17.6027603,0.022658363,0,zg,327.5378409,47.2156659,0.717999995,0.00600000005,20190909409259,770,0x8,0x2,21.2999992,26.1820259,0.0180433523,-0.0849149078,5.49807783e-06,30,1.25800002,3,735.9135424727574,discovery,0.7407449198986527,14,https://irsa.ipac.caltech.edu/ibe/data/ztf/products/sci/2019/0909/409259/ztf_20190909409259_000770_zg_c08_o_q2_
770108200010694,98217096,2458736.67495834,58736.1709606,17.5592823,0.0222675595,0,zg,327.5377934,47.2156784,0.782000005,0.0399999991,20190910170926,770,0x8,0x2,20.8700008,27.7128658,0.0164145157,-0.0611002184,4.50425296e-06,120,1.18200004,2,736.6757477698848,discovery,0.9628742314442107,19,https://irsa.ipac.caltech.edu/ibe/data/ztf/products/sci/2019/0910/170926/ztf_20190910170926_000770_zg_c08_o_q2_
770108200010694,98423804,2458738.7415351057,58738.238044,17.5353546,0.0220586639,0,zg,327.5377738,47.2156633,0.389999986,0.0140000004,20190912238044,770,0x8,0x2,20.0100002,26.2169952,0.0210699383,-0.0579892695,7.47433978e-06,30,1.04700005,3,738.7423244747333,discovery,0.5651361973924622,11,https://irsa.ipac.caltech.edu/ibe/data/ztf/products/sci/2019/0912/238044/ztf_20190912238044_000770_zg_c08_o_q2_
770108200010694,98523748,2458739.740984894,58739.2374884,17.6082363,0.0227086283,0,zg,327.5377827,47.2156505,0.725000024,0.0500000007,20190913237477,770,0x8,0x2,20.2600002,26.2093525,0.0207639299,-0.0566351265,7.27471206e-06,30,1.04499996,3,739.7417742344551,discovery,0.8564056072064261,17,https://irsa.ipac.caltech.edu/ibe/data/ztf/products/sci/2019/0913/237477/ztf_20190913237477_000770_zg_c08_o_q2_
770108200010694,98623776,2458740.7412671247,58740.2377662,17.557188,0.0222491007,0,zg,327.5377955,47.2156477,0.596000016,0.0670000017,20190914237766,770,0x8,0x2,20.0300007,26.1711655,0.0211076476,-0.0573749244,7.36713127e-06,30,1.04299998,3,740.7420564382337,discovery,0.14791761599726527,2,https://irsa.ipac.caltech.edu/ibe/data/ztf/products/sci/2019/0914/237766/ztf_20190914237766_000770_zg_c08_o_q2_
770108200010694,98723782,2458741.7413284904,58741.2378241,17.5302658,0.0220147893,0,zg,327.5378033,47.215669,0.526000023,-0.0130000003,20190915237824,770,0x8,0x2,20.1100006,26.1899223,0.0210747682,-0.0571381152,7.35493268e-06,30,1.04100001,3,741.7421177779324,discovery,0.439365258420942,8,https://irsa.ipac.caltech.edu/ibe/data/ztf/products/sci/2019/0915/237824/ztf_20190915237824_000770_zg_c08_o_q2_
770108200010694,98919407,2458743.697582475,58743.1940741,17.5579929,0.02225619,0,zg,327.5378072,47.215662,0.365999997,0.0140000004,20190917194062,770,0x8,0x2,20.5200005,26.1145821,0.018806424,-0.0641829371,5.86870192e-06,30,1.08399999,1,743.6983717088588,discovery,0.00947588415743894,0,https://irsa.ipac.caltech.edu/ibe/data/ztf/products/sci/2019/0917/194062/ztf_20190917194062_000770_zg_c08_o_q2_
770108200010694,98924722,2458743.750730638,58743.2472222,17.5456772,0.0221482515,0,zg,327.537798,47.2156742,0.824000001,-0.0410000011,20190917247222,770,0x8,0x2,20.2099991,26.1654835,0.0200680662,-0.0542559922,6.762476e-06,30,1.03499997,3,743.7515198718756,discovery,0.02496484087991746,0,https://irsa.ipac.caltech.edu/ibe/data/ztf/products/sci/2019/0917/247222/ztf_20190917247222_000770_zg_c08_o_q2_
770108200010694,99019306,2458744.6965760854,58744.1930671,17.5700569,0.0223630387,0,zg,327.5378034,47.2156648,0.823000014,0.0350000001,20190918193067,770,0x8,0x2,20.8999996,26.2088242,0.016716307,-0.0742586702,4.70486202e-06,30,1.08200002,1,744.6973652928136,discovery,0.30061235077430837,6,https://irsa.ipac.caltech.edu/ibe/data/ztf/products/sci/2019/0918/193067/ztf_20190918193067_000770_zg_c08_o_q2_
770108200010694,99024760,2458744.751113198,58744.2476042,17.54603,0.0221513286,0,zg,327.5378156,47.2156626,0.783999979,0.0260000005,20190918247604,770,0x8,0x2,20.6000004,26.2128677,0.0171243977,-0.0671793073,4.98824284e-06,30,1.03400004,3,744.7519024037756,discovery,0.31650608827170146,6,https://irsa.ipac.caltech.edu/ibe/data/ztf/products/sci/2019/0918/247604/ztf_20190918247604_000770_zg_c08_o_q2_
770108200010694,99119318,2458745.696691528,58745.1931829,17.5638599,0.0223080181,0,zg,327.537781,47.2156613,0.883000016,0.0250000004,20190919193183,770,0x8,0x2,21.3299999,26.2235641,0.0164097622,-0.0737995356,4.52685163e-06,30,1.07700002,1,745.6974807088263,discovery,0.5920757526455205,11,https://irsa.ipac.caltech.edu/ibe/data/ztf/products/sci/2019/0919/193183/ztf_20190919193183_000770_zg_c08_o_q2_
770108200010694,99123804,2458745.7415525955,58745.238044,17.5521412,0.0222047549,0,zg,327.5377893,47.2156618,0.565999985,0.0109999999,20190919238044,770,0x8,0x2,20.9500008,26.2170677,0.0170301981,-0.0629849061,4.95652239e-06,30,1.03600001,3,745.7423417749815,discovery,0.6051496026670264,12,https://irsa.ipac.caltech.edu/ibe/data/ztf/products/sci/2019/0919/238044/ztf_20190919238044_000770_zg_c08_o_q2_
770108200010694,99319307,2458747.6965837013,58747.1930787,17.5492058,0.0221790615,0,zg,327.5377888,47.2156612,0.550000012,0.00800000038,20190921193079,770,0x8,0x2,21.2199993,26.1579514,0.0179666337,-0.0508574955,5.4710481e-06,30,1.07000005,1,747.6973728276789,discovery,0.17490384528717584,3,https://irsa.ipac.caltech.edu/ibe/data/ztf/products/sci/2019/0921/193079/ztf_20190921193079_000770_zg_c08_o_q2_
770108200010694,99324614,2458747.749650656,58747.2461458,17.5463371,0.0221540127,0,zg,327.5378104,47.2156741,1.58099997,0.137999997,20190921246134,770,0x8,0x2,21.1900005,26.1942024,0.0179579202,-0.0554756001,5.44306658e-06,30,1.03299999,3,747.7504397816956,discovery,0.1903691352897141,3,https://irsa.ipac.caltech.edu/ibe/data/ztf/products/sci/2019/0921/246134/ztf_20190921246134_000770_zg_c08_o_q2_
770108200010694,99419194,2458748.6954461336,58748.1919444,17.5397072,0.0220963415,0,zg,327.5377925,47.2156505,0.810000002,0.0329999998,20190922191944,770,0x8,0x2,20.5799999,26.0385208,0.0280479193,-0.0479448698,1.30945182e-05,30,1.06700003,1,748.6962352325208,discovery,0.4660020824058293,9,https://irsa.ipac.caltech.edu/ibe/data/ztf/products/sci/2019/0922/191944/ztf_20190922191944_000770_zg_c08_o_q2_
770108200010694,99424736,2458748.7508626264,58748.2473611,17.5505676,0.0221909713,0,zg,327.5377788,47.2156662,0.556999981,-0.00800000038,20190922247361,770,0x8,0x2,21.2700005,26.1956081,0.0194829032,-0.0721842721,6.32921137e-06,30,1.03299999,3,748.7516517252661,discovery,0.48215209793074365,9,https://irsa.ipac.caltech.edu/ibe/data/ztf/products/sci/2019/0922/247361/ztf_20190922247361_000770_zg_c08_o_q2_
770108200010694,99519372,2458749.6972243786,58749.1937269,17.5953827,0.0225910079,0,zg,327.5377762,47.215671,0.138999999,0.00499999989,20190923193727,770,0x8,0x2,21.2800007,26.1693077,0.0173022822,-0.0547273904,5.075216e-06,30,1.06200004,1,749.6980134523474,discovery,0.7579500748037589,15,https://irsa.ipac.caltech.edu/ibe/data/ztf/products/sci/2019/0923/193727/ztf_20190923193727_000770_zg_c08_o_q2_
770108200010694,99524718,2458749.750684729,58749.2471875,17.5645027,0.0223137103,0,zg,327.5377981,47.2156495,0.90200001,0.0240000002,20190923247188,770,0x8,0x2,21.4899998,26.1884937,0.0172331203,-0.0707857162,5.01770137e-06,30,1.03299999,3,749.7514737993479,discovery,0.7735300112315997,15,https://irsa.ipac.caltech.edu/ibe/data/ztf/products/sci/2019/0923/247188/ztf_20190923247188_000770_zg_c08_o_q2_
770108200010694,99623781,2458750.741304509,58750.2378125,17.5393524,0.0220932607,0,zg,327.5378071,47.2156608,1.00899994,-0.0250000004,20190924237812,770,0x8,0x2,21.0,26.1612167,0.0188298672,-0.0660805851,5.97312692e-06,30,1.03299999,3,750.7420935528353,discovery,0.06222609439306126,1,https://irsa.ipac.caltech.edu/ibe/data/ztf/products/sci/2019/0924/237812/ztf_20190924237812_000770_zg_c08_o_q2_
770108200010694,99624751,2458750.7510035504,58750.2475116,17.5456104,0.0221476685,0,zg,327.5377764,47.2156781,0.765999973,0.0480000004,20190924247512,770,0x8,0x2,21.0,26.1424732,0.0196000617,-0.0478389598,6.48110017e-06,30,1.03400004,3,750.7517925961874,discovery,0.06505268432963618,1,https://irsa.ipac.caltech.edu/ibe/data/ztf/products/sci/2019/0924/247512/ztf_20190924247512_000770_zg_c08_o_q2_
770108200010694,99719165,2458751.6951411753,58751.1916551,17.5240402,0.0219613817,0,zg,327.5377855,47.215657,0.601000011,0.0430000015,20190925191655,770,0x8,0x2,21.2199993,26.167532,0.0181034952,-0.0701401383,5.52469646e-06,30,1.05799997,1,751.6959301941097,discovery,0.34020248376181783,6,https://irsa.ipac.caltech.edu/ibe/data/ztf/products/sci/2019/0925/191655/ztf_20190925191655_000770_zg_c08_o_q2_
770108200010694,99724728,2458751.7507658047,58751.2472801,17.573719,0.0223956946,0,zg,327.5378245,47.2156633,0.421999991,0.00700000022,20190925247280,770,0x8,0x2,20.9300003,26.1576271,0.0277144089,-0.0638242289,1.30565022e-05,30,1.03400004,3,751.7515548206866,discovery,0.35641315568062026,7,https://irsa.ipac.caltech.edu/ibe/data/ztf/products/sci/2019/0925/247280/ztf_20190925247280_000770_zg_c08_o_q2_
770108200010694,100023682,2458754.740289909,58754.2368287,17.5704269,0.0223663412,0,zg,327.5377987,47.2156685,0.432000011,0.0610000007,20190928236829,770,0x8,0x2,21.2299995,26.2265644,0.0179045815,-0.0656468719,5.42518137e-06,30,1.03400004,3,754.7410788456909,discovery,0.22764944336566373,4,https://irsa.ipac.caltech.edu/ibe/data/ztf/products/sci/2019/0928/236829/ztf_20190928236829_000770_zg_c08_o_q2_
770108200010694,100424197,2458758.745393998,58758.2419792,17.5631905,0.0223020855,0,zg,327.5377941,47.2156617,0.713999987,-0.0149999997,20191002241968,770,0x8,0x2,21.3700008,26.2031593,0.0167739894,-0.059438467,4.80123754e-06,30,1.03999996,3,758.746182827279,discovery,0.39485596036505655,7,https://irsa.ipac.caltech.edu/ibe/data/ztf/products/sci/2019/1002/241968/ztf_20191002241968_000770_zg_c08_o_q2_
770108200010694,100425170,2458758.7551160655,58758.2517014,17.5532265,0.0222142823,0,zg,327.5378144,47.2156603,0.68599999,-0.0149999997,20191002251690,770,0x8,0x2,21.2600002,26.2121773,0.0167709533,-0.0632252917,4.79691835e-06,30,1.04700005,3,758.7559048929252,discovery,0.3976892596834034,7,https://irsa.ipac.caltech.edu/ibe/data/ztf/products/sci/2019/1002/251690/ztf_20191002251690_000770_zg_c08_o_q2_
770108200010694,100525098,2458759.754384469,58759.2509838,17.5784607,0.0224381369,0,zg,327.537775,47.215663,0.81400001,0.050999999,20191003250972,770,0x8,0x2,21.1700001,26.2001743,0.0179102123,-0.0496782698,5.56260102e-06,30,1.04799998,3,759.7551732715219,discovery,0.6889058096385128,13,https://irsa.ipac.caltech.edu/ibe/data/ztf/products/sci/2019/1003/250972/ztf_20191003250972_000770_zg_c08_o_q2_
770108200010694,100623810,2458760.7414878127,58760.2381019,17.5640049,0.0223092958,0,zg,327.5377845,47.2156668,0.688000023,0.0299999993,20191004238090,770,0x8,0x2,21.25,26.2280407,0.0188490506,-0.0662555844,6.00568092e-06,30,1.04100001,3,760.7422765889205,discovery,0.9765770986527151,19,https://irsa.ipac.caltech.edu/ibe/data/ztf/products/sci/2019/1004/238090/ztf_20191004238090_000770_zg_c08_o_q2_
770108200010694,100624782,2458760.7512098607,58760.2478241,17.5571079,0.0222483966,0,zg,327.537777,47.215657,0.828000009,0.0460000001,20191004247813,770,0x8,0x2,21.1000004,26.2130413,0.0168655664,-0.0520963073,4.7459157e-06,30,1.04799998,3,760.7519986364059,discovery,0.9794103926784672,19,https://irsa.ipac.caltech.edu/ibe/data/ztf/products/sci/2019/1004/247813/ztf_20191004247813_000770_zg_c08_o_q2_
770108200010694,100719149,2458761.6948638847,58761.1914931,17.5497055,0.0221834294,0,zg,327.5378058,47.2156778,0.542999983,0.0149999997,20191005191493,770,0x8,0x2,20.8299999,26.2114239,0.0175388996,-0.056995105,5.17872468e-06,30,1.03699994,1,761.6956526343711,discovery,0.2544192566882195,5,https://irsa.ipac.caltech.edu/ibe/data/ztf/products/sci/2019/1005/191493/ztf_20191005191493_000770_zg_c08_o_q2_
770108200010694,100723702,2458761.7403955366,58761.2370255,17.5176716,0.0219070353,0,zg,327.5377968,47.2156631,1.00100005,0.0610000007,20191005237014,770,0x8,0x2,20.9500008,26.2062969,0.0176989734,-0.0619747117,5.29245335e-06,30,1.04200006,3,761.7411842849106,discovery,0.2676885349600795,5,https://irsa.ipac.caltech.edu/ibe/data/ztf/products/sci/2019/1005/237014/ztf_20191005237014_000770_zg_c08_o_q2_
770108200010694,100919202,2458763.695361745,58763.1920255,17.564064,0.0223098248,0,zg,327.5377728,47.2156742,0.769999981,-0.0340000018,20191007192025,770,0x8,0x2,20.8299999,26.2029419,0.0183343571,-0.059038803,5.63020512e-06,30,1.03499997,1,763.6961504425853,discovery,0.8374238652389501,16,https://irsa.ipac.caltech.edu/ibe/data/ztf/products/sci/2019/1007/192025/ztf_20191007192025_000770_zg_c08_o_q2_
770108200010694,100923797,2458763.7413099045,58763.2379745,17.5652142,0.0223200172,0,zg,327.537806,47.2156527,0.674000025,-0.00600000005,20191007237951,770,0x8,0x2,20.6900005,26.2212734,0.0172440708,-0.0668608621,5.01585509e-06,30,1.04700005,3,763.7420985978097,discovery,0.8508145253737354,17,https://irsa.ipac.caltech.edu/ibe/data/ztf/products/sci/2019/1007/237951/ztf_20191007237951_000770_zg_c08_o_q2_
770108200010694,100924770,2458763.7510435227,58763.2477083,17.5664215,0.0223307293,0,zg,327.5377874,47.2156625,0.772000015,-0.00700000022,20191007247697,770,0x8,0x2,20.5499992,26.1955624,0.0194508303,-0.0489307158,6.31695457e-06,30,1.05599999,3,763.7518322174437,discovery,0.8536511918680638,17,https://irsa.ipac.caltech.edu/ibe/data/ztf/products/sci/2019/1007/247697/ztf_20191007247697_000770_zg_c08_o_q2_
770108200010694,103122523,2458785.7279506684,58785.2252315,17.5613441,0.0222857557,0,zg,327.537808,47.2156632,0.940999985,-0.0209999997,20191029225185,770,0x8,0x2,21.2199993,26.1993866,0.019738771,-0.0848565772,6.6913808e-06,30,1.11500001,1,785.7287387745455,discovery,0.25837593181474006,5,https://irsa.ipac.caltech.edu/ibe/data/ztf/products/sci/2019/1029/225185/ztf_20191029225185_000770_zg_c08_o_q2_
770108200010694,103719228,2458791.694763812,58791.1922801,17.5554886,0.0222341437,0,zg,327.5378185,47.2156693,0.95599997,0.00200000009,20191104192083,770,0x8,0x2,20.9699993,26.1974831,0.0191265121,-0.0691373572,6.19909224e-06,30,1.08399999,1,791.6955517590977,discovery,0.9972828449192832,19,https://irsa.ipac.caltech.edu/ibe/data/ztf/products/sci/2019/1104/192083/ztf_20191104192083_000770_zg_c08_o_q2_
770108200010694,103916195,2458793.6643564138,58793.161956,17.560482,0.022278145,0,zg,327.5377976,47.2156537,1.03299999,0.0,20191106161956,770,0x8,0x2,20.7299995,26.1936455,0.019659536,-0.0765081421,6.50626862e-06,30,1.05200005,1,793.6651443098672,discovery,0.5712807415182191,11,https://irsa.ipac.caltech.edu/ibe/data/ztf/products/sci/2019/1106/161956/ztf_20191106161956_000770_zg_c08_o_q2_
770108200010694,104016310,2458794.665458965,58794.1631019,17.5748501,0.0224058051,0,zg,327.5378131,47.2156666,0.691999972,0.0500000007,20191107163102,770,0x8,0x2,20.6800003,26.1791363,0.0191399511,-0.0600332022,6.20296578e-06,30,1.05599999,1,794.666246834211,discovery,0.8630318161396069,17,https://irsa.ipac.caltech.edu/ibe/data/ztf/products/sci/2019/1107/163102/ztf_20191107163102_000770_zg_c08_o_q2_
770108200010694,104115172,2458795.654038112,58795.1517245,17.5529366,0.0222117398,0,zg,327.5378045,47.2156567,0.749000013,0.0209999997,20191108151725,770,0x8,0x2,20.4400005,26.210062,0.0184223838,-0.0740354657,5.73542002e-06,30,1.04700005,1,795.6548259556293,discovery,0.15113319837424655,3,https://irsa.ipac.caltech.edu/ibe/data/ztf/products/sci/2019/1108/151725/ztf_20191108151725_000770_zg_c08_o_q2_
770108200010694,104215622,2458796.658495709,58796.1562269,17.4977608,0.0217390582,0,zg,327.5377766,47.2156566,0.653999984,0.0469999984,20191109156215,770,0x8,0x2,20.25,26.2226963,0.0188910794,-0.0727574527,5.93987033e-06,30,1.05400002,1,796.6592835276388,discovery,0.4438620337524277,8,https://irsa.ipac.caltech.edu/ibe/data/ztf/products/sci/2019/1109/156215/ztf_20191109156215_000770_zg_c08_o_q2_
770108200010694,104314251,2458797.644735804,58797.1425116,17.5597019,0.0222712606,0,zg,327.5377922,47.2156576,0.546000004,0.0120000001,20191110142384,770,0x8,0x2,20.3500004,26.1909218,0.0211344901,-0.0785759911,7.58621172e-06,30,1.04499996,1,797.645523595158,discovery,0.7312817460561156,14,https://irsa.ipac.caltech.edu/ibe/data/ztf/products/sci/2019/1110/142384/ztf_20191110142384_000770_zg_c08_o_q2_
770108200010694,104316466,2458797.6668875893,58797.1646644,17.5434666,0.0221290011,0,zg,327.5378129,47.2156704,0.428000003,0.00400000019,20191110164664,770,0x8,0x2,20.2600002,26.193573,0.0214267578,-0.0723260492,7.76869547e-06,30,1.06700003,1,797.667675379198,discovery,0.7377374353000263,14,https://irsa.ipac.caltech.edu/ibe/data/ztf/products/sci/2019/1110/164664/ztf_20191110164664_000770_zg_c08_o_q2_
770108200010694,104416112,2458798.6633001924,58798.1611227,17.5706997,0.0223687626,0,zg,327.5377898,47.2156713,0.907000005,-0.0460000001,20191111161111,770,0x8,0x2,20.0799999,26.2106857,0.0220420603,-0.0739130229,8.27919848e-06,30,1.06599998,1,798.6640879572369,discovery,0.0281217199662116,0,https://irsa.ipac.caltech.edu/ibe/data/ztf/products/sci/2019/1111/161111/ztf_20191111161111_000770_zg_c08_o_q2_
770108200010694,105709418,2458811.5957243205,58811.0941898,17.5758743,0.0224149637,0,zg,327.5377965,47.2156705,0.646000028,0.0390000008,20191124094155,770,0x8,0x2,21.0,26.1822109,0.0219067074,-0.0690287873,8.27902295e-06,30,1.03799999,1,811.5965117444284,discovery,0.7970149607910741,15,https://irsa.ipac.caltech.edu/ibe/data/ztf/products/sci/2019/1124/094155/ztf_20191124094155_000770_zg_c08_o_q2_
770108200010694,107712806,2458831.6284808856,58831.1280671,17.5876122,0.0225205384,0,zg,327.5378168,47.2156655,0.574000001,-0.0109999999,20191214128021,770,0x8,0x2,20.0200005,26.3339901,0.0209567752,-0.067036882,7.46513388e-06,30,1.19000006,1,831.6292677861638,discovery,0.6351563705682395,12,https://irsa.ipac.caltech.edu/ibe/data/ztf/products/sci/2019/1214/128021/ztf_20191214128021_000770_zg_c08_o_q2_
770108200010694,110209343,2458856.592430001,58856.0934375,17.5783463,0.0224371105,0,zg,327.5378258,47.215676,0.467000008,0.0350000001,20200108093426,770,0x8,0x2,20.4400005,26.2732315,0.0196014941,-0.0589940436,6.51665096e-06,30,1.32299995,1,856.5932162576355,discovery,0.9103940372780548,18,https://irsa.ipac.caltech.edu/ibe/data/ztf/products/sci/2020/0108/093426/ztf_20200108093426_000770_zg_c08_o_q2_
770108200010694,111911432,2458873.612466092,58873.1143287,17.5626259,0.0222970955,0,zg,327.5378281,47.2156747,1.375,-0.0109999999,20200125114329,770,0x8,0x2,20.3700008,26.146904,0.0214904565,-0.0488142259,7.64760898e-06,30,1.83399999,1,873.6132519147359,discovery,0.8705390497060965,17,https://irsa.ipac.caltech.edu/ibe/data/ztf/products/sci/2020/0125/114329/ztf_20200125114329_000770_zg_c08_o_q2_
770108200010694,121744690,2458971.944779249,58971.4469097,17.5553474,0.0222329069,0,zg,327.5377924,47.2156703,1.08500004,0.0710000023,20200502446806,770,0x8,0x2,21.1800003,26.2481728,0.0171900988,-0.0721583888,5.00699343e-06,30,1.602,1,971.9455625889824,discovery,0.5275013603528009,10,https://irsa.ipac.caltech.edu/ibe/data/ztf/products/sci/2020/0502/446806/ztf_20200502446806_000770_zg_c08_o_q2_
770108200010694,122146674,2458975.964785254,58975.4667477,17.5868721,0.0225138459,0,zg,327.5377585,47.215663,0.469999999,0.0289999992,20200506466736,770,0x8,0x2,20.0,26.3062973,0.0210227259,-0.0645784661,7.51791731e-06,30,1.38999999,1,975.9655684903264,discovery,0.6990507403427486,13,https://irsa.ipac.caltech.edu/ibe/data/ztf/products/sci/2020/0506/466736/ztf_20200506466736_000770_zg_c08_o_q2_
770108200010694,123243593,2458986.9344813656,58986.4359375,17.5924492,0.0225643441,0,zg,327.5377662,47.2156549,0.808000028,0.0250000004,20200517435926,770,0x8,0x2,21.4699993,26.2749157,0.0186358634,-0.0600220375,5.8865412e-06,30,1.39400005,1,986.935264325235,discovery,0.8959466329007384,17,https://irsa.ipac.caltech.edu/ibe/data/ztf/products/sci/2020/0517/435926/ztf_20200517435926_000770_zg_c08_o_q2_
770108200010694,123847094,2458992.9697967963,58992.4709491,17.5649109,0.0223173238,0,zg,327.5378093,47.2156523,0.360000014,0.0320000015,20200523470949,770,0x8,0x2,21.4400005,26.3233147,0.0174937099,-0.077592656,5.18348998e-06,30,1.17700005,1,992.9705796069466,discovery,0.65481715445123,13,https://irsa.ipac.caltech.edu/ibe/data/ztf/products/sci/2020/0523/470949/ztf_20200523470949_000770_zg_c08_o_q2_
770108200010694,124134634,2458995.8453400284,58995.3463426,17.5386314,0.0220870189,0,zg,327.5377677,47.2156438,0.68599999,-0.0529999994,20200526346343,770,0x8,0x2,20.9599991,26.1542015,0.0196371581,-0.0351397023,6.40270582e-06,30,1.97500002,1,995.8461227635852,discovery,0.49283602431607676,9,https://irsa.ipac.caltech.edu/ibe/data/ztf/products/sci/2020/0526/346343/ztf_20200526346343_000770_zg_c08_o_q2_
770108200010694,124445496,2458998.9541278556,58998.4549653,17.5533752,0.022215588,0,zg,327.5377921,47.2156479,1.15199995,0.063000001,20200529454965,770,0x8,0x2,21.6599998,26.3124199,0.0178902801,-0.0762708411,5.42846146e-06,30,1.176,1,998.9549105139448,discovery,0.3988293115986963,7,https://irsa.ipac.caltech.edu/ibe/data/ztf/products/sci/2020/0529/454965/ztf_20200529454965_000770_zg_c08_o_q2_
770108200010694,127134682,2459025.8474845155,59025.3468287,17.5616112,0.0222881157,0,zg,327.5378002,47.2156655,0.70599997,0.0340000018,20200625346829,770,0x8,0x2,21.2099991,26.0987797,0.0181760173,-0.0748985633,5.51175253e-06,30,1.30499995,1,1025.8482665023766,discovery,0.23635375989928065,4,https://irsa.ipac.caltech.edu/ibe/data/ztf/products/sci/2020/0625/346829/ztf_20200625346829_000770_zg_c08_o_q2_
770108200010694,127439524,2459028.8960677586,59028.3952431,17.5697441,0.0223602578,0,zg,327.537816,47.2156668,0.426999986,-0.00300000003,20200628395243,770,0x8,0x2,21.2600002,26.2727165,0.0170991067,-0.0487938039,4.89547438e-06,30,1.11899996,1,1028.8968496704474,discovery,0.12480163984070458,2,https://irsa.ipac.caltech.edu/ibe/data/ztf/products/sci/2020/0628/395243/ztf_20200628395243_000770_zg_c08_o_q2_
770108200010694,127734798,2459031.848972598,59031.3479861,17.5734196,0.0223930236,0,zg,327.5377989,47.2156428,0.633000016,0.0189999994,20200701347986,770,0x8,0x2,20.7800007,26.2755871,0.0168126952,-0.0658479333,4.86403951e-06,30,1.23199999,1,1031.8497544345446,discovery,0.9853659848808007,19,https://irsa.ipac.caltech.edu/ibe/data/ztf/products/sci/2020/0701/347986/ztf_20200701347986_000770_zg_c08_o_q2_
770108200010694,128937439,2459043.8760191356,59043.3743981,17.5675621,0.0223408472,0,zg,327.5378028,47.2156521,0.528999984,0.0179999992,20200713374387,770,0x8,0x2,21.4099998,26.3480377,0.0167225599,-0.086772956,4.69084944e-06,30,1.08099997,1,1043.876800676342,discovery,0.4904052593200561,9,https://irsa.ipac.caltech.edu/ibe/data/ztf/products/sci/2020/0713/374387/ztf_20200713374387_000770_zg_c08_o_q2_
770108200010694,129237038,2459046.872152899,59046.3703819,17.5717735,0.0223783329,0,zg,327.5377961,47.2156609,0.226999998,-0.00100000005,20200716370370,770,0x8,0x2,21.6700001,26.3921719,0.0168059226,-0.0785480365,4.75583374e-06,30,1.07500005,1,1046.8729343665764,discovery,0.3635678001977709,7,https://irsa.ipac.caltech.edu/ibe/data/ztf/products/sci/2020/0716/370370/ztf_20200716370370_000770_zg_c08_o_q2_
770108200010694,129544597,2459049.9478929588,59049.4459722,17.5435066,0.0221293438,0,zg,327.5378107,47.2156549,0.791999996,0.0659999996,20200719445822,770,0x8,0x2,21.6200008,26.3946037,0.0175114572,-0.078476578,5.22421715e-06,30,1.04100001,1,1049.9486743514426,discovery,0.25992998490890074,5,https://irsa.ipac.caltech.edu/ibe/data/ztf/products/sci/2020/0719/445822/ztf_20200719445822_000770_zg_c08_o_q2_
770108200010694,129844451,2459052.9465761706,59052.4445139,17.5813446,0.0224640314,0,zg,327.5378114,47.2156579,0.791000009,-0.00800000038,20200722444514,770,0x8,0x2,21.8199997,26.3988495,0.0180300828,-0.0926717743,5.45183866e-06,30,1.04499996,1,1052.9473574906588,discovery,0.13383551110737102,2,https://irsa.ipac.caltech.edu/ibe/data/ztf/products/sci/2020/0722/444514/ztf_20200722444514_000770_zg_c08_o_q2_
770108200010694,130539892,2459059.9012949057,59059.3989236,17.5659676,0.0223266985,0,zg,327.5377936,47.2156471,0.816999972,-0.0680000037,20200729398924,770,0x8,0x2,21.4500008,26.39744,0.0174705014,-0.083830297,5.13719169e-06,30,1.03299999,1,1059.9020760552958,discovery,0.16064751645318864,3,https://irsa.ipac.caltech.edu/ibe/data/ztf/products/sci/2020/0729/398924/ztf_20200729398924_000770_zg_c08_o_q2_
770108200010694,130635100,2459060.853418253,59060.3510069,17.5365734,0.0220691971,0,zg,327.5378012,47.2156486,1.05599999,0.0920000002,20200730350995,770,0x8,0x2,21.0100002,26.3670197,0.0187522359,-0.0839897767,5.89905267e-06,30,1.05200005,1,1060.8541993801482,discovery,0.4381245944176513,8,https://irsa.ipac.caltech.edu/ibe/data/ztf/products/sci/2020/0730/350995/ztf_20200730350995_000770_zg_c08_o_q2_
770108200010694,131125822,2459065.7608376257,59065.2582292,17.513958,0.0218754858,0,zg,327.5377735,47.2156693,0.949000001,-0.00800000038,20200804258206,770,0x8,0x2,19.6700001,26.3153934,0.0271223076,-0.0703434125,1.22794627e-05,30,1.22099996,1,1065.7616186365483,discovery,0.8682926410028884,17,https://irsa.ipac.caltech.edu/ibe/data/ztf/products/sci/2020/0804/258206/ztf_20200804258206_000770_zg_c08_o_q2_
770108200010694,131445068,2459068.953410765,59068.4506829,17.5664215,0.0223307293,0,zg,327.5378104,47.2156671,0.912,0.0989999995,20200807450683,770,0x8,0x2,20.5699997,26.3765793,0.0184280202,-0.0696575642,5.63617414e-06,30,1.11699998,1,1068.9541917000895,discovery,0.7987034625178069,15,https://irsa.ipac.caltech.edu/ibe/data/ztf/products/sci/2020/0807/450683/ztf_20200807450683_000770_zg_c08_o_q2_
770108200010694,131531859,2459069.821358603,59069.3185995,17.5634041,0.0223039761,0,zg,327.5377919,47.2156474,0.356000006,0.0120000001,20200808318600,770,0x8,0x2,20.9699993,26.3940144,0.018381007,-0.081329681,5.75220702e-06,30,1.05999994,1,1069.8221395150758,discovery,0.051649291321417934,1,https://irsa.ipac.caltech.edu/ibe/data/ztf/products/sci/2020/0808/318600/ztf_20200808318600_000770_zg_c08_o_q2_
770108200010694,131743406,2459071.936895353,59071.4340625,17.5492554,0.0221794974,0,zg,327.5378067,47.2156531,0.920000017,0.0160000008,20200810434062,770,0x8,0x2,21.1399994,26.3781796,0.0190283582,-0.0799590871,6.09821791e-06,30,1.10000002,1,1071.937676214613,discovery,0.6681796570753988,13,https://irsa.ipac.caltech.edu/ibe/data/ztf/products/sci/2020/0810/434062/ztf_20200810434062_000770_zg_c08_o_q2_
770108200010694,131838646,2459072.8893348854,59072.3864699,17.5664406,0.0223308969,0,zg,327.5377938,47.2156599,0.619000018,0.0549999997,20200811386470,770,0x8,0x2,20.9599991,26.3459854,0.0181252956,-0.0656402335,5.51311905e-06,30,1.04299998,1,1072.8901157253422,discovery,0.9457488810159944,18,https://irsa.ipac.caltech.edu/ibe/data/ztf/products/sci/2020/0811/386470/ztf_20200811386470_000770_zg_c08_o_q2_
770108200010694,132638865,2459080.8917640564,59080.3886574,17.5640755,0.0223099291,0,zg,327.537794,47.21565,0.503000021,0.0399999991,20200819388657,770,0x8,0x2,21.2600002,26.1238689,0.0183927435,-0.0517728627,5.64946595e-06,30,1.06700003,1,1080.892544706352,discovery,0.27789488806074303,5,https://irsa.ipac.caltech.edu/ibe/data/ztf/products/sci/2020/0819/388657/ztf_20200819388657_000770_zg_c08_o_q2_
770108200010694,132730083,2459081.8039641846,59081.3008333,17.5463829,0.0221544057,0,zg,327.5377939,47.2156429,0.828999996,0.00100000005,20200820300822,770,0x8,0x2,21.4200001,26.1618862,0.017657401,-0.0781199858,5.28480905e-06,30,1.046,1,1081.80474481266,discovery,0.5437371517784158,10,https://irsa.ipac.caltech.edu/ibe/data/ztf/products/sci/2020/0820/300822/ztf_20200820300822_000770_zg_c08_o_q2_
770108200010694,133134309,2459085.8463199087,59085.3430903,17.6057243,0.022685539,0,zg,327.537802,47.2156523,1.21399999,0.0370000005,20200824343090,770,0x8,0x2,21.6599998,26.319418,0.0174872074,-0.0769452229,5.15683314e-06,30,1.03799999,1,1085.8471004422754,discovery,0.7217999078533808,14,https://irsa.ipac.caltech.edu/ibe/data/ztf/products/sci/2020/0824/343090/ztf_20200824343090_000770_zg_c08_o_q2_
770108200010694,133333373,2459087.8370113806,59087.3337384,17.5372047,0.022074664,0,zg,327.5377983,47.2156436,0.726000011,0.0529999994,20200826333738,770,0x8,0x2,21.4599991,26.1495819,0.0182541087,-0.0620804355,5.66048448e-06,30,1.03600001,1,1087.8377918670883,discovery,0.30194664438208463,6,https://irsa.ipac.caltech.edu/ibe/data/ztf/products/sci/2020/0826/333738/ztf_20200826333738_000770_zg_c08_o_q2_
770108200010694,133430245,2459088.8057465153,59088.3024537,17.5350685,0.0220561922,0,zg,327.5377716,47.215645,0.490999997,-0.0160000008,20200827302454,770,0x8,0x2,20.9200001,26.1205311,0.0172696821,-0.0625535622,5.51373068e-06,30,1.03499997,1,1088.8065269794315,discovery,0.5842648916913049,11,https://irsa.ipac.caltech.edu/ibe/data/ztf/products/sci/2020/0827/302454/ztf_20200827302454_000770_zg_c08_o_q2_
770108200010694,133640782,2459090.9111570828,59090.4078241,17.5326576,0.0220353827,0,zg,327.5378176,47.2156464,0.560000002,-0.0520000011,20200829407824,770,0x8,0x2,21.2800007,26.2860374,0.0183886103,-0.0896278992,6.21133677e-06,30,1.15900004,1,1090.9119374970903,discovery,0.19784418662787573,3,https://irsa.ipac.caltech.edu/ibe/data/ztf/products/sci/2020/0829/407824/ztf_20200829407824_000770_zg_c08_o_q2_
770108200010694,133724973,2459091.7530817636,59091.2497338,17.5333557,0.0220414065,0,zg,327.5377849,47.215653,0.518000007,-0.0399999991,20200830249734,770,0x8,0x2,20.5699997,26.3870506,0.0171834845,-0.0748506859,5.32767854e-06,30,1.07099998,1,1091.753862160258,discovery,0.4432060943809404,8,https://irsa.ipac.caltech.edu/ibe/data/ztf/products/sci/2020/0830/249734/ztf_20200830249734_000770_zg_c08_o_q2_
770108200010694,134128811,2459095.791524084,59095.2881134,17.6080227,0.0227066632,0,zg,327.5377954,47.2156528,0.842999995,-0.061999999,20200903288113,770,0x8,0x2,20.2600002,26.3287487,0.0204061735,-0.0660479665,7.56320833e-06,30,1.03400004,1,1095.7923043863848,discovery,0.6201283681920984,12,https://irsa.ipac.caltech.edu/ibe/data/ztf/products/sci/2020/0903/288113/ztf_20200903288113_000770_zg_c08_o_q2_
770108200010694,134536953,2459099.872995649,59099.369537,17.5761185,0.0224171504,0,zg,327.5377891,47.2156336,0.934000015,-0.0320000015,20200907369491,770,0x8,0x2,20.5200005,26.254549,0.018672822,-0.0704759881,6.44321699e-06,30,1.125,1,1099.873775855638,discovery,0.8095906442677858,16,https://irsa.ipac.caltech.edu/ibe/data/ztf/products/sci/2020/0907/369491/ztf_20200907369491_000770_zg_c08_o_q2_
770108200010694,135530155,2459109.8050599457,59109.3015509,17.6222534,0.0228384007,0,zg,327.5378087,47.2156474,0.797999978,0.0399999991,20200917301551,770,0x8,0x2,21.2000008,25.9503403,0.0192577485,-0.0589895025,6.6878365e-06,30,1.05700004,1,1109.80583992647,discovery,0.704089754409253,14,https://irsa.ipac.caltech.edu/ibe/data/ztf/products/sci/2020/0917/301551/ztf_20200917301551_000770_zg_c08_o_q2_
770108200010694,136123459,2459115.738088265,59115.2345949,17.5421066,0.0221171733,0,zg,327.5377633,47.2156592,0.823000014,0.0320000015,20200923234595,770,0x8,0x2,21.3999996,26.3350506,0.017316144,-0.073236458,5.12177712e-06,30,1.03299999,1,1115.7388681136072,discovery,0.4331507719016656,8,https://irsa.ipac.caltech.edu/ibe/data/ztf/products/sci/2020/0923/234595/ztf_20200923234595_000770_zg_c08_o_q2_
770108200010694,136223725,2459116.7407442234,59116.2372569,17.6095619,0.0227208305,0,zg,327.5377917,47.2156578,0.880999982,0.0209999997,20200924237257,770,0x8,0x2,21.2399998,26.2442017,0.0173849147,-0.0608336143,5.12756969e-06,30,1.03299999,1,1116.7415240481496,discovery,0.7253545564940396,14,https://irsa.ipac.caltech.edu/ibe/data/ztf/products/sci/2020/0924/237257/ztf_20200924237257_000770_zg_c08_o_q2_
770108200010694,136324122,2459117.7447071946,59117.2412269,17.5571442,0.0222487114,0,zg,327.5377897,47.2156574,0.416000009,0.0189999994,20200925241227,770,0x8,0x2,21.1399994,26.3396435,0.0170601606,-0.0649707541,4.95414815e-06,30,1.03299999,1,1117.7454869966025,discovery,0.017939243844779185,0,https://irsa.ipac.caltech.edu/ibe/data/ztf/products/sci/2020/0925/241227/ztf_20200925241227_000770_zg_c08_o_q2_
770108200010694,136522901,2459119.732479702,59119.2290162,17.5654297,0.022321932,0,zg,327.5377829,47.2156376,0.791999996,0.057,20200927229016,770,0x8,0x2,20.6900005,26.3506584,0.0170154478,-0.0642374158,4.91696301e-06,30,1.03299999,1,1119.7332594594918,discovery,0.5972353079825297,11,https://irsa.ipac.caltech.edu/ibe/data/ztf/products/sci/2020/0927/229016/ztf_20200927229016_000770_zg_c08_o_q2_
770108200010694,136623570,2459120.739159543,59120.235706,17.5893497,0.0225362498,0,zg,327.5377877,47.2156425,0.796000004,0.0309999995,20200928235706,770,0x8,0x2,20.4099998,26.3383942,0.0180731714,-0.0616866462,5.47581294e-06,30,1.03400004,1,1120.7399392779917,discovery,0.8906117721358697,17,https://irsa.ipac.caltech.edu/ibe/data/ztf/products/sci/2020/0928/235706/ztf_20200928235706_000770_zg_c08_o_q2_
770108200010694,136824651,2459122.749946936,59122.2465162,17.5388966,0.0220893137,0,zg,327.5377886,47.2156531,0.847000003,-0.0149999997,20200930246516,770,0x8,0x2,20.0499992,26.2965813,0.0208781585,-0.0577850379,7.78145568e-06,30,1.04100001,1,1122.7507266262546,discovery,0.47661505893739786,9,https://irsa.ipac.caltech.edu/ibe/data/ztf/products/sci/2020/0930/246516/ztf_20200930246516_000770_zg_c08_o_q2_
770108200010694,137532295,2459129.8262712895,59129.3229514,17.5343628,0.0220500976,0,zg,327.537803,47.2156617,0.374000013,0.00899999961,20201007322940,770,0x8,0x2,20.7299995,26.295887,0.0164380036,-0.0652309954,4.70233726e-06,30,1.22800004,1,1129.827050822787,discovery,0.5388665651562548,10,https://irsa.ipac.caltech.edu/ibe/data/ztf/products/sci/2020/1007/322940/ztf_20201007322940_000770_zg_c08_o_q2_
770108200010694,138024033,2459134.7435509837,59134.2403356,17.5721512,0.0223817043,0,zg,327.5377782,47.215653,0.629000008,0.050999999,20201012240336,770,0x8,0x2,21.25,26.3399467,0.0168086253,-0.0702769011,5.04755781e-06,30,1.06500006,1,1134.7443304094486,discovery,0.9719082054843398,19,https://irsa.ipac.caltech.edu/ibe/data/ztf/products/sci/2020/1012/240336/ztf_20201012240336_000770_zg_c08_o_q2_
770108200010694,139524047,2459149.74323901,59149.2404745,17.559433,0.0222688839,0,zg,327.5378666,47.215656,0.765999973,-0.0170000009,20201027240475,770,0x8,0x2,19.4799995,26.2983551,0.0273232721,-0.0626696646,1.28943057e-05,30,1.14300001,1,1149.7440181053244,discovery,0.3432636839106351,6,https://irsa.ipac.caltech.edu/ibe/data/ztf/products/sci/2020/1027/240475/ztf_20201027240475_000770_zg_c08_o_q2_
770108200010694,140314197,2459157.644433856,59157.1419792,17.5710087,0.0223715231,0,zg,327.5377906,47.2156428,0.644999981,-0.063000001,20201104141979,770,0x8,0x2,20.8199997,26.4227276,0.0198023915,-0.0917714164,8.09097401e-06,30,1.03699994,1,1157.6452127867378,discovery,0.645907002691601,12,https://irsa.ipac.caltech.edu/ibe/data/ztf/products/sci/2020/1104/141979/ztf_20201104141979_000770_zg_c08_o_q2_
770108200010694,141022357,2459164.7257164833,59164.2235764,17.5821991,0.0224717185,0,zg,327.5377762,47.2156748,1.13199997,0.00100000005,20201111223565,770,0x8,0x2,20.4400005,26.3556747,0.0238384735,-0.0676611587,9.87988642e-06,30,1.21500003,1,1164.7264952645637,discovery,0.7096034996686171,14,https://irsa.ipac.caltech.edu/ibe/data/ztf/products/sci/2020/1111/223565/ztf_20201111223565_000770_zg_c08_o_q2_
770108200010694,141521811,2459169.7200131677,59169.2181134,17.5310097,0.0220211912,0,zg,327.5378021,47.2156553,1.27600002,-0.0149999997,20201116218102,770,0x8,0x2,20.7800007,26.3677654,0.0187574103,-0.0713743269,6.06215463e-06,30,1.245,1,1169.7207918427885,discovery,0.16509018384212482,3,https://irsa.ipac.caltech.edu/ibe/data/ztf/products/sci/2020/1116/218102/ztf_20201116218102_000770_zg_c08_o_q2_
770108200010694,142513868,2459179.640065876,59179.1386806,17.5335445,0.0220430288,0,zg,327.5378177,47.2156485,0.569000006,-0.0329999998,20201126138681,770,0x8,0x2,20.6399994,26.3841667,0.0191375408,-0.0829031095,6.31015564e-06,30,1.09899998,1,1179.6408443436958,discovery,0.05608876496863502,1,https://irsa.ipac.caltech.edu/ibe/data/ztf/products/sci/2020/1126/138681/ztf_20201126138681_000770_zg_c08_o_q2_
770108200010694,142913907,2459183.640240731,59183.1390741,17.5255013,0.0219738856,0,zg,327.5378095,47.2156418,0.456,-0.023,20201130139063,770,0x8,0x2,19.3999996,26.3039227,0.0273693427,-0.0653817952,1.28924294e-05,30,1.12300003,1,1183.6410191170871,discovery,0.22185876397567483,4,https://irsa.ipac.caltech.edu/ibe/data/ztf/products/sci/2020/1130/139063/ztf_20201130139063_000770_zg_c08_o_q2_
770108200010694,143109472,2459185.595780123,59185.0947222,17.5716629,0.0223773457,0,zg,327.5377997,47.2156392,0.483999997,0.0170000009,20201202094722,770,0x8,0x2,20.8600006,26.3892612,0.0172344893,-0.0726492926,5.18849538e-06,30,1.05799997,1,1185.596558470279,discovery,0.7917611404900669,15,https://irsa.ipac.caltech.edu/ibe/data/ztf/products/sci/2020/1202/094722/ztf_20201202094722_000770_zg_c08_o_q2_
770108200010694,143311202,2459187.6129701706,59187.1120255,17.5001755,0.0217592716,0,zg,327.537791,47.2156498,0.933000028,-0.0270000007,20201204112014,770,0x8,0x2,20.7900009,26.4106674,0.0182781313,-0.0966673493,5.79473954e-06,30,1.09099996,1,1187.6137484759092,discovery,0.37963035223125985,7,https://irsa.ipac.caltech.edu/ibe/data/ztf/products/sci/2020/1204/112014/ztf_20201204112014_000770_zg_c08_o_q2_
770108200010694,144414231,2459198.6426266325,59198.1423148,17.5469666,0.0221595019,0,zg,327.5378212,47.2156746,0.561999977,0.0270000007,20201215141933,770,0x8,0x2,20.6700001,26.2910252,0.0193278734,-0.0656957403,6.49575122e-06,30,1.25800002,2,1198.6434047105722,discovery,0.5940004900714939,11,https://irsa.ipac.caltech.edu/ibe/data/ztf/products/sci/2020/1215/141933/ztf_20201215141933_000770_zg_c08_o_q2_
770108200010694,144915067,2459203.650692567,59203.1506713,17.5745029,0.0224027038,0,zg,327.5378218,47.2156633,0.981000006,-0.00300000003,20201220150602,770,0x8,0x2,20.1499996,26.2966862,0.0203525499,-0.0621758848,7.11504754e-06,30,1.36000001,2,1203.651470544748,discovery,0.053499945287697415,1,https://irsa.ipac.caltech.edu/ibe/data/ztf/products/sci/2020/1220/150602/ztf_20201220150602_000770_zg_c08_o_q2_
770108200010694,145011527,2459204.6152432063,59204.1152778,17.5392303,0.0220922045,0,zg,327.5378093,47.2156539,1.176,0.0,20201221115278,770,0x8,0x2,20.2999992,26.3369999,0.0189133678,-0.0696308762,6.17810019e-06,30,1.21800005,1,1204.6160211656245,discovery,0.3345987072270731,6,https://irsa.ipac.caltech.edu/ibe/data/ztf/products/sci/2020/1221/115278/ztf_20201221115278_000770_zg_c08_o_q2_
770108200010694,145620339,2459210.703005957,59210.2033912,17.5640564,0.0223097596,0,zg,327.5377804,47.2156773,0.950999975,0.0560000017,20201227203380,770,0x8,0x2,19.4200001,26.1638603,0.0267392993,-0.0344112925,1.21934499e-05,30,1.98000002,1,1210.703783794772,discovery,0.10875394697917784,2,https://irsa.ipac.caltech.edu/ibe/data/ztf/products/sci/2020/1227/203380/ztf_20201227203380_000770_zg_c08_o_q2_
770108200010694,147615510,2459230.6536358967,59230.1551042,17.5600433,0.0222742707,0,zg,327.5377953,47.2156583,1.80999994,-0.00499999989,20210116155104,770,0x8,0x2,19.6599998,26.075079,0.0246965885,-0.0254201535,1.03915663e-05,30,2.06999993,1,1230.654413342476,discovery,0.9229612518010981,18,https://irsa.ipac.caltech.edu/ibe/data/ztf/products/sci/2021/0116/155104/ztf_20210116155104_000770_zg_c08_o_q2_
770108200010694,147812398,2459232.622415244,59232.1239815,17.5460091,0.0221511424,0,zg,327.537819,47.2156476,0.97299999,-0.0540000014,20210118123981,770,0x8,0x2,20.7399998,26.2354374,0.0168895461,-0.0551353656,4.89295826e-06,30,1.75199997,1,1232.623192651197,discovery,0.49672214546004057,9,https://irsa.ipac.caltech.edu/ibe/data/ztf/products/sci/2021/0118/123981/ztf_20210118123981_000770_zg_c08_o_q2_
770108200010694,159246234,2459346.960643716,59346.4623495,17.588789,0.0225311778,0,zg,327.5377447,47.2156435,0.76700002,-0.0140000004,20210512462350,770,0x8,0x2,21.5100002,26.2905293,0.0184559505,-0.0792278498,5.94516905e-06,30,1.33000004,1,1346.9614190524444,discovery,0.8182847343973378,16,https://irsa.ipac.caltech.edu/ibe/data/ztf/products/sci/2021/0512/462350/ztf_20210512462350_000770_zg_c08_o_q2_
770108200010694,159542964,2459349.928075383,59349.4296412,17.590332,0.0225451458,0,zg,327.5377947,47.2156459,0.550000012,-0.00899999961,20210515429641,770,0x8,0x2,21.2399998,26.2651138,0.0179602969,-0.0698500425,5.6142344e-06,30,1.47099996,1,1349.928850673139,discovery,0.6830826378594281,13,https://irsa.ipac.caltech.edu/ibe/data/ztf/products/sci/2021/0515/429641/ztf_20210515429641_000770_zg_c08_o_q2_
770108200010694,160246511,2459356.9638986206,59356.4651157,17.6011868,0.022643961,0,zg,327.5377758,47.2156624,0.488000005,-0.00899999961,20210522465093,770,0x8,0x2,21.0200005,26.3154144,0.0191562902,-0.0735294521,6.42294708e-06,30,1.20700002,1,1356.9646737929434,discovery,0.7335309247561668,14,https://irsa.ipac.caltech.edu/ibe/data/ztf/products/sci/2021/0522/465093/ztf_20210522465093_000770_zg_c08_o_q2_
770108200010694,160544756,2459359.9465062907,59359.4475694,17.6235905,0.0228508543,0,zg,327.537797,47.2156315,0.469999999,-0.00300000003,20210525447211,770,0x8,0x2,19.8500004,26.2810535,0.0300371535,-0.0615550093,1.54204081e-05,30,1.24100006,1,1359.9472814141773,discovery,0.6027515665073793,12,https://irsa.ipac.caltech.edu/ibe/data/ztf/products/sci/2021/0525/447211/ztf_20210525447211_000770_zg_c08_o_q2_
770108200010694,160841042,2459362.909521112,59362.4104282,17.5650406,0.0223184731,0,zg,327.5377758,47.21565,0.547999978,-0.00800000038,20210528410417,770,0x8,0x2,20.4300003,26.3186035,0.0202733614,-0.0628578439,7.14904263e-06,30,1.37300003,1,1362.9102961854078,discovery,0.46626226856270137,9,https://irsa.ipac.caltech.edu/ibe/data/ztf/products/sci/2021/0528/410417/ztf_20210528410417_000770_zg_c08_o_q2_
770108200010694,161041305,2459364.9122555386,59364.4130556,17.5424538,0.0221201889,0,zg,327.5377624,47.2156524,0.592000008,0.00200000009,20210530412998,770,0x8,0x2,20.6900005,26.266428,0.0203307234,-0.0623172373,7.10691347e-06,30,1.33099997,1,1364.9130305787548,discovery,0.04991868459580928,0,https://irsa.ipac.caltech.edu/ibe/data/ztf/products/sci/2021/0530/412998/ztf_20210530412998_000770_zg_c08_o_q2_
770108200010694,161345307,2459367.9524432253,59367.4530787,17.5856209,0.0225025471,0,zg,327.5377809,47.215656,0.351000011,0.0289999992,20210602453067,770,0x8,0x2,20.7900009,26.2705631,0.0164265614,-0.07085412,4.70107943e-06,30,1.153,1,1367.9532182174737,discovery,0.9359198573809806,18,https://irsa.ipac.caltech.edu/ibe/data/ztf/products/sci/2021/0602/453067/ztf_20210602453067_000770_zg_c08_o_q2_
770108200010694,161541560,2459369.9150738204,59369.4156019,17.5693169,0.0223564506,0,zg,327.5377673,47.215634,0.612999976,-0.0289999992,20210604415579,770,0x8,0x2,21.3999996,26.299612,0.016789373,-0.0673311055,4.9155351e-06,30,1.25899994,1,1369.9158487790264,discovery,0.5078888230901271,10,https://irsa.ipac.caltech.edu/ibe/data/ztf/products/sci/2021/0604/415579/ztf_20210604415579_000770_zg_c08_o_q2_
770108200010694,162041542,2459374.9151770226,59374.4154282,17.5674324,0.0223397054,0,zg,327.5377777,47.2156509,0.460000008,0.0399999991,20210609415417,770,0x8,0x2,20.9500008,26.0632915,0.0179008171,-0.0654104277,5.52119945e-06,30,1.20899999,1,1374.9159519015811,discovery,0.9650677071202267,19,https://irsa.ipac.caltech.edu/ibe/data/ztf/products/sci/2021/0609/415417/ztf_20210609415417_000770_zg_c08_o_q2_
770108200010694,162240826,2459376.908124052,59376.4082639,17.5621014,0.0222924594,0,zg,327.5377615,47.2156434,0.588,0.0149999997,20210611408252,770,0x8,0x2,21.4899998,26.3564453,0.0165844373,-0.0794553161,4.76037121e-06,30,1.21500003,1,1376.908898897469,discovery,0.5458717841999885,10,https://irsa.ipac.caltech.edu/ibe/data/ztf/products/sci/2021/0611/408252/ztf_20210611408252_000770_zg_c08_o_q2_
770108200010694,162344689,2459377.9468164397,59377.4468981,17.5850639,0.0224975217,0,zg,327.5377751,47.2156417,0.893999994,-0.0199999996,20210612446898,770,0x8,0x2,21.5599995,26.3900051,0.0180703439,-0.0810633674,5.73476609e-06,30,1.10399997,2,1377.9475912693888,discovery,0.8485776593122694,16,https://irsa.ipac.caltech.edu/ibe/data/ztf/products/sci/2021/0612/446898/ztf_20210612446898_000770_zg_c08_o_q2_
770108200010694,162443012,2459378.9301007735,59378.4301273,17.562397,0.0222950745,0,zg,327.5377687,47.2156384,0.95599997,-0.0610000007,20210613430116,770,0x8,0x2,21.3500004,26.3986855,0.0166700333,-0.0904703513,4.8708448e-06,30,1.13499999,1,1378.9308755863458,discovery,0.13513597792061205,2,https://irsa.ipac.caltech.edu/ibe/data/ztf/products/sci/2021/0613/430116/ztf_20210613430116_000770_zg_c08_o_q2_
770108200010694,162543238,2459379.932414034,59379.4323843,17.5480995,0.0221693926,0,zg,327.5377738,47.215645,0.712000012,-0.00700000022,20210614432373,770,0x8,0x2,21.5400009,26.3648071,0.0161610115,-0.0751647651,4.57577562e-06,30,1.12300003,2,1379.933188831899,discovery,0.4272398927410279,8,https://irsa.ipac.caltech.edu/ibe/data/ztf/products/sci/2021/0614/432373/ztf_20210614432373_000770_zg_c08_o_q2_
770108200010694,163142486,2459385.925227429,59385.4248611,17.5495224,0.0221818332,0,zg,327.5377908,47.2156351,1.26800001,-0.0170000009,20210620424850,770,0x8,0x2,21.2099991,26.3184662,0.0190136284,-0.0792799145,6.36575942e-06,30,1.10500002,1,1385.926002131775,discovery,0.17372407166172366,3,https://irsa.ipac.caltech.edu/ibe/data/ztf/products/sci/2021/0620/424850/ztf_20210620424850_000770_zg_c08_o_q2_
770108200010694,164037075,2459394.871616263,59394.3707523,17.5880356,0.0225243624,0,zg,327.5377802,47.215638,1.13,0.0759999976,20210629370752,770,0x8,0x2,20.7000008,26.1720181,0.0190464817,-0.0582774952,6.2713134e-06,30,1.17700005,1,1394.87239082437,discovery,0.7809680367650174,15,https://irsa.ipac.caltech.edu/ibe/data/ztf/products/sci/2021/0629/370752/ztf_20210629370752_000770_zg_c08_o_q2_
770108200010694,164243166,2459396.9326435607,59396.4316667,17.5451717,0.0221438464,0,zg,327.5377816,47.2156256,0.513000011,0.0399999991,20210701431655,770,0x8,0x2,21.1299992,26.2825546,0.0163683239,-0.0722242594,4.65522362e-06,30,1.05200005,1,1396.9334180890585,discovery,0.3816127306648127,7,https://irsa.ipac.caltech.edu/ibe/data/ztf/products/sci/2021/0701/431655/ztf_20210701431655_000770_zg_c08_o_q2_
770108200010694,165238245,2459406.883959843,59406.3824537,17.5422287,0.0221182331,0,zg,327.5377692,47.2156444,0.527999997,-0.00100000005,20210711382257,770,0x8,0x2,21.3799992,26.1441402,0.0172125436,-0.0677050874,5.17072431e-06,30,1.079,1,1406.88473421894,discovery,0.2817224638741038,5,https://irsa.ipac.caltech.edu/ibe/data/ztf/products/sci/2021/0711/382257/ztf_20210711382257_000770_zg_c08_o_q2_
770108200010694,165439181,2459408.8934260835,59408.3918171,17.5720654,0.0223809388,0,zg,327.5377832,47.2156319,1.11199999,0.0370000005,20210713391817,770,0x8,0x2,21.3400002,26.045063,0.0178927816,-0.0803299323,5.64340053e-06,30,1.05900002,1,1408.894200428389,discovery,0.8673407314999793,17,https://irsa.ipac.caltech.edu/ibe/data/ztf/products/sci/2021/0713/391817/ztf_20210713391817_000770_zg_c08_o_q2_
770108200010694,165645025,2459410.9519672208,59410.4502546,17.5380211,0.0220817309,0,zg,327.5377957,47.2156429,1.25,-0.00600000005,20210715450243,770,0x8,0x2,21.2900009,26.1211243,0.0172458757,-0.0756922811,5.20172034e-06,30,1.03699994,1,1410.9527415353805,discovery,0.46726088504337326,9,https://irsa.ipac.caltech.edu/ibe/data/ztf/products/sci/2021/0715/450243/ztf_20210715450243_000770_zg_c08_o_q2_
770108200010694,166144415,2459415.946111195,59415.4441551,17.5838814,0.0224868618,0,zg,327.5378021,47.2156496,0.708999991,0.0140000004,20210720444144,770,0x8,0x2,21.3899994,26.2838764,0.0171941686,-0.0652877837,5.16412911e-06,30,1.04100001,1,1415.9468854353763,discovery,0.922703074236324,18,https://irsa.ipac.caltech.edu/ibe/data/ztf/products/sci/2021/0720/444144/ztf_20210720444144_000770_zg_c08_o_q2_
770108200010694,166940243,2459423.904748111,59423.4024306,17.5494461,0.0221811663,0,zg,327.5377867,47.2156289,0.316000015,0.0219999999,20210728402130,770,0x8,0x2,20.7000008,26.2774982,0.0173945278,-0.0848683342,5.32381091e-06,30,1.03400004,1,1423.9055222310126,discovery,0.24208673493581045,4,https://irsa.ipac.caltech.edu/ibe/data/ztf/products/sci/2021/0728/402130/ztf_20210728402130_000770_zg_c08_o_q2_
770108200010694,167236839,2459426.870833996,59426.3683912,17.5132408,0.0218694005,0,zg,327.5377855,47.215635,0.805000007,0.0780000016,20210731368380,770,0x8,0x2,21.2999992,26.2919559,0.0171789769,-0.0820333883,5.2028463e-06,30,1.03799999,1,1426.8716080728918,discovery,0.10649243839233691,2,https://irsa.ipac.caltech.edu/ibe/data/ztf/products/sci/2021/0731/368380/ztf_20210731368380_000770_zg_c08_o_q2_
770108200010694,167433012,2459428.83264989,59428.3301273,17.5857487,0.0225036964,0,zg,327.5377727,47.2156554,0.510999978,-0.0149999997,20210802330116,770,0x8,0x2,21.5599995,26.3120556,0.0165399555,-0.0891233981,4.81272036e-06,30,1.06799996,1,1428.8334239395335,discovery,0.678223977754044,13,https://irsa.ipac.caltech.edu/ibe/data/ztf/products/sci/2021/0802/330116/ztf_20210802330116_000770_zg_c08_o_q2_
770108200010694,167632645,2459430.82905948,59430.3264583,17.5482674,0.0221708603,0,zg,327.5377783,47.2156352,0.441000015,-0.0379999988,20210804326447,770,0x8,0x2,21.4899998,26.3312263,0.0166400094,-0.0735761598,4.86339968e-06,30,1.06500006,1,1430.8298334986905,discovery,0.26003714883779594,5,https://irsa.ipac.caltech.edu/ibe/data/ztf/products/sci/2021/0804/326447/ztf_20210804326447_000770_zg_c08_o_q2_
770108200010694,168138883,2459435.8916189675,59435.388831,17.5700531,0.0223630071,0,zg,327.5377789,47.2156436,1.17799997,0.0480000004,20210809388831,770,0x8,0x2,21.3899994,26.25704,0.0173186883,-0.0648948178,5.15368993e-06,30,1.04100001,1,1435.8923929142766,discovery,0.7354176557442997,14,https://irsa.ipac.caltech.edu/ibe/data/ztf/products/sci/2021/0809/388831/ztf_20210809388831_000770_zg_c08_o_q2_
770108200010694,168438620,2459438.8890933422,59438.3862037,17.5956268,0.02259323,0,zg,327.5378029,47.2156516,0.469999999,-0.00400000019,20210812386192,770,0x8,0x2,21.4400005,26.1761856,0.0178759769,-0.0798222795,5.65185337e-06,30,1.04499996,1,1438.889867247548,discovery,0.6089708999089112,12,https://irsa.ipac.caltech.edu/ibe/data/ztf/products/sci/2021/0812/386192/ztf_20210812386192_000770_zg_c08_o_q2_
770108200010694,168830887,2459442.8118894286,59442.3088773,17.5930481,0.0225697868,0,zg,327.5377965,47.2156437,0.97299999,-0.0790000036,20210816308866,770,0x8,0x2,21.3700008,26.2543259,0.0171883889,-0.0758280158,5.1282891e-06,30,1.04900002,1,1442.8126632771457,discovery,0.7521904297025799,15,https://irsa.ipac.caltech.edu/ibe/data/ztf/products/sci/2021/0816/308866/ztf_20210816308866_000770_zg_c08_o_q2_
770108200010694,169922542,2459453.7287141266,59453.2254282,17.5793076,0.0224457309,0,zg,327.5377734,47.215651,1.06099999,0.0500000007,20210827225417,770,0x8,0x2,21.1700001,26.3704147,0.0170647632,-0.0859815031,5.10678092e-06,30,1.13499999,1,1453.7294878247194,discovery,0.9336780553533401,18,https://irsa.ipac.caltech.edu/ibe/data/ztf/products/sci/2021/0827/225417/ztf_20210827225417_000770_zg_c08_o_q2_
770108200010694,170528847,2459459.791865057,59459.2884722,17.5751686,0.0224086512,0,zg,327.5377779,47.2156393,0.779999971,-0.00300000003,20210902288449,770,0x8,0x2,21.5799999,26.3964005,0.0178810116,-0.0940778852,5.59439241e-06,30,1.03499997,1,1459.7926386715844,discovery,0.7006606891488332,14,https://irsa.ipac.caltech.edu/ibe/data/ztf/products/sci/2021/0902/288449/ztf_20210902288449_000770_zg_c08_o_q2_
770108200010694,170924762,2459463.7510716426,59463.2476273,17.5916367,0.0225569792,0,zg,327.5377496,47.21562,0.52700001,0.0610000007,20210906247616,770,0x8,0x2,21.5900002,26.3677902,0.0176456757,-0.0817149952,5.47714717e-06,30,1.05299997,1,1463.7518452038055,discovery,0.8544913232096008,17,https://irsa.ipac.caltech.edu/ibe/data/ztf/products/sci/2021/0906/247616/ztf_20210906247616_000770_zg_c08_o_q2_
770108200010694,171728635,2459471.78985711,59471.2863542,17.5518837,0.0222024992,0,zg,327.5377942,47.215628,0.760999978,0.0160000008,20210914286343,770,0x8,0x2,21.25,26.1495934,0.0171201639,-0.063921541,5.06831066e-06,30,1.03900003,1,1471.7906305659562,discovery,0.19723266191044786,3,https://irsa.ipac.caltech.edu/ibe/data/ztf/products/sci/2021/0914/286343/ztf_20210914286343_000770_zg_c08_o_q2_
770108200010694,172225668,2459476.760197691,59476.2566898,17.5540085,0.0222211462,0,zg,327.5377939,47.215643,0.755999982,-0.050999999,20210919256690,770,0x8,0x2,20.3700008,26.3739109,0.0191412326,-0.0757651255,6.39919699e-06,30,1.03400004,1,1476.760971084237,discovery,0.6457378371352149,12,https://irsa.ipac.caltech.edu/ibe/data/ztf/products/sci/2021/0919/256690/ztf_20210919256690_000770_zg_c08_o_q2_
770108200010694,172432875,2459478.832252875,59478.32875,17.5532131,0.0222141668,0,zg,327.5377734,47.2156483,0.606999993,0.0370000005,20210921328738,770,0x8,0x2,19.7000008,26.3324413,0.0235844795,-0.047781419,9.59383306e-06,30,1.11800003,1,1478.833026242908,discovery,0.24959638760012126,4,https://irsa.ipac.caltech.edu/ibe/data/ztf/products/sci/2021/0921/328738/ztf_20210921328738_000770_zg_c08_o_q2_
770108200010694,172633037,2459480.8338645007,59480.3303704,17.561552,0.0222876016,0,zg,327.5378091,47.2156377,0.660000026,-0.057,20210923330312,770,0x8,0x2,20.3099995,26.3250103,0.0195935424,-0.0796940997,6.7991823e-06,30,1.13399994,1,1480.8346378416754,discovery,0.8329255878713298,16,https://irsa.ipac.caltech.edu/ibe/data/ztf/products/sci/2021/0923/330312/ztf_20210923330312_000770_zg_c08_o_q2_
770108200010694,173126403,2459485.7674953365,59485.2640394,17.5572662,0.0222497936,0,zg,327.5377903,47.2156563,1.19799995,0.0280000009,20210928264028,770,0x8,0x2,20.8500004,25.9973793,0.0193816572,-0.0473179333,6.53917868e-06,30,1.04999995,1,1485.7682686178014,discovery,0.2707324515222638,5,https://irsa.ipac.caltech.edu/ibe/data/ztf/products/sci/2021/0928/264028/ztf_20210928264028_000770_zg_c08_o_q2_
770108200010694,173524480,2459489.748211207,59489.2448032,17.5387802,0.0220883004,0,zg,327.537802,47.2156523,0.926999986,-0.0160000008,20211002244803,770,0x8,0x2,21.0900002,26.2844601,0.0177828427,-0.0588814542,5.51468975e-06,30,1.04299998,1,1489.7489844392985,discovery,0.43083153272809227,8,https://irsa.ipac.caltech.edu/ibe/data/ztf/products/sci/2021/1002/244803/ztf_20211002244803_000770_zg_c08_o_q2_
770108200010694,173728141,2459491.784789592,59491.281412,17.573143,0.0223905537,0,zg,327.5377737,47.2156573,0.676999986,0.0240000002,20211004281377,770,0x8,0x2,20.8799992,26.0104065,0.0202552285,-0.073494114,7.23725088e-06,30,1.09399998,1,1491.7855628011748,discovery,0.024351088597256876,0,https://irsa.ipac.caltech.edu/ibe/data/ztf/products/sci/2021/1004/281377/ztf_20211004281377_000770_zg_c08_o_q2_
770108200010694,174334276,2459497.84603006,59497.3427662,17.5775681,0.0224301331,0,zg,327.5378156,47.2156302,1.08000004,0.0199999996,20211010342755,770,0x8,0x2,20.5400009,26.2950954,0.0212048981,-0.0642775372,7.93280924e-06,30,1.347,1,1497.8468031943776,discovery,0.790776959328582,15,https://irsa.ipac.caltech.edu/ibe/data/ztf/products/sci/2021/1010/342755/ztf_20211010342755_000770_zg_c08_o_q2_
770108200010694,175624168,2459510.7446014397,59510.2416898,17.5583572,0.022259403,0,zg,327.5377412,47.2156509,0.717000008,0.0729999989,20211023241678,770,0x8,0x2,20.3400002,26.3378429,0.0191252101,-0.0617038272,6.37002404e-06,30,1.11899996,1,1510.7453744318336,discovery,0.5498045594984546,10,https://irsa.ipac.caltech.edu/ibe/data/ztf/products/sci/2021/1023/241678/ztf_20211023241678_000770_zg_c08_o_q2_
770108200010694,176628348,2459520.786025966,59520.2834838,17.5337868,0.022045128,0,zg,327.537816,47.2156435,0.405999988,-0.0209999997,20211102283461,770,0x8,0x2,21.0799999,26.3353539,0.0176493898,-0.0756109729,5.45958028e-06,30,1.36600006,1,1520.7867988450453,discovery,0.47617452865222276,9,https://irsa.ipac.caltech.edu/ibe/data/ztf/products/sci/2021/1102/283461/ztf_20211102283461_000770_zg_c08_o_q2_
770108200010694,177013981,2459524.6421952266,59524.1398148,17.559433,0.0222688839,0,zg,327.5377651,47.2156449,0.865999997,0.00499999989,20211106139815,770,0x8,0x2,21.6800003,26.4045849,0.0167708192,-0.077792421,5.04462605e-06,30,1.03799999,1,1524.642968068831,discovery,0.5999770240047724,11,https://irsa.ipac.caltech.edu/ibe/data/ztf/products/sci/2021/1106/139815/ztf_20211106139815_000770_zg_c08_o_q2_
770108200010694,177220394,2459526.7062364384,59526.2039468,17.5331116,0.0220392998,0,zg,327.5377855,47.2156393,1.00699997,-0.0149999997,20211108203947,770,0x8,0x2,21.5499992,26.3885822,0.0182624012,-0.0782395527,5.75497779e-06,30,1.13199997,1,1526.7070092577487,discovery,0.2015000651381058,4,https://irsa.ipac.caltech.edu/ibe/data/ztf/products/sci/2021/1108/203947/ztf_20211108203947_000770_zg_c08_o_q2_
770108200010694,177521893,2459529.721087358,59529.2189352,17.5557232,0.0222362094,0,zg,327.537782,47.2156459,0.898999989,-0.0540000014,20211111218935,770,0x8,0x2,20.75,26.381094,0.017330436,-0.0789041594,5.27982957e-06,30,1.19700003,1,1529.7218601466157,discovery,0.08011735483742655,1,https://irsa.ipac.caltech.edu/ibe/data/ztf/products/sci/2021/1111/218935/ztf_20211111218935_000770_zg_c08_o_q2_
770108200010694,178629886,2459540.8004687903,59540.2988657,17.4314842,0.0212002713,0,zg,327.5378731,47.2155181,0.916999996,0.061999999,20211122298866,770,0x8,0x2,18.2299995,26.1737747,0.0569360405,-0.0261698775,9.14040429e-05,30,1.96899998,1,1540.8012414667755,discovery,0.3089788627187886,6,https://irsa.ipac.caltech.edu/ibe/data/ztf/products/sci/2021/1122/298866/ztf_20211122298866_000770_zg_c08_o_q2_
770108200010694,192247087,2459676.9679638445,59676.4708796,17.5747833,0.022405209,0,zg,327.5377416,47.2156388,0.718999982,-0.0560000017,20220407470856,770,0x8,0x2,19.3199997,26.0807934,0.038359914,-0.0439921543,2.56601033e-05,30,2.12700009,1,1676.968735548202,discovery,0.9922398282177483,19,https://irsa.ipac.caltech.edu/ibe/data/ztf/products/sci/2022/0407/470856/ztf_20220407470856_000770_zg_c08_o_q2_
770108200010694,192947164,2459683.9688904034,59683.4716435,17.5843658,0.0224912241,0,zg,327.5377308,47.2156375,0.700999975,-0.0469999984,20220414471644,770,0x8,0x2,19.9899998,26.2137527,0.0214364529,-0.0563002154,7.92930223e-06,30,1.85599995,1,1683.9696620702744,discovery,0.03251820779601644,0,https://irsa.ipac.caltech.edu/ibe/data/ztf/products/sci/2022/0414/471644/ztf_20220414471644_000770_zg_c08_o_q2_
770108200010694,193344453,2459687.9418949797,59687.444537,17.4913292,0.0216854159,0,zg,327.5378004,47.2156403,0.728999972,-0.0209999997,20220418444537,770,0x8,0x2,19.3299999,26.1628819,0.0283974279,-0.0480672941,1.37731968e-05,30,2.0710001,1,1687.942666631192,discovery,0.19036999813394573,3,https://irsa.ipac.caltech.edu/ibe/data/ztf/products/sci/2022/0418/444537/ztf_20220418444537_000770_zg_c08_o_q2_
770108200010694,193644829,2459690.9457492055,59690.4482986,17.5861893,0.0225076787,0,zg,327.5377456,47.215629,0.671000004,0.0160000008,20220421448299,770,0x8,0x2,19.8400002,26.1286297,0.0264199078,-0.0514858216,1.20605482e-05,30,1.90799999,1,1690.9465208393522,discovery,0.06578252774582438,1,https://irsa.ipac.caltech.edu/ibe/data/ztf/products/sci/2022/0421/448299/ztf_20220421448299_000770_zg_c08_o_q2_
770108200010694,194242581,2459696.923466176,59696.4258102,17.6032143,0.0226625241,0,zg,327.5377562,47.2156383,0.51700002,-0.00499999989,20220427425729,770,0x8,0x2,20.5699997,26.1631584,0.0248241201,-0.0581217334,1.06549533e-05,30,1.98699999,1,1696.9242377821356,discovery,0.8078671788484542,16,https://irsa.ipac.caltech.edu/ibe/data/ztf/products/sci/2022/0427/425729/ztf_20220427425729_000770_zg_c08_o_q2_
770108200010694,195944811,2459713.946489018,59713.4481134,17.6216297,0.0228325948,0,zg,327.5377598,47.2156272,0.855000019,0.0390000008,20220514448102,770,0x8,0x2,20.3299999,26.3019199,0.019621253,-0.0744795874,6.70467261e-06,30,1.38,1,1713.9472605511546,discovery,0.7688827246045946,15,https://irsa.ipac.caltech.edu/ibe/data/ztf/products/sci/2022/0514/448102/ztf_20220514448102_000770_zg_c08_o_q2_
770108200010694,197145260,2459725.9515804513,59725.4526042,17.5262947,0.0219806898,0,zg,327.5377576,47.2156247,1.14499998,0.0140000004,20220526452604,770,0x8,0x2,21.5499992,26.3341637,0.0163165778,-0.0812754929,4.67059226e-06,30,1.21500003,1,1725.9523519384677,discovery,0.2675237009342766,5,https://irsa.ipac.caltech.edu/ibe/data/ztf/products/sci/2022/0526/452604/ztf_20220526452604_000770_zg_c08_o_q2_
770108200010694,197345498,2459727.95407036,59727.4549884,17.5577145,0.0222537406,0,zg,327.5377654,47.215634,0.442999989,-0.023,20220528454977,770,0x8,0x2,21.3500004,26.2993851,0.0176183823,-0.0996082425,5.43393662e-06,30,1.18900001,1,1727.9548418405466,discovery,0.8511088649342469,17,https://irsa.ipac.caltech.edu/ibe/data/ztf/products/sci/2022/0528/454977/ztf_20220528454977_000770_zg_c08_o_q2_
770108200010694,198440707,2459738.90675072,59738.4070718,17.5737743,0.0223961975,0,zg,327.5377599,47.2156309,0.569999993,0.0240000002,20220608407060,770,0x8,0x2,21.4899998,26.2917366,0.0165045913,-0.0762618408,4.683724e-06,30,1.25199997,1,1738.9075221638195,discovery,0.04304593091433162,0,https://irsa.ipac.caltech.edu/ibe/data/ztf/products/sci/2022/0608/407060/ztf_20220608407060_000770_zg_c08_o_q2_
770108200010694,199744699,2459751.947400194,59751.4469907,17.5743065,0.0224009454,0,zg,327.5377599,47.2156305,1.00699997,0.023,20220621446979,770,0x8,0x2,21.1800003,26.3752136,0.0159137063,-0.0764685497,4.40448048e-06,30,1.06599998,1,1751.9481716006994,discovery,0.8434793475257152,16,https://irsa.ipac.caltech.edu/ibe/data/ztf/products/sci/2022/0621/446979/ztf_20220621446979_000770_zg_c08_o_q2_
770108200010694,200244991,2459756.9506078176,59756.449919,17.5489159,0.0221765283,0,zg,327.5377723,47.215628,0.762000024,-0.0729999989,20220626449907,770,0x8,0x2,21.5100002,26.4054375,0.0178621188,-0.0904244781,5.55446422e-06,30,1.04799998,1,1756.9513792125508,discovery,0.3015629721457458,6,https://irsa.ipac.caltech.edu/ibe/data/ztf/products/sci/2022/0626/449907/ztf_20220626449907_000770_zg_c08_o_q2_
770108200010694,201744586,2459771.9473646292,59771.4458681,17.5969772,0.0226055346,0,zg,327.5377799,47.2156312,1.41100001,0.0329999998,20220711445856,770,0x8,0x2,21.6100006,26.4021263,0.0171697065,-0.092008777,5.20953881e-06,30,1.03400004,1,1771.948135993909,discovery,0.6720642948394016,13,https://irsa.ipac.caltech.edu/ibe/data/ztf/products/sci/2022/0711/445856/ztf_20220711445856_000770_zg_c08_o_q2_
770108200010694,202637913,2459780.8810729138,59780.3791319,17.5138283,0.021874385,0,zg,327.5377633,47.2156259,0.915000021,-0.0199999996,20220720379120,770,0x8,0x2,20.8700008,26.1480541,0.0502476729,-0.0495542325,4.34087851e-05,30,1.05299997,1,1780.8818442644551,discovery,0.2756128075095603,5,https://irsa.ipac.caltech.edu/ibe/data/ztf/products/sci/2022/0720/379120/ztf_20220720379120_000770_zg_c08_o_q2_
770108200010694,203039621,2459784.898343927,59784.3962153,17.5449715,0.0221421011,0,zg,327.5377959,47.2156191,1.32200003,-0.0199999996,20220724396215,770,0x8,0x2,21.5900002,26.290741,0.0179039259,-0.0922566876,5.7460129e-06,30,1.03499997,1,1784.8991152732633,discovery,0.4463651584071613,8,https://irsa.ipac.caltech.edu/ibe/data/ztf/products/sci/2022/0724/396215/ztf_20220724396215_000770_zg_c08_o_q2_
770108200010694,204340817,2459797.910842242,59797.4081713,17.565527,0.0223227888,0,zg,327.537788,47.2156346,1.15699995,0.00400000019,20220806408171,770,0x8,0x2,21.5100002,26.3877945,0.0177953206,-0.0768197179,5.5399596e-06,30,1.04799998,1,1797.9116135779768,discovery,0.23859449715280334,4,https://irsa.ipac.caltech.edu/ibe/data/ztf/products/sci/2022/0806/408171/ztf_20220806408171_000770_zg_c08_o_q2_
770108200010694,205227303,2459806.7760056113,59806.2730324,17.5763283,0.022419028,0,zg,327.53776,47.215627,0.725000024,-0.0250000004,20220815273021,770,0x8,0x2,20.5100002,26.3290043,0.0199319869,-0.102319799,7.01237013e-06,30,1.10399997,1,1806.776776943356,discovery,0.822166984135265,16,https://irsa.ipac.caltech.edu/ibe/data/ztf/products/sci/2022/0815/273021/ztf_20220815273021_000770_zg_c08_o_q2_
770108200010694,206029629,2459814.799489589,59814.2962963,17.5571823,0.0222490486,0,zg,327.5377652,47.2156314,0.92900002,-0.00800000038,20220823296157,770,0x8,0x2,21.6499996,26.3451252,0.0175838396,-0.0904156342,5.44444811e-06,30,1.04499996,1,1814.8002609214743,discovery,0.16044904406487603,3,https://irsa.ipac.caltech.edu/ibe/data/ztf/products/sci/2022/0823/296157/ztf_20220823296157_000770_zg_c08_o_q2_
770108200010694,206228276,2459816.786005552,59816.2827662,17.5758629,0.0224148687,0,zg,327.537764,47.2156282,1.34099996,0.0329999998,20220825282755,770,0x8,0x2,21.5799999,26.3142414,0.0164433978,-0.0839683264,4.72762213e-06,30,1.051,1,1816.786776884459,discovery,0.7393789267291595,14,https://irsa.ipac.caltech.edu/ibe/data/ztf/products/sci/2022/0825/282755/ztf_20220825282755_000770_zg_c08_o_q2_
770108200010694,206627998,2459820.7833098504,59820.2799884,17.5893326,0.0225360971,0,zg,327.5377704,47.2156358,0.601999998,-0.0460000001,20220829279977,770,0x8,0x2,21.6200008,26.3225536,0.0169771332,-0.0878537074,5.06329206e-06,30,1.04400003,1,1820.7840811852368,discovery,0.9043123845735295,18,https://irsa.ipac.caltech.edu/ibe/data/ztf/products/sci/2022/0829/279977/ztf_20220829279977_000770_zg_c08_o_q2_
770108200010694,206832701,2459822.830371798,59822.3270139,17.5468674,0.0221586302,0,zg,327.5377783,47.2156247,1.35500002,0.0439999998,20220831327014,770,0x8,0x2,21.1599998,26.3518162,0.0177399963,-0.0589896291,5.50695177e-06,30,1.03999996,1,1822.8311431328768,discovery,0.5008871693908645,10,https://irsa.ipac.caltech.edu/ibe/data/ztf/products/sci/2022/0831/327014/ztf_20220831327014_000770_zg_c08_o_q2_
770108200010694,207232844,2459826.8318670723,59826.3284491,17.580101,0.0224528573,0,zg,327.537795,47.2156379,0.592000008,-0.0240000002,20220904328438,770,0x8,0x2,21.2800007,26.3462696,0.016787827,-0.0794731304,4.95853919e-06,30,1.04799998,1,1826.83263840992,discovery,0.6670420024684063,13,https://irsa.ipac.caltech.edu/ibe/data/ztf/products/sci/2022/0904/328438/ztf_20220904328438_000770_zg_c08_o_q2_
770108200010694,207541100,2459829.9144608984,59829.4110069,17.5580578,0.0222567655,0,zg,327.5378119,47.2156261,0.79400003,0.0109999999,20220907411007,770,0x8,0x2,20.8799992,26.2907524,0.0173447784,-0.0872644037,5.20514686e-06,30,1.24600005,1,1829.9152322374284,discovery,0.5654016009384009,11,https://irsa.ipac.caltech.edu/ibe/data/ztf/products/sci/2022/0907/411007/ztf_20220907411007_000770_zg_c08_o_q2_
770108200010694,208522314,2459839.726656781,59839.2231481,17.5584869,0.0222605485,0,zg,327.5377852,47.2156188,1.07000005,0.0469999984,20220917223137,770,0x8,0x2,21.3799992,26.3895817,0.0163156707,-0.0729612112,4.69415954e-06,30,1.04799998,1,1839.7274281308055,discovery,0.4249675561482036,8,https://irsa.ipac.caltech.edu/ibe/data/ztf/products/sci/2022/0917/223137/ztf_20220917223137_000770_zg_c08_o_q2_
770108200010694,208932365,2459843.827161354,59843.3236574,17.5743675,0.0224014893,0,zg,327.5377805,47.2156257,0.994000018,-0.0649999976,20220921323646,770,0x8,0x2,21.5100002,26.3971214,0.0197465159,-0.088650614,6.81653319e-06,30,1.10599995,1,1843.827932709828,discovery,0.6199766469541714,12,https://irsa.ipac.caltech.edu/ibe/data/ztf/products/sci/2022/0921/323646/ztf_20220921323646_000770_zg_c08_o_q2_
770108200010694,209329938,2459847.802870337,59847.2993866,17.5813942,0.0224644803,0,zg,327.537767,47.2156137,0.861000001,0.0160000008,20220925299155,770,0x8,0x2,21.3600006,26.3801155,0.0166343376,-0.0748607516,4.81769803e-06,30,1.08200002,1,1847.8036416992545,discovery,0.7786165882602063,15,https://irsa.ipac.caltech.edu/ibe/data/ztf/products/sci/2022/0925/299155/ztf_20220925299155_000770_zg_c08_o_q2_
770108200010694,209522377,2459849.7272415245,59849.2237731,17.5389442,0.0220897254,0,zg,327.5377759,47.2156281,0.838999987,0.0370000005,20220927223773,770,0x8,0x2,21.5300007,26.377039,0.0170516502,-0.0862346292,5.09150777e-06,30,1.03400004,1,1849.728012890555,discovery,0.33943563464140425,6,https://irsa.ipac.caltech.edu/ibe/data/ztf/products/sci/2022/0927/223773/ztf_20220927223773_000770_zg_c08_o_q2_
770108200010694,209721641,2459851.71986076,59851.216412,17.5865364,0.0225108098,0,zg,327.5377657,47.2156069,0.467000008,0.0390000008,20220929216412,770,0x8,0x2,21.4799995,26.359005,0.0181983355,-0.0967953578,5.78058098e-06,30,1.03499997,1,1851.7206321288832,discovery,0.9201441934121704,18,https://irsa.ipac.caltech.edu/ibe/data/ztf/products/sci/2022/0929/216412/ztf_20220929216412_000770_zg_c08_o_q2_
770108200010694,210126608,2459855.769484982,59855.266088,17.5718842,0.0223793238,0,zg,327.5377956,47.2156258,0.749000013,0.0399999991,20221003266076,770,0x8,0x2,21.4300003,26.3165131,0.0171585679,-0.0766056776,5.115352e-06,30,1.06599998,1,1855.7702563581988,discovery,0.10032523579843655,2,https://irsa.ipac.caltech.edu/ibe/data/ztf/products/sci/2022/1003/266076/ztf_20221003266076_000770_zg_c08_o_q2_
770108200010694,211122400,2459865.727208699,59865.2240046,17.5742264,0.022400232,0,zg,327.5377825,47.2156254,0.395000011,0.0309999995,20221013224005,770,0x8,0x2,20.7000008,26.3601284,0.0173602141,-0.0735266507,5.25827954e-06,30,1.04999995,1,1865.727980098687,discovery,0.0023023374688477816,0,https://irsa.ipac.caltech.edu/ibe/data/ztf/products/sci/2022/1013/224005/ztf_20221013224005_000770_zg_c08_o_q2_
770108200010694,211827762,2459872.7806404857,59872.2776273,17.5450668,0.02214293,0,zg,327.5378123,47.2156432,1.02100003,-0.0489999987,20221020277616,770,0x8,0x2,21.0100002,26.3780327,0.0179183222,-0.0951517597,5.6322865e-06,30,1.19000006,1,1872.7814119025136,discovery,0.05788231903341057,1,https://irsa.ipac.caltech.edu/ibe/data/ztf/products/sci/2022/1020/277616/ztf_20221020277616_000770_zg_c08_o_q2_
770108200010694,212323680,2459877.7396590267,59877.2368056,17.5473976,0.0221632607,0,zg,327.5378174,47.2156362,0.219999999,0.00999999978,20221025236794,770,0x8,0x2,21.1499996,26.3774834,0.0171295255,-0.0822737888,5.15431338e-06,30,1.11800003,1,1877.740430457052,discovery,0.5030879370117418,10,https://irsa.ipac.caltech.edu/ibe/data/ztf/products/sci/2022/1025/236794/ztf_20221025236794_000770_zg_c08_o_q2_
770108200010694,212530347,2459879.806253044,59879.3034722,17.5544739,0.0222252272,0,zg,327.5377676,47.2156383,0.785000026,0.00499999989,20221027303472,770,0x8,0x2,20.6000004,26.2878189,0.0231326688,-0.0699474514,9.58655346e-06,30,1.38100004,1,1879.807024483569,discovery,0.10535495100970138,2,https://irsa.ipac.caltech.edu/ibe/data/ztf/products/sci/2022/1027/303472/ztf_20221027303472_000770_zg_c08_o_q2_
770108200010694,212732780,2459881.830507408,59881.3278009,17.5930557,0.0225698538,0,zg,327.5377892,47.2156533,0.996999979,-0.0340000018,20221029327801,770,0x8,0x2,20.6800003,26.2527847,0.0202327576,-0.0567453392,7.11232133e-06,30,1.58099997,1,1881.8312788526528,discovery,0.695282928540621,13,https://irsa.ipac.caltech.edu/ibe/data/ztf/products/sci/2022/1029/327801/ztf_20221029327801_000770_zg_c08_o_q2_
770108200010694,213320429,2459887.706767465,59887.204294,17.5325508,0.0220344663,0,zg,327.53778,47.2156307,0.987999976,-0.0370000005,20221104204294,770,0x8,0x2,20.1399994,26.3699131,0.0209810734,-0.0968308896,7.76422348e-06,30,1.10699999,1,1887.7075389293025,discovery,0.4078000288654948,8,https://irsa.ipac.caltech.edu/ibe/data/ztf/products/sci/2022/1104/204294/ztf_20221104204294_000770_zg_c08_o_q2_
770108200010694,213522145,2459889.723846094,59889.2214583,17.5448608,0.0221411362,0,zg,327.5377708,47.2156557,0.328000009,-0.0120000001,20221106221435,770,0x8,0x2,19.8299999,26.3670712,0.0239367355,-0.0877873376,1.01755386e-05,30,1.16100001,1,1889.7246175664477,discovery,0.9956367845151703,19,https://irsa.ipac.caltech.edu/ibe/data/ztf/products/sci/2022/1106/221435/ztf_20221106221435_000770_zg_c08_o_q2_
770108200010694,214024359,2459894.745762422,59894.2435995,17.439846,0.0212665591,0,zg,327.5377267,47.2156844,0.999000013,0.0599999987,20221111243600,770,0x8,0x2,19.1299992,26.3145905,0.0368703566,-0.066576086,2.4012108e-05,30,1.28799999,1,1894.7465339149348,discovery,0.4591726918789618,9,https://irsa.ipac.caltech.edu/ibe/data/ztf/products/sci/2022/1111/243600/ztf_20221111243600_000770_zg_c08_o_q2_
770108200010694,214415759,2459898.659569668,59898.1575926,17.5771255,0.0224261694,0,zg,327.5377707,47.2156356,0.888999999,-0.0120000001,20221115157593,770,0x8,0x2,21.3199997,26.3877296,0.0167476498,-0.0785557032,5.00388887e-06,30,1.07799995,1,1898.6603411734104,discovery,0.5997726262060041,11,https://irsa.ipac.caltech.edu/ibe/data/ztf/products/sci/2022/1115/157593/ztf_20221115157593_000770_zg_c08_o_q2_
770108200010694,214828394,2459902.785718626,59902.2839468,17.4418831,0.0212827809,0,zg,327.5377035,47.2157443,1.16199994,0.430000007,20221119283947,770,0x8,0x2,18.7000008,26.2169247,0.0531846695,-0.0496978574,5.51130142e-05,30,1.699,1,1902.786490149796,discovery,0.8022552577401143,16,https://irsa.ipac.caltech.edu/ibe/data/ztf/products/sci/2022/1119/283947/ztf_20221119283947_000770_zg_c08_o_q2_
770108200010694,215016021,2459904.6618956826,59904.1602199,17.5400467,0.0220992882,0,zg,327.5377771,47.215623,1.17299998,0.0270000007,20221121160185,770,0x8,0x2,20.9500008,26.3501568,0.0178127047,-0.0708276033,5.6333779e-06,30,1.11199999,1,1904.6626672116108,discovery,0.34902910023265576,6,https://irsa.ipac.caltech.edu/ibe/data/ztf/products/sci/2022/1121/160185/ztf_20221121160185_000770_zg_c08_o_q2_
770108200010694,215411627,2459908.6177409743,59908.1162731,17.4839058,0.0216238573,0,zg,327.5378002,47.2156173,0.810000002,0.0309999995,20221125116273,770,0x8,0x2,20.0699997,26.4170322,0.0247631464,-0.0733532757,1.10344854e-05,30,1.05999994,1,1908.6185125191696,discovery,0.5018801733758664,10,https://irsa.ipac.caltech.edu/ibe/data/ztf/products/sci/2022/1125/116273/ztf_20221125116273_000770_zg_c08_o_q2_
770108200010694,215613209,2459910.6334543484,59910.1320949,17.5532284,0.0222142916,0,zg,327.537773,47.215632,0.326000005,0.023,20221127132095,770,0x8,0x2,21.2700005,26.3972912,0.0167536139,-0.0864663124,4.96621351e-06,30,1.09000003,1,1910.6342259035448,discovery,0.08931905372992333,1,https://irsa.ipac.caltech.edu/ibe/data/ztf/products/sci/2022/1127/132095/ztf_20221127132095_000770_zg_c08_o_q2_
770108200010694,216823508,2459922.7357633696,59922.235081,17.5475807,0.0221648607,0,zg,327.5378086,47.2156368,0.749000013,-0.0379999988,20221209235081,770,0x8,0x2,19.7600002,26.2414894,0.0233387854,-0.0695867538,9.5217556e-06,30,1.75600004,1,1922.7365349791944,discovery,0.6162921582429703,12,https://irsa.ipac.caltech.edu/ibe/data/ztf/products/sci/2022/1209/235081/ztf_20221209235081_000770_zg_c08_o_q2_
770108200010694,217015525,2459924.6558267404,59924.1552546,17.5359612,0.0220639091,0,zg,327.5378067,47.2156322,0.859000027,-0.0500000007,20221211155243,770,0x8,0x2,20.4400005,26.3327293,0.0196914375,-0.0897600278,6.79711729e-06,30,1.26100004,1,1924.656598359812,discovery,0.1758557803640315,3,https://irsa.ipac.caltech.edu/ibe/data/ztf/products/sci/2022/1211/155243/ztf_20221211155243_000770_zg_c08_o_q2_
770108200010694,217622038,2459930.720603167,59930.2203819,17.5576935,0.0222535525,0,zg,327.5378287,47.2156497,0.611999989,-0.0120000001,20221217220370,770,0x8,0x2,19.7199993,26.175766,0.0287678726,-0.0530026853,1.44541991e-05,30,1.83399999,1,1930.7213748157956,discovery,0.9433121650448584,18,https://irsa.ipac.caltech.edu/ibe/data/ztf/products/sci/2022/1217/220370/ztf_20221217220370_000770_zg_c08_o_q2_
770108200010694,218313946,2459937.6392881004,59937.1394676,17.5777016,0.0224313289,0,zg,327.5377994,47.2156498,0.698000014,-0.0379999988,20221224139421,770,0x8,0x2,20.9599991,26.3395157,0.0183821749,-0.0722634569,5.95166284e-06,30,1.35099995,1,1937.6400597887111,discovery,0.9596229091795863,19,https://irsa.ipac.caltech.edu/ibe/data/ztf/products/sci/2022/1224/139421/ztf_20221224139421_000770_zg_c08_o_q2_
770108200010694,219714200,2459951.6410340983,59951.1420023,17.5352211,0.0220575109,0,zg,327.537668,47.2156308,0.409000009,-0.00100000005,20230107142002,770,0x8,0x2,19.1499996,26.2388859,0.0405730493,-0.0552999228,2.83693917e-05,30,1.625,1,1951.6418058769775,discovery,0.040148498209418904,0,https://irsa.ipac.caltech.edu/ibe/data/ztf/products/sci/2023/0107/142002/ztf_20230107142002_000770_zg_c08_o_q2_
770108200010694,231146986,2460065.967661077,60065.4698611,17.5515633,0.0221996997,0,zg,327.537774,47.2156388,1.26900005,0.0160000008,20230501469850,770,0x8,0x2,20.7900009,26.1933632,0.0191195868,-0.0775876418,6.51367054e-06,30,1.46700001,1,2065.9684337833896,discovery,0.3583309405085515,7,https://irsa.ipac.caltech.edu/ibe/data/ztf/products/sci/2023/0501/469850/ztf_20230501469850_000770_zg_c08_o_q2_
770108200010694,231943075,2460073.9288858157,60073.4307523,17.5295296,0.0220084544,0,zg,327.5377756,47.2156277,0.657999992,-0.0270000007,20230509430752,770,0x8,0x2,19.7099991,26.1121044,0.023857411,-0.0659377947,9.80914047e-06,30,1.59399998,1,2073.9296585996635,discovery,0.6784688274574364,13,https://irsa.ipac.caltech.edu/ibe/data/ztf/products/sci/2023/0509/430752/ztf_20230509430752_000770_zg_c08_o_q2_
770108200010694,234443605,2460098.935443783,60098.4360532,17.5614834,0.0222869888,0,zg,327.5377504,47.2156212,0.731999993,-0.0729999989,20230603436042,770,0x8,0x2,20.3199997,26.3316975,0.0199586432,-0.0836933926,7.05812317e-06,30,1.199,1,2098.9362168200314,validation,0.9661242433263055,19,https://irsa.ipac.caltech.edu/ibe/data/ztf/products/sci/2023/0603/436042/ztf_20230603436042_000770_zg_c08_o_q2_
770108200010694,234645206,2460100.951561305,60100.4520602,17.5666695,0.0223329309,0,zg,327.5377684,47.2156102,0.572000027,-0.0359999985,20230605452025,770,0x8,0x2,20.3700008,26.3375282,0.0195462052,-0.089303866,6.61378726e-06,30,1.13800001,1,2100.952334363945,validation,0.5536809078000715,11,https://irsa.ipac.caltech.edu/ibe/data/ztf/products/sci/2023/0605/452025/ztf_20230605452025_000770_zg_c08_o_q2_
770108200010694,234942491,2460103.924584443,60103.424919,17.5241795,0.0219625663,0,zg,327.5377355,47.2156158,1.375,-0.0780000016,20230608424907,770,0x8,0x2,20.5499992,26.2774792,0.0184758659,-0.100703396,6.0427069e-06,30,1.19099998,1,2103.9253575312905,validation,0.4201083543953814,8,https://irsa.ipac.caltech.edu/ibe/data/ztf/products/sci/2023/0608/424907/ztf_20230608424907_000770_zg_c08_o_q2_
770108200010694,235440289,2460108.902836847,60108.4028935,17.5676384,0.022341527,0,zg,327.5377232,47.2156268,1.16100001,-0.0250000004,20230613402870,770,0x8,0x2,21.0699997,26.3039284,0.017891787,-0.0742560476,5.65298114e-06,30,1.21899998,1,2108.9036099882796,validation,0.8709193040681953,17,https://irsa.ipac.caltech.edu/ibe/data/ztf/products/sci/2023/0613/402870/ztf_20230613402870_000770_zg_c08_o_q2_
770108200010694,235641114,2460110.9112018696,60110.4111458,17.5775146,0.0224296525,0,zg,327.5377473,47.215626,0.818000019,0.0649999976,20230615411146,770,0x8,0x2,21.6299992,26.270731,0.018191088,-0.0710176378,5.83002793e-06,30,1.17499995,1,2110.911975034047,validation,0.4562166598196882,9,https://irsa.ipac.caltech.edu/ibe/data/ztf/products/sci/2023/0615/411146/ztf_20230615411146_000770_zg_c08_o_q2_
770108200010694,235943270,2460113.932934206,60113.4327083,17.5449352,0.02214179,0,zg,327.5377645,47.2156278,0.61500001,-0.0219999999,20230618432697,770,0x8,0x2,21.5900002,26.3772297,0.0174961705,-0.0980438143,5.29744921e-06,30,1.10300004,1,2113.933707404416,validation,0.33683941806441453,6,https://irsa.ipac.caltech.edu/ibe/data/ztf/products/sci/2023/0618/432697/ztf_20230618432697_000770_zg_c08_o_q2_
770108200010694,236241140,2460116.91179369,60116.4114005,17.5508881,0.0221937802,0,zg,327.5377566,47.2156269,0.479000002,-0.00400000019,20230621411400,770,0x8,0x2,21.0200005,26.3116436,0.0172245167,-0.0767782107,5.22201026e-06,30,1.13100004,1,2116.912566921208,validation,0.20496775061440076,4,https://irsa.ipac.caltech.edu/ibe/data/ztf/products/sci/2023/0621/411400/ztf_20230621411400_000770_zg_c08_o_q2_
770108200010694,236543688,2460119.9374491316,60119.4368866,17.5379105,0.0220807698,0,zg,327.5377545,47.2156285,0.499000013,-0.0289999992,20230624436875,770,0x8,0x2,21.2000008,26.3935337,0.0171964169,-0.0955039486,5.1988809e-06,30,1.06900001,1,2119.938222395722,validation,0.08673381818277903,1,https://irsa.ipac.caltech.edu/ibe/data/ztf/products/sci/2023/0624/436875/ztf_20230624436875_000770_zg_c08_o_q2_
770108200010694,236741866,2460121.919341908,60121.418669,17.5716705,0.0223774221,0,zg,327.5377657,47.2156219,0.95599997,-0.00899999961,20230626418657,770,0x8,0x2,21.1299992,26.4084339,0.0173135828,-0.100821324,5.26331587e-06,30,1.08800006,1,2121.9201151938178,validation,0.6643163729843877,13,https://irsa.ipac.caltech.edu/ibe/data/ztf/products/sci/2023/0626/418657/ztf_20230626418657_000770_zg_c08_o_q2_
770108200010694,237140990,2460125.910800753,60125.4099074,17.5867214,0.0225124806,0,zg,327.5377797,47.2156223,0.959999979,0.00200000009,20230630409896,770,0x8,0x2,20.9400005,26.3418865,0.0194591191,-0.0880721435,6.63415312e-06,30,1.08500004,1,2125.9115740847774,validation,0.8275463044120102,16,https://irsa.ipac.caltech.edu/ibe/data/ztf/products/sci/2023/0630/409896/ztf_20230630409896_000770_zg_c08_o_q2_
770108200010694,237343133,2460127.9323348184,60127.431331,17.5220909,0.021944711,0,zg,327.5377611,47.2156005,0.463,-0.0189999994,20230702431331,770,0x8,0x2,20.5300007,26.3532238,0.018304592,-0.0726939589,5.79415928e-06,30,1.051,1,2127.933108170517,validation,0.4166815104038051,8,https://irsa.ipac.caltech.edu/ibe/data/ztf/products/sci/2023/0702/431331/ztf_20230702431331_000770_zg_c08_o_q2_
770108200010694,237932959,2460133.830915096,60133.3295949,17.5491867,0.0221788939,0,zg,327.53774,47.2156274,0.317999989,0.00100000005,20230708329525,770,0x8,0x2,20.9899998,26.3562851,0.0165346451,-0.0770620704,4.74723129e-06,30,1.23800004,1,2133.831688517239,validation,0.13570340181769325,2,https://irsa.ipac.caltech.edu/ibe/data/ztf/products/sci/2023/0708/329525/ztf_20230708329525_000770_zg_c08_o_q2_
770108200010694,238133010,2460135.8315293556,60135.3301042,17.5838623,0.0224866923,0,zg,327.5377659,47.2156098,0.744000018,-0.00300000003,20230710330093,770,0x8,0x2,21.2700005,26.3923397,0.0170145873,-0.0950726271,5.09959045e-06,30,1.21599996,1,2135.8323027994484,validation,0.718741954357597,14,https://irsa.ipac.caltech.edu/ibe/data/ztf/products/sci/2023/0710/330093/ztf_20230710330093_000770_zg_c08_o_q2_
770108200010694,238543615,2460139.9377935147,60139.4361574,17.5896454,0.0225389246,0,zg,327.5377675,47.2156284,0.703999996,0.0439999998,20230714436146,770,0x8,0x2,21.5499992,26.3157291,0.016897941,-0.078764908,5.01367322e-06,30,1.03400004,1,2139.938567007892,validation,0.9154295726191322,18,https://irsa.ipac.caltech.edu/ibe/data/ztf/products/sci/2023/0714/436146/ztf_20230714436146_000770_zg_c08_o_q2_
770108200010694,239040967,2460144.911558148,60144.4096759,17.5444336,0.0221374184,0,zg,327.5377628,47.21562,0.768000007,0.0480000004,20230719409630,770,0x8,0x2,21.6000004,26.3867569,0.0165828466,-0.0896887556,4.80690915e-06,30,1.03600001,1,2144.9123316993937,validation,0.36493265384518736,7,https://irsa.ipac.caltech.edu/ibe/data/ztf/products/sci/2023/0719/409630/ztf_20230719409630_000770_zg_c08_o_q2_
770108200010694,239442734,2460148.9294219106,60148.4273495,17.5612297,0.0222847443,0,zg,327.5377554,47.2156141,1.13900006,0.00600000005,20230723427292,770,0x8,0x2,21.6000004,26.3002682,0.0166738201,-0.0789999515,4.8795996e-06,30,1.03600001,1,2148.930195509456,validation,0.5358577646737217,10,https://irsa.ipac.caltech.edu/ibe/data/ztf/products/sci/2023/0723/427292/ztf_20230723427292_000770_zg_c08_o_q2_
770108200010694,240534047,2460159.8430171497,60159.3404745,17.5856781,0.0225030612,0,zg,327.5377629,47.21563,1.10300004,-0.0260000005,20230803340463,770,0x8,0x2,20.0699997,26.3955936,0.02083949,-0.0832355171,7.54444682e-06,30,1.05400002,1,2159.8437908845954,validation,0.7164043133568612,14,https://irsa.ipac.caltech.edu/ibe/data/ztf/products/sci/2023/0803/340463/ztf_20230803340463_000770_zg_c08_o_q2_
770108200010694,240840388,2460162.9065498984,60162.4038889,17.5988598,0.0226227008,0,zg,327.5377762,47.2156276,0.809000015,0.0250000004,20230806403889,770,0x8,0x2,20.9799995,26.3943043,0.0167609453,-0.0765824988,4.89368631e-06,30,1.04499996,1,2162.907323671505,validation,0.6092089572213695,12,https://irsa.ipac.caltech.edu/ibe/data/ztf/products/sci/2023/0806/403889/ztf_20230806403889_000770_zg_c08_o_q2_
770108200010694,241736086,2460171.8638362624,60171.3608681,17.5498009,0.0221842621,0,zg,327.5377728,47.2156227,0.814999998,-0.0710000023,20230815360683,770,0x8,0x2,21.3600006,26.3938541,0.0232633855,-0.101445243,9.46395903e-06,30,1.03499997,1,2171.864610149525,validation,0.2196288613833417,4,https://irsa.ipac.caltech.edu/ibe/data/ztf/products/sci/2023/0815/360683/ztf_20230815360683_000770_zg_c08_o_q2_
770108200010694,242942570,2460183.928985726,60183.425706,17.5898132,0.0225404464,0,zg,327.5377996,47.2156075,0.591000021,0.0309999995,20230827425706,770,0x8,0x2,21.3999996,26.3615265,0.0173435099,-0.0739285275,5.29612498e-06,30,1.19000006,1,2183.9297597710975,validation,0.735772594882178,14,https://irsa.ipac.caltech.edu/ibe/data/ztf/products/sci/2023/0827/425706/ztf_20230827425706_000770_zg_c08_o_q2_
770108200010694,243145041,2460185.953736306,60185.4504167,17.5232964,0.0219550207,0,zg,327.5377813,47.2156167,0.676999986,0.0120000001,20230829450417,770,0x8,0x2,20.4599991,26.3317814,0.0193794426,-0.0650399998,6.53558709e-06,30,1.30599999,1,2185.9545103800483,validation,0.3258451914815055,6,https://irsa.ipac.caltech.edu/ibe/data/ztf/products/sci/2023/0829/450417/ztf_20230829450417_000770_zg_c08_o_q2_
770108200010694,244625997,2460200.7634735582,60200.2599769,17.5766945,0.0224223044,0,zg,327.5377782,47.2156108,0.602999985,-0.0179999992,20230913259965,770,0x8,0x2,21.5900002,26.4030914,0.0164911766,-0.0919496045,4.79070013e-06,30,1.03499997,1,2200.7642478374764,validation,0.6418435163255367,12,https://irsa.ipac.caltech.edu/ibe/data/ztf/products/sci/2023/0913/259965/ztf_20230913259965_000770_zg_c08_o_q2_
770108200010694,245032622,2460204.829735533,60204.3262269,17.5876255,0.0225206558,0,zg,327.5377744,47.2156277,0.952000022,0.0680000037,20230917326215,770,0x8,0x2,21.7299995,26.3775883,0.0179136861,-0.0924101993,5.62852938e-06,30,1.08899999,1,2204.8305098712444,validation,0.8268733101735961,16,https://irsa.ipac.caltech.edu/ibe/data/ztf/products/sci/2023/0917/326215/ztf_20230917326215_000770_zg_c08_o_q2_
770108200010694,245230239,2460206.8059044494,60206.3023958,17.5625648,0.0222965498,0,zg,327.5377924,47.2156123,1.34899998,-0.0930000022,20230919302361,770,0x8,0x2,21.5100002,26.4264793,0.018063996,-0.101046383,5.75617514e-06,30,1.06299996,1,2206.8066788148135,validation,0.40278776338863054,8,https://irsa.ipac.caltech.edu/ibe/data/ztf/products/sci/2023/0919/302361/ztf_20230919302361_000770_zg_c08_o_q2_
770108200010694,245823321,2460212.7367034093,60212.2332176,17.5612106,0.0222845767,0,zg,327.5377704,47.2156192,0.654999971,-0.00400000019,20230925233009,770,0x8,0x2,20.8299999,26.3987141,0.0172493421,-0.0876937211,5.1444681e-06,30,1.03400004,1,2212.737477862742,validation,0.13119914336255079,2,https://irsa.ipac.caltech.edu/ibe/data/ztf/products/sci/2023/0925/233009/ztf_20230925233009_000770_zg_c08_o_q2_
770108200010694,246042583,2460214.9293019157,60214.4258333,17.5851898,0.0224986617,0,zg,327.53779,47.2156204,0.80400002,-0.0140000004,20230927425752,770,0x8,0x2,19.8500004,26.2390766,0.0237579606,-0.0478308089,9.72151338e-06,30,1.66600001,1,2214.9300764007494,validation,0.7701876226856257,15,https://irsa.ipac.caltech.edu/ibe/data/ztf/products/sci/2023/0927/425752/ztf_20230927425752_000770_zg_c08_o_q2_
770108200010694,246620422,2460220.7076260652,60220.2042245,17.521328,0.0219381955,0,zg,327.53778,47.2156292,0.686999977,-0.0199999996,20231003204155,770,0x8,0x2,20.5599995,26.3617001,0.0195286125,-0.0818941817,6.78274046e-06,30,1.03499997,1,2220.7084006378427,validation,0.4541633041851014,9,https://irsa.ipac.caltech.edu/ibe/data/ztf/products/sci/2023/1003/204155/ztf_20231003204155_000770_zg_c08_o_q2_
770108200010694,246822133,2460222.7247016313,60222.221331,17.557003,0.0222474746,0,zg,327.5377641,47.2156285,0.834999979,0.0170000009,20231005221331,770,0x8,0x2,20.9699993,26.3884659,0.018733995,-0.0648488998,6.1157798e-06,30,1.03499997,1,2222.725476235617,validation,0.04199917407157727,0,https://irsa.ipac.caltech.edu/ibe/data/ztf/products/sci/2023/1005/221331/ztf_20231005221331_000770_zg_c08_o_q2_
770108200010694,247824246,2460232.7456258936,60232.2424653,17.5789814,0.0224428084,0,zg,327.5377773,47.2156283,1.39999998,0.111000001,20231015242350,770,0x8,0x2,21.1599998,26.3671551,0.0179304667,-0.060822092,5.64418178e-06,30,1.07700002,1,2232.7464006510563,validation,0.962394833667247,19,https://irsa.ipac.caltech.edu/ibe/data/ztf/products/sci/2023/1015/242350/ztf_20231015242350_000770_zg_c08_o_q2_
770108200010694,248020112,2460234.704231562,60234.2011227,17.5770531,0.0224255193,0,zg,327.5377657,47.2155998,0.711000025,0.00600000005,20231017201111,770,0x8,0x2,21.5100002,26.3668289,0.0167521704,-0.0703049675,4.98504551e-06,30,1.04100001,1,2234.705006349832,validation,0.5331908345581837,10,https://irsa.ipac.caltech.edu/ibe/data/ztf/products/sci/2023/1017/201111/ztf_20231017201111_000770_zg_c08_o_q2_
770108200010694,248424101,2460238.7440100317,60238.2410185,17.5889397,0.0225325357,0,zg,327.537772,47.2156297,0.481999993,0.00999999978,20231021241019,770,0x8,0x2,21.4200001,26.3519974,0.0169626754,-0.0760570765,5.04201125e-06,30,1.10300004,1,2238.7447848832235,validation,0.7105025480831273,14,https://irsa.ipac.caltech.edu/ibe/data/ztf/products/sci/2023/1021/241019/ztf_20231021241019_000770_zg_c08_o_q2_
770108200010694,248832716,2460242.8300232165,60242.3271644,17.5265713,0.0219830591,0,zg,327.5377965,47.215646,0.652999997,0.0599999987,20231025327153,770,0x8,0x2,20.3299999,26.2678318,0.0191914383,-0.0606997237,6.43493649e-06,30,1.49000001,1,2242.8307981318794,validation,0.9012884338683307,18,https://irsa.ipac.caltech.edu/ibe/data/ztf/products/sci/2023/1025/327153/ztf_20231025327153_000770_zg_c08_o_q2_
770108200010694,249613678,2460250.6393510597,60250.1367824,17.5436554,0.0221306402,0,zg,327.5377685,47.215624,0.550999999,0.0160000008,20231102136782,770,0x8,0x2,21.0799999,26.4047241,0.0173079483,-0.0796639174,5.36826019e-06,30,1.03400004,1,2250.6401261021383,validation,0.17715905849507863,3,https://irsa.ipac.caltech.edu/ibe/data/ztf/products/sci/2023/1102/136782/ztf_20231102136782_000770_zg_c08_o_q2_
770108200010694,249817677,2460252.679256159,60252.1767708,17.5939941,0.0225783773,0,zg,327.5377703,47.2156148,1.26300001,-0.0260000005,20231104176759,770,0x8,0x2,21.4400005,26.3777161,0.0195275098,-0.079382576,6.82443169e-06,30,1.06299996,1,2252.680031234864,validation,0.7716481344151589,15,https://irsa.ipac.caltech.edu/ibe/data/ztf/products/sci/2023/1104/176759/ztf_20231104176759_000770_zg_c08_o_q2_
770108200010694,250017623,2460254.67863928,60254.1762384,17.5468864,0.022158796,0,zg,327.5377514,47.2156291,0.836000025,0.0299999993,20231106176227,770,0x8,0x2,21.4599991,26.3812885,0.0167351458,-0.0686123669,4.8859506e-06,30,1.06900001,1,2254.6794143901207,validation,0.35432789991500613,7,https://irsa.ipac.caltech.edu/ibe/data/ztf/products/sci/2023/1106/176227/ztf_20231106176227_000770_zg_c08_o_q2_
770108200010694,250319646,2460257.698738044,60257.1964699,17.5366383,0.0220697634,0,zg,327.5377289,47.2156227,0.749000013,0.00200000009,20231109196435,770,0x8,0x2,20.3799992,26.3599873,0.0211294144,-0.0782288164,7.96988206e-06,30,1.11800003,1,2257.6995132048614,validation,0.23447459142482785,4,https://irsa.ipac.caltech.edu/ibe/data/ztf/products/sci/2023/1109/196435/ztf_20231109196435_000770_zg_c08_o_q2_
770108200010694,253011511,2460284.615990588,60284.1151157,17.535881,0.0220632087,0,zg,327.5377677,47.2156053,1.17299998,-0.0729999989,20231206115116,770,0x8,0x2,20.9699993,26.3905106,0.0180687141,-0.0882728398,5.65216988e-06,30,1.10300004,1,2284.616766204126,validation,0.07896334000554361,1,https://irsa.ipac.caltech.edu/ibe/data/ztf/products/sci/2023/1206/115116/ztf_20231206115116_000770_zg_c08_o_q2_
770108200010694,267844876,2460432.9466299573,60432.4487616,17.5541821,0.0222226642,0,zg,327.5377339,47.215609,0.963999987,0.0189999994,20240502448762,770,0x8,0x2,20.9599991,26.1724243,0.0176650472,-0.065866679,5.46291903e-06,30,1.58599997,1,2432.9474083711393,validation,0.3069277084599662,6,https://irsa.ipac.caltech.edu/ibe/data/ztf/products/sci/2024/0502/448762/ztf_20240502448762_000770_zg_c08_o_q2_
770108200010694,269545291,2460449.9515592125,60449.4529167,17.5462112,0.0221529081,0,zg,327.5377573,47.2156282,0.805999994,-0.00600000005,20240519452917,770,0x8,0x2,20.8199997,26.3119068,0.0183145199,-0.0813079402,5.87933755e-06,30,1.28299999,1,2449.952337972354,validation,0.26267036655292486,5,https://irsa.ipac.caltech.edu/ibe/data/ztf/products/sci/2024/0519/452917/ztf_20240519452917_000770_zg_c08_o_q2_
770108200010694,269842395,2460452.922750924,60452.4239583,17.5055885,0.02180475,0,zg,327.5377181,47.2156077,0.741999984,-0.0219999999,20240522423889,770,0x8,0x2,20.0699997,26.2043819,0.0208995324,-0.0809460655,7.57397538e-06,30,1.38499999,1,2452.92352974182,validation,0.128564089292297,2,https://irsa.ipac.caltech.edu/ibe/data/ztf/products/sci/2024/0522/423889/ztf_20240522423889_000770_zg_c08_o_q2_
770108200010694,270342928,2460457.928335552,60457.4292824,17.5825539,0.0224749055,0,zg,327.5377321,47.2156088,0.726000011,0.0120000001,20240527429259,770,0x8,0x2,20.7399998,26.3118114,0.0178020559,-0.0692331716,5.49447486e-06,30,1.29100001,1,2457.9291144730523,validation,0.587340477257726,11,https://irsa.ipac.caltech.edu/ibe/data/ztf/products/sci/2024/0527/429259/ztf_20240527429259_000770_zg_c08_o_q2_
770108200010694,271044856,2460464.9479964236,60464.4485648,17.6007957,0.0226403866,0,zg,327.5377417,47.2156089,1.09200001,-0.0329999998,20240603448553,770,0x8,0x2,21.6100006,26.3004799,0.017632151,-0.0996771902,5.53089149e-06,30,1.15600002,1,2464.948775489349,validation,0.6330786461077764,12,https://irsa.ipac.caltech.edu/ibe/data/ztf/products/sci/2024/0603/448553/ztf_20240603448553_000770_zg_c08_o_q2_
770108200010694,272545606,2460479.9563336675,60479.4560648,17.5528908,0.02221133,0,zg,327.5377637,47.2156134,1.33200002,-0.0320000015,20240618456065,770,0x8,0x2,21.0100002,26.3712292,0.0204212591,-0.0954265743,7.36621905e-06,30,1.06299996,1,2479.9571130466647,validation,0.006954951631314543,0,https://irsa.ipac.caltech.edu/ibe/data/ztf/products/sci/2024/0618/456065/ztf_20240618456065_000770_zg_c08_o_q2_
770108200010694,272843074,2460482.931176407,60482.4307407,17.5818386,0.0224684682,0,zg,327.5377339,47.2156126,0.400000006,0.0320000015,20240621430718,770,0x8,0x2,20.5100002,26.3737125,0.0182181913,-0.0662753433,5.78107574e-06,30,1.08800006,1,2482.931955846492,validation,0.8739126932953809,17,https://irsa.ipac.caltech.edu/ibe/data/ztf/products/sci/2024/0621/430718/ztf_20240621430718_000770_zg_c08_o_q2_
770108200010694,273043491,2460484.935466768,60484.434919,17.5214119,0.0219389182,0,zg,327.5377799,47.2156007,0.768000007,-0.0240000002,20240623434919,770,0x8,0x2,20.5300007,26.3828869,0.0201577526,-0.0843356401,7.0726237e-06,30,1.07299995,1,2484.936246250756,validation,0.45802257722618833,9,https://irsa.ipac.caltech.edu/ibe/data/ztf/products/sci/2024/0623/434919/ztf_20240623434919_000770_zg_c08_o_q2_
770108200010694,274542905,2460499.9304154785,60499.4290509,17.5730228,0.022389479,0,zg,327.537767,47.2156019,1.09899998,-0.00700000022,20240708428924,770,0x8,0x2,21.5300007,26.3468914,0.0172103103,-0.0862910077,5.18516254e-06,30,1.03900003,1,2499.93119527679,validation,0.8279970662082405,16,https://irsa.ipac.caltech.edu/ibe/data/ztf/products/sci/2024/0708/428924/ztf_20240708428924_000770_zg_c08_o_q2_
770108200010694,275042962,2460504.9312523464,60504.4296296,17.5583992,0.0222597718,0,zg,327.5377651,47.2155937,1.33599997,-0.00300000003,20240713429595,770,0x8,0x2,21.4400005,26.2250652,0.018284779,-0.094764173,5.81991935e-06,30,1.03400004,1,2504.932032249868,validation,0.2853898161247912,5,https://irsa.ipac.caltech.edu/ibe/data/ztf/products/sci/2024/0713/429595/ztf_20240713429595_000770_zg_c08_o_q2_
770108200010694,276632501,2460520.8273785985,60520.3250116,17.6041145,0.0226707738,0,zg,327.537751,47.2156074,0.458999991,-0.023,20240729325012,770,0x8,0x2,21.25,26.3751354,0.0175574813,-0.0852214023,5.33741377e-06,30,1.09099996,1,2520.8281588423997,validation,0.9179942726247532,18,https://irsa.ipac.caltech.edu/ibe/data/ztf/products/sci/2024/0729/325012/ztf_20240729325012_000770_zg_c08_o_q2_
770108200010694,277134056,2460525.8431390407,60525.3405671,17.5490284,0.0221775062,0,zg,327.5377655,47.2155998,1.17999995,-0.0379999988,20240803340556,770,0x8,0x2,21.4599991,26.330595,0.0182124879,-0.0883293971,5.78843265e-06,30,1.05200005,1,2525.8439193922095,validation,0.3797361970192128,7,https://irsa.ipac.caltech.edu/ibe/data/ztf/products/sci/2024/0803/340556/ztf_20240803340556_000770_zg_c08_o_q2_
770108200010694,277332631,2460527.8289678297,60527.3263194,17.5409203,0.022106871,0,zg,327.537749,47.2156035,1.12899995,-0.0939999968,20240805326308,770,0x8,0x2,21.3500004,26.3461571,0.0172197279,-0.103457212,5.19145806e-06,30,1.06099999,1,2527.829748224467,validation,0.9584658293363191,19,https://irsa.ipac.caltech.edu/ibe/data/ztf/products/sci/2024/0805/326308/ztf_20240805326308_000770_zg_c08_o_q2_
770108200010694,278436664,2460538.86966419,60538.3666435,17.5645485,0.0223141108,0,zg,327.5377427,47.215605,0.735000014,0.0390000008,20240816366644,770,0x8,0x2,20.9599991,26.3880615,0.0168602467,-0.0752361938,4.9455025e-06,30,1.03999996,1,2538.870444824919,validation,0.1760534583973481,3,https://irsa.ipac.caltech.edu/ibe/data/ztf/products/sci/2024/0816/366644/ztf_20240816366644_000770_zg_c08_o_q2_
770108200010694,279330262,2460547.8058775985,60547.3026273,17.5914154,0.0225549694,0,zg,327.5377576,47.2156128,0.44600001,0.0270000007,20240825302616,770,0x8,0x2,20.7399998,26.3798923,0.0182158668,-0.0757707506,5.77356695e-06,30,1.03699994,1,2547.8066584295593,validation,0.7803320999968264,15,https://irsa.ipac.caltech.edu/ibe/data/ztf/products/sci/2024/0825/302616/ztf_20240825302616_000770_zg_c08_o_q2_
770108200010694,279528084,2460549.7841367465,60549.2808449,17.5624237,0.0222953055,0,zg,327.5377357,47.2156047,0.31099999,0.0520000011,20240827280741,770,0x8,0x2,21.4899998,26.3858376,0.0178752914,-0.0865551233,5.56529221e-06,30,1.04700005,1,2549.7849176204763,validation,0.3568557135077981,7,https://irsa.ipac.caltech.edu/ibe/data/ztf/products/sci/2024/0827/280741/ztf_20240827280741_000770_zg_c08_o_q2_
770108200010694,279730321,2460551.8065483114,60551.3032176,17.5697956,0.022360716,0,zg,327.5377596,47.2156051,0.165000007,0.00600000005,20240829303218,770,0x8,0x2,21.4200001,26.3989468,0.0167775974,-0.088247858,4.86651834e-06,30,1.03400004,1,2551.807329229545,validation,0.9462466559182303,18,https://irsa.ipac.caltech.edu/ibe/data/ztf/products/sci/2024/0829/303218/ztf_20240829303218_000770_zg_c08_o_q2_
770108200010694,279929892,2460553.802289024,60553.2989236,17.5577469,0.0222540237,0,zg,327.5377464,47.215593,0.825999975,0.00600000005,20240831298530,770,0x8,0x2,21.4599991,26.3940372,0.0170114879,-0.0839743242,5.07999903e-06,30,1.03400004,1,2553.8030699859373,validation,0.5278649179686568,10,https://irsa.ipac.caltech.edu/ibe/data/ztf/products/sci/2024/0831/298530/ztf_20240831298530_000770_zg_c08_o_q2_
770108200010694,280132910,2460555.832505767,60555.3291088,17.5745373,0.0224030111,0,zg,327.5377523,47.2155967,0.976000011,-0.0780000016,20240902328912,770,0x8,0x2,21.3700008,26.3767757,0.0182592478,-0.0937757939,5.86021088e-06,30,1.04499996,1,2555.8332867734134,validation,0.11953052169764078,2,https://irsa.ipac.caltech.edu/ibe/data/ztf/products/sci/2024/0902/328912/ztf_20240902328912_000770_zg_c08_o_q2_
770108200010694,280327864,2460557.782069448,60557.2786458,17.5770111,0.0224251468,0,zg,327.5377374,47.2156035,0.786000013,0.0199999996,20240904278634,770,0x8,0x2,21.4799995,26.3316727,0.0164297912,-0.0774176344,4.71957674e-06,30,1.03600001,1,2557.782850499265,validation,0.6876914225333053,13,https://irsa.ipac.caltech.edu/ibe/data/ztf/products/sci/2024/0904/278634/ztf_20240904278634_000770_zg_c08_o_q2_
770108200010694,280734296,2460561.8464306975,60561.342963,17.5871544,0.0225163996,0,zg,327.5377304,47.2155995,1.00399995,0.0280000009,20240908342928,770,0x8,0x2,20.7199993,25.9045467,0.0181516707,-0.0537512153,5.81823497e-06,30,1.08000004,1,2561.8472118387,validation,0.87216729747621,17,https://irsa.ipac.caltech.edu/ibe/data/ztf/products/sci/2024/0908/342928/ztf_20240908342928_000770_zg_c08_o_q2_
770108200010694,282424178,2460578.745262918,60578.2417824,17.6009846,0.0226421077,0,zg,327.5377477,47.2156098,1.04299998,-0.0209999997,20240925241736,770,0x8,0x2,21.4699993,26.3568134,0.018017225,-0.0768254623,5.67094867e-06,30,1.03400004,1,2578.7460444392636,validation,0.7969901314739332,15,https://irsa.ipac.caltech.edu/ibe/data/ztf/products/sci/2024/0925/241736/ztf_20240925241736_000770_zg_c08_o_q2_
770108200010694,284219711,2460596.7003110447,60596.1971181,17.5483131,0.0221712552,0,zg,327.5377488,47.2156158,0.513999999,-0.0399999991,20241013197118,770,0x8,0x2,20.8899994,26.3934937,0.0171624571,-0.0785334185,5.09224537e-06,30,1.03499997,1,2596.701092975214,validation,0.029625728588200673,0,https://irsa.ipac.caltech.edu/ibe/data/ztf/products/sci/2024/1013/197118/ztf_20241013197118_000770_zg_c08_o_q2_
770108200010694,286809666,2460622.598950741,60622.0966667,17.5518436,0.0222021546,0,zg,327.5377489,47.2156073,0.939999998,-0.0260000005,20241108096632,770,0x8,0x2,20.5599995,26.3847141,0.018899167,-0.0858332366,6.34650587e-06,30,1.03799999,1,2622.5997332734987,validation,0.5772604158642025,11,https://irsa.ipac.caltech.edu/ibe/data/ztf/products/sci/2024/1108/096632/ztf_20241108096632_000770_zg_c08_o_q2_
770108200010694,287117377,2460625.6759165386,60625.1737731,17.5464325,0.0221548416,0,zg,327.5377454,47.2156106,0.748000026,-0.00400000019,20241111173762,770,0x8,0x2,20.5400009,26.361866,0.0188763756,-0.0703856871,6.30196973e-06,30,1.08899999,1,2625.6766991443,validation,0.47397986022679106,9,https://irsa.ipac.caltech.edu/ibe/data/ztf/products/sci/2024/1111/173762/ztf_20241111173762_000770_zg_c08_o_q2_
770108200010694,287318083,2460627.6828819714,60627.1808333,17.5809784,0.0224607419,0,zg,327.5377221,47.2156009,0.493000001,-0.0179999992,20241113180799,770,0x8,0x2,19.4099998,26.3494968,0.0286716409,-0.0767501816,1.4427822e-05,30,1.11199999,1,2627.683664625976,validation,0.058869341342301595,1,https://irsa.ipac.caltech.edu/ibe/data/ztf/products/sci/2024/1113/180799/ztf_20241113180799_000770_zg_c08_o_q2_
770108200010694,288520254,2460639.703983454,60639.2025463,17.5491734,0.0221787784,0,zg,327.5377589,47.2156207,0.550999999,0.0299999993,20241125202535,770,0x8,0x2,20.5,26.1333828,0.0190581251,-0.0672141984,6.23656888e-06,30,1.28199995,1,2639.7047663917765,validation,0.5621762185315902,11,https://irsa.ipac.caltech.edu/ibe/data/ztf/products/sci/2024/1125/202535/ztf_20241125202535_000770_zg_c08_o_q2_
770108200010694,289417840,2460648.6793450653,60648.1784028,17.55867,0.022262156,0,zg,327.537783,47.2155967,0.750999987,-0.0670000017,20241204178391,770,0x8,0x2,21.0900002,26.3148193,0.0187901948,-0.0972569287,6.16761099e-06,30,1.28299999,1,2648.680128217675,validation,0.17786381709981924,3,https://irsa.ipac.caltech.edu/ibe/data/ztf/products/sci/2024/1204/178391/ztf_20241204178391_000770_zg_c08_o_q2_
770108200010694,289809711,2460652.597837606,60652.0971181,17.5399303,0.0220982749,0,zg,327.5377468,47.2156066,0.901000023,-0.0340000018,20241208097106,770,0x8,0x2,21.0400009,26.3542633,0.016961718,-0.0742132738,5.00679289e-06,30,1.08399999,1,2652.598620854784,validation,0.3198292102265441,6,https://irsa.ipac.caltech.edu/ibe/data/ztf/products/sci/2024/1208/097106/ztf_20241208097106_000770_zg_c08_o_q2_
770108200010694,291311347,2460667.6133237523,60667.1134722,17.5686913,0.0223508943,0,zg,327.5377637,47.2156142,0.963,0.0,20241223113472,770,0x8,0x2,20.5300007,26.3409595,0.0207373984,-0.0784941241,7.46455817e-06,30,1.23099995,1,2667.6141073638573,validation,0.6957889330894886,13,https://irsa.ipac.caltech.edu/ibe/data/ztf/products/sci/2024/1223/113472/ztf_20241223113472_000770_zg_c08_o_q2_
770108200010694,292109547,2460675.594869789,60675.0954745,17.5624161,0.0222952422,0,zg,327.5377628,47.215602,0.684000015,-0.0460000001,20241231095463,770,0x8,0x2,20.9699993,26.3270664,0.0174955372,-0.0846769437,5.34484661e-06,30,1.24600005,1,2675.595653596334,validation,0.021849085611393093,0,https://irsa.ipac.caltech.edu/ibe/data/ztf/products/sci/2024/1231/095463/ztf_20241231095463_000770_zg_c08_o_q2_
770108200010694,292310092,2460677.6002086084,60677.1009259,17.5861225,0.0225070771,0,zg,327.5377689,47.2155989,0.488000005,0.0130000003,20250102100926,770,0x8,0x2,20.9699993,26.334816,0.0177023485,-0.0788155645,5.45738339e-06,30,1.29100001,1,2677.600992464926,validation,0.6062645232561863,12,https://irsa.ipac.caltech.edu/ibe/data/ztf/products/sci/2025/0102/100926/ztf_20250102100926_000770_zg_c08_o_q2_
770108200010694,292510910,2460679.608279902,60679.1091088,17.5533485,0.0222153477,0,zg,327.537736,47.2156075,0.250999987,-0.00999999978,20250104109097,770,0x8,0x2,20.4699993,26.310173,0.0183332674,-0.0709590763,5.92008473e-06,30,1.35699999,1,2679.6090638083406,validation,0.1914762853996308,3,https://irsa.ipac.caltech.edu/ibe/data/ztf/products/sci/2025/0104/109097/ztf_20250104109097_000770_zg_c08_o_q2_
770108200010694,293011708,2460684.615981962,60684.1170833,17.4976196,0.0217378717,0,zg,327.5376899,47.2155937,0.829999983,-0.0109999999,20250109117072,770,0x8,0x2,18.6700001,26.2751179,0.0493570194,-0.0636383966,4.69795814e-05,30,1.48599994,1,2684.6167659936473,validation,0.6508697625109789,13,https://irsa.ipac.caltech.edu/ibe/data/ztf/products/sci/2025/0109/117072/ztf_20250109117072_000770_zg_c08_o_q2_
770108200010694,293416326,2460688.6619496574,60688.1632639,17.463686,0.0214581992,0,zg,327.5377518,47.2156097,0.326000005,0.0280000009,20250113163264,770,0x8,0x2,18.5499992,26.0836182,0.0467886105,-0.0303933006,4.20276156e-05,30,2.06800008,1,2688.662733784411,validation,0.829985209864958,16,https://irsa.ipac.caltech.edu/ibe/data/ztf/products/sci/2025/0113/163264/ztf_20250113163264_000770_zg_c08_o_q2_
770108200010694,306738979,2460821.8887763354,60821.3897917,17.6046829,0.0226759873,0,zg,327.5377277,47.2156108,0.661000013,-0.0529999994,20250526389676,770,0x8,0x2,21.3700008,26.2459965,0.0172051862,-0.0762449577,5.08455423e-06,30,1.53999996,1,2821.8895636829548,validation,0.6562491000453292,13,https://irsa.ipac.caltech.edu/ibe/data/ztf/products/sci/2025/0526/389676/ztf_20250526389676_000770_zg_c08_o_q2_
770108200010694,306938840,2460823.88749308,60823.3884028,17.5427151,0.0221224613,0,zg,327.5377129,47.2155952,0.666999996,0.0320000015,20250528388356,770,0x8,0x2,21.3700008,26.2307091,0.018624587,-0.0720060617,6.04193747e-06,30,1.51100004,1,2823.8882804736495,validation,0.2387346670767556,4,https://irsa.ipac.caltech.edu/ibe/data/ztf/products/sci/2025/0528/388356/ztf_20250528388356_000770_zg_c08_o_q2_
770108200010694,307738577,2460831.885299531,60831.3857755,17.5731773,0.0223908629,0,zg,327.5377316,47.2155954,0.467000008,0.00999999978,20250605385775,770,0x8,0x2,21.3999996,26.2149754,0.0179493278,-0.073419027,5.60141098e-06,30,1.38900006,1,2831.886087114457,validation,0.5695335865970037,11,https://irsa.ipac.caltech.edu/ibe/data/ztf/products/sci/2025/0605/385775/ztf_20250605385775_000770_zg_c08_o_q2_
770108200010694,308145366,2460835.953418604,60835.453669,17.5608635,0.0222815126,0,zg,327.5377485,47.2155978,0.638999999,-0.0270000007,20250609453657,770,0x8,0x2,20.9400005,26.3123169,0.0178214461,-0.0913470834,5.58603051e-06,30,1.10699999,1,2835.9542062846012,validation,0.7551046052649326,15,https://irsa.ipac.caltech.edu/ibe/data/ztf/products/sci/2025/0609/453657/ztf_20250609453657_000770_zg_c08_o_q2_
770108200010694,308945167,2460843.951875957,60843.4516782,17.5554047,0.0222334117,0,zg,327.5377489,47.2156038,1.03999996,0.0250000004,20250617451678,770,0x8,0x2,20.9200001,26.3858604,0.0173931606,-0.0872879028,5.3196959e-06,30,1.07299995,1,2843.952663827222,validation,0.08609321694837035,1,https://irsa.ipac.caltech.edu/ibe/data/ztf/products/sci/2025/0617/451678/ztf_20250617451678_000770_zg_c08_o_q2_
770108200010694,309244822,2460846.9485952454,60846.4482292,17.5454445,0.022146225,0,zg,327.5377404,47.2155976,0.74000001,0.0199999996,20250620448218,770,0x8,0x2,21.1299992,26.3621826,0.0169677623,-0.0685970336,4.96384337e-06,30,1.06700003,1,2846.9493831857108,validation,0.9594264389886575,19,https://irsa.ipac.caltech.edu/ibe/data/ztf/products/sci/2025/0620/448218/ztf_20250620448218_000770_zg_c08_o_q2_
770108200010694,309442413,2460848.924608694,60848.4241319,17.5395088,0.022094626,0,zg,327.5377612,47.215609,0.640999973,-0.0399999991,20250622424120,770,0x8,0x2,21.2700005,26.3233185,0.017014334,-0.0849919766,5.04464742e-06,30,1.09599996,1,2848.925396682229,validation,0.5352955903059637,10,https://irsa.ipac.caltech.edu/ibe/data/ztf/products/sci/2025/0622/424120/ztf_20250622424120_000770_zg_c08_o_q2_
770108200010694,310044857,2460854.949388379,60854.4485764,17.5562115,0.0222405065,0,zg,327.5377399,47.2155802,0.885999978,-0.00600000005,20250628448576,770,0x8,0x2,21.4300003,26.3258057,0.0183230452,-0.0740478113,5.79290418e-06,30,1.04499996,1,2854.9501765072346,validation,0.291095766171793,5,https://irsa.ipac.caltech.edu/ibe/data/ztf/products/sci/2025/0628/448576/ztf_20250628448576_000770_zg_c08_o_q2_
770108200010694,310437932,2460858.880355999,60858.3793287,17.5361633,0.0220656507,0,zg,327.5377269,47.2155873,1.05999994,-0.0430000015,20250702379120,770,0x8,0x2,21.3099995,26.3673725,0.017607145,-0.118111707,5.42570342e-06,30,1.13199997,1,2858.881144219544,validation,0.4366967675475735,8,https://irsa.ipac.caltech.edu/ibe/data/ztf/products/sci/2025/0702/379120/ztf_20250702379120_000770_zg_c08_o_q2_
770108200010694,310643028,2460860.9314276217,60860.4302894,17.5452805,0.0221447926,0,zg,327.5377541,47.215589,0.964999974,0.0439999998,20250704430243,770,0x8,0x2,21.5499992,26.3474636,0.0174173247,-0.0842206776,5.32568174e-06,30,1.046,1,2860.932215892244,validation,0.03444010560178867,0,https://irsa.ipac.caltech.edu/ibe/data/ztf/products/sci/2025/0704/430243/ztf_20250704430243_000770_zg_c08_o_q2_
770108200010694,311623885,2460870.7405045778,60870.2388542,17.5462036,0.0221528467,0,zg,327.5377196,47.2156133,0.273000002,0.00600000005,20250714238843,770,0x8,0x2,20.0499992,26.0053787,0.0232094433,-0.055145666,9.23012885e-06,30,1.68499994,1,2870.7412930810824,validation,0.8930971774769887,17,https://irsa.ipac.caltech.edu/ibe/data/ztf/products/sci/2025/0714/238843/ztf_20250714238843_000770_zg_c08_o_q2_
770108200010694,312130914,2460875.811044013,60875.3091435,17.5039196,0.0217907056,0,zg,327.5377118,47.2156119,0.513000011,0.00600000005,20250719309132,770,0x8,0x2,21.2999992,26.3238411,0.0195703153,-0.0948207229,6.81513575e-06,30,1.199,1,2875.8118326365948,validation,0.3708033346965749,7,https://irsa.ipac.caltech.edu/ibe/data/ztf/products/sci/2025/0719/309132/ztf_20250719309132_000770_zg_c08_o_q2_
770108200010694,312742483,2460881.927023493,60881.424838,17.5683575,0.0223479252,0,zg,327.5377473,47.2155968,0.75,-0.0410000011,20250725424826,770,0x8,0x2,21.5400009,26.3785419,0.0177948009,-0.0882429108,5.52355777e-06,30,1.03799999,1,2881.9278122610413,validation,0.15318184679176738,3,https://irsa.ipac.caltech.edu/ibe/data/ztf/products/sci/2025/0725/424826/ztf_20250725424826_000770_zg_c08_o_q2_
770108200010694,312934478,2460883.847050797,60883.3447801,17.6032104,0.0226624813,0,zg,327.5377338,47.215587,0.998000026,-0.0489999987,20250727344769,770,0x8,0x2,21.5300007,26.3881607,0.0178971682,-0.0904858559,5.58457214e-06,30,1.07000005,1,2883.84783960972,validation,0.7127349681331907,14,https://irsa.ipac.caltech.edu/ibe/data/ztf/products/sci/2025/0727/344769/ztf_20250727344769_000770_zg_c08_o_q2_
770108200010694,313128548,2460885.7878406653,60885.2854861,17.541935,0.0221156832,0,zg,327.5377249,47.2155922,0.561999977,0.00999999978,20250729285440,770,0x8,0x2,21.4500008,26.3702164,0.0169891734,-0.0838336274,5.13284476e-06,30,1.18799996,1,2885.788629523944,validation,0.27833891909756403,5,https://irsa.ipac.caltech.edu/ibe/data/ztf/products/sci/2025/0729/285440/ztf_20250729285440_000770_zg_c08_o_q2_
770108200010694,315132935,2460905.832421631,60905.3293519,17.5527344,0.0222099628,0,zg,327.5377518,47.2155938,0.708999991,-0.0780000016,20250818329329,770,0x8,0x2,21.4099998,26.4057388,0.0172650311,-0.0979070663,5.18411161e-06,30,1.03499997,1,2905.833210967481,validation,0.11992660295709356,2,https://irsa.ipac.caltech.edu/ibe/data/ztf/products/sci/2025/0818/329329/ztf_20250818329329_000770_zg_c08_o_q2_
770108200010694,316232381,2460916.827145836,60916.3238194,17.5383263,0.0220843758,0,zg,327.5377421,47.2155956,0.856000006,0.0340000018,20250829323750,770,0x8,0x2,21.4899998,26.3802528,0.0165026803,-0.0776540935,4.72791498e-06,30,1.03600001,1,2916.8279354353435,validation,0.324116584165381,6,https://irsa.ipac.caltech.edu/ibe/data/ztf/products/sci/2025/0829/323750/ztf_20250829323750_000770_zg_c08_o_q2_
770108200010694,316428533,2460918.788696526,60918.2853356,17.5561218,0.0222397204,0,zg,327.5377315,47.2155922,0.713,0.0340000018,20250831285312,770,0x8,0x2,21.2800007,26.375246,0.0171032734,-0.076360926,5.0406029e-06,30,1.03799999,1,2918.7894861721434,validation,0.8957708567992313,17,https://irsa.ipac.caltech.edu/ibe/data/ztf/products/sci/2025/0831/285312/ztf_20250831285312_000770_zg_c08_o_q2_
770108200010694,316632932,2460920.8327217977,60920.3293287,17.5394478,0.0220940877,0,zg,327.5377612,47.2155858,0.421000004,0.0109999999,20250902329329,770,0x8,0x2,21.2399998,26.2623367,0.0332409628,-0.0684474632,1.91620184e-05,30,1.04499996,1,2920.8335114922374,validation,0.4914606779608448,9,https://irsa.ipac.caltech.edu/ibe/data/ztf/products/sci/2025/0902/329329/ztf_20250902329329_000770_zg_c08_o_q2_
770108200010694,316841200,2460922.915424156,60922.4120023,17.5595207,0.0222696643,0,zg,327.537768,47.2155975,1.46399999,-0.0170000009,20250904412002,770,0x8,0x2,21.1000004,26.2567959,0.017887067,-0.0763864219,5.63939102e-06,30,1.222,1,2922.916213900782,validation,0.09842215396713527,1,https://irsa.ipac.caltech.edu/ibe/data/ztf/products/sci/2025/0904/412002/ztf_20250904412002_000770_zg_c08_o_q2_
770108200010694,317025716,2460924.7606084296,60924.2571644,17.5732651,0.0223916415,0,zg,327.5377423,47.2155818,0.345999986,-0.0260000005,20250906257153,770,0x8,0x2,20.4799995,26.3541126,0.0196228717,-0.0803753585,6.63235051e-06,30,1.04499996,1,2924.7613982181065,validation,0.6361637881786919,12,https://irsa.ipac.caltech.edu/ibe/data/ztf/products/sci/2025/0906/257153/ztf_20250906257153_000770_zg_c08_o_q2_
770108200010694,317234325,2460926.8467174764,60926.3432523,17.5321655,0.0220311489,0,zg,327.5377494,47.2155828,1.08899999,-0.0289999992,20250908343241,770,0x8,0x2,20.2099991,26.3639889,0.0229407921,-0.0728485435,9.10638028e-06,30,1.079,1,2926.8475073147565,validation,0.24411807450314882,4,https://irsa.ipac.caltech.edu/ibe/data/ztf/products/sci/2025/0908/343241/ztf_20250908343241_000770_zg_c08_o_q2_
770108200010694,317428922,2460928.792705716,60928.2892245,17.5921307,0.022561457,0,zg,327.5377642,47.2155916,1.06200004,-0.0710000023,20250910289213,770,0x8,0x2,20.6100006,26.3938217,0.018310478,-0.0861858949,5.76950151e-06,30,1.03600001,1,2928.7934956015088,validation,0.8112369859579758,16,https://irsa.ipac.caltech.edu/ibe/data/ztf/products/sci/2025/0910/289213/ztf_20250910289213_000770_zg_c08_o_q2_
770108200010694,317640515,2460930.908644993,60930.4051505,17.5312519,0.0220232736,0,zg,327.5377714,47.2156047,0.963,0.0109999999,20250912405139,770,0x8,0x2,20.6299992,26.2715626,0.019036388,-0.0755833462,6.28298767e-06,30,1.28100002,1,2930.90943492949,validation,0.4278846896253299,8,https://irsa.ipac.caltech.edu/ibe/data/ztf/products/sci/2025/0912/405139/ztf_20250912405139_000770_zg_c08_o_q2_
770108200010694,317926341,2460933.7669201265,60933.2634144,17.5235271,0.0219569858,0,zg,327.5377524,47.2155864,0.852999985,-0.0199999996,20250915263391,770,0x8,0x2,21.5100002,26.3598213,0.0189531185,-0.0840022117,6.26833571e-06,30,1.03400004,1,2933.7677101311274,validation,0.26087116340113425,5,https://irsa.ipac.caltech.edu/ibe/data/ztf/products/sci/2025/0915/263391/ztf_20250915263391_000770_zg_c08_o_q2_
770108200010694,319534589,2460949.8493114836,60949.3458912,17.5474701,0.022163894,0,zg,327.5377602,47.2156063,0.423999995,0.00899999961,20251001345880,770,0x8,0x2,21.1100006,26.3358974,0.0184439048,-0.0777617991,5.92950528e-06,30,1.25100005,1,2949.8501018746756,validation,0.9477588293148074,18,https://irsa.ipac.caltech.edu/ibe/data/ztf/products/sci/2025/1001/345880/ztf_20251001345880_000770_zg_c08_o_q2_
770108200010694,319733983,2460951.8432302517,60951.339838,17.5359306,0.022063639,0,zg,327.5377402,47.2156025,0.58099997,-0.0450000018,20251003339826,770,0x8,0x2,20.3999996,26.3431473,0.0192984827,-0.0728310794,6.46560056e-06,30,1.24800003,1,2951.8440206912346,validation,0.5288461238656055,10,https://irsa.ipac.caltech.edu/ibe/data/ztf/products/sci/2025/1003/339826/ztf_20251003339826_000770_zg_c08_o_q2_
