sdss_id,gaia_dr3_source_id,ra,dec,l,b,plx,e_plx,pmra,e_pmra,pmde,e_pmde,g_mag,bp_mag,rp_mag,snr,classification,p_da,p_db,p_dc,p_dq,p_do,p_hotdq,p_dqpec,p_mwd,teff,logg,n_visits,telescope,min_mjd,max_mjd,r_med_geo,r_lo_geo,r_hi_geo,pm,e_pm_radial,parallax_snr,colour,absolute_g_naive,vtan_naive,vtan_conservative_rank,compact_rank,pilot_target,previously_examined_ztf,role,known_control
116283878,253936196167057664,69.96958,45.717266,74.56781,-0.6297263,10.431262,0.14161788,-15.076193,0.1742854,-42.332443,0.14299269,18.234217,18.174515,18.449764,18.742561,DA,0.7798617,0.0013453045,0.0020429164,0.0,0.0019841376,0.0,0.0,0.0,22202.258,9.129122,1,apo25m,59238,59238,95.99815,94.861664,97.34675,44.936928,0.14684835,73.65781,-0.27524948,13.325901,20.421513,19.429949,14.15164944,True,True,previously examined compact-star target,
67563979,2115952197141317888,270.0049,45.29049,201.20753,27.60392,11.855138,0.09944737,-23.326794,0.10967612,68.5476,0.12540191,18.189632,18.130402,18.32297,20.726065,DA,0.8224842,0.0,0.0,0.0,0.0,0.0019911032,0.0,0.0,19612.658,9.26985,2,apo25m,60464,60465,84.48444,83.814186,85.05049,72.40796,0.1238627,119.21017,-0.19256783,13.559166,28.9535,28.097816,14.136869489999999,True,True,previously examined compact-star target,
117035812,360858960322547968,12.579208,31.646097,123.22362,-31.225046,13.276506,0.13758576,-90.076035,0.13202102,-38.68721,0.09318331,18.084469,18.068857,18.173668,22.062122,DA,0.80929893,0.002,0.014025234,0.0,0.0037714285,0.0072145015,0.0,0.0,7738.6294,9.49,2,apo25m,60586,60639,75.38187,74.669685,76.23999,98.03261,0.12675726,96.49622,-0.104810715,13.699888,35.00323,33.816135,14.014320145,True,True,previously examined compact-star target,
89728490,4506869128279648512,285.38684,14.968972,186.05397,4.5808163,24.15385,0.048907384,95.36625,0.03730683,72.55832,0.04086358,15.680133,15.529579,15.948298,48.29826,DC,0.04976097,0.008210962,0.56564116,0.0072199292,0.0019828326,0.020386014,0.0,0.013930522,,,5,apo25m,59745,60434,41.387848,41.316525,41.45677,119.83084,0.038648896,493.8692,-0.4187193,12.595066,23.518175,23.35356,13.851223899999999,True,True,known published rotator,ZTF J1901+1458; published416.24-second rotator
75916665,3226519762223501696,73.89204,-0.9717078,62.879845,-26.021177,10.727206,0.114437334,112.10136,0.12825394,-175.31464,0.09653024,17.661966,17.572945,17.885971,19.247936,DA,0.8543534,0.0013836123,0.0006200873,0.0,0.0,0.0,0.00094736845,0.0,23310.73,9.0367,2,apo25m,60226,60228,93.30633,92.26787,94.505745,208.09117,0.1067126,93.73869,-0.31302643,12.8144,91.95777,88.96894,13.75347929,True,True,previously examined compact-star target,
115261597,117261167051122688,51.338146,25.676363,85.08989,-25.489733,7.8243685,0.17523254,34.341343,0.22337982,-231.85278,0.17387703,18.389029,18.344275,18.636356,20.185287,DA/DAH,0.46083704,0.00040731995,0.027873658,0.0027547025,0.0039169104,0.12889259,0.0032380952,0.003996432,,,2,apo25m,60594,60595,128.90956,125.55013,132.1517,234.38225,0.17508683,44.651344,-0.29208183,12.856276,142.00278,132.76447,13.73252149,True,True,previously examined compact-star target,
69528750,2366252243924006016,3.4291782,-18.309856,165.80318,-77.62357,9.394501,0.112982064,4.224933,0.11469744,12.860884,0.09681904,17.939901,17.855202,18.137533,16.237902,DA,0.904719,0.0018302718,0.00037378113,0.0,0.0,0.0,0.0,0.0,22218.383,8.991033,2,lco25m,60536,60537,106.52127,105.09473,107.63005,13.537075,0.09870298,83.150375,-0.28233147,12.80427,6.830815,6.448733,13.651264410000001,True,True,previously examined compact-star target,
56506202,690326898030489984,131.74223,24.211082,50.021393,35.385,5.8864803,0.23268019,-16.313574,0.21756354,-19.694195,0.16687065,18.493793,18.346859,18.765852,22.180458,DC,0.05499339,0.009343087,0.86703014,0.011766922,0.0,0.004715325,0.00078376476,0.009204006,,,1,apo25m,60678,60678,173.1526,166.32855,180.4483,25.573307,0.18914594,25.298588,-0.418993,12.343071,20.594563,18.002762,13.60005,True,True,previously examined compact-star target,
57772249,898348313253395968,109.56824,37.527405,51.580086,21.11331,11.819377,0.09498917,-34.87774,0.08460003,-35.815987,0.07995711,16.95426,16.820034,17.2333,43.800175,DC,0.21332064,0.012131082,0.6065766,0.007973144,0.0,0.009668374,0.0,0.0016537406,,,3,apo25m,60678,60697,84.55219,83.97633,85.35756,49.992416,0.08224971,124.42867,-0.41326523,12.317234,20.050764,19.482082,13.557029689999998,True,True,known published rotator,GALEX J0718+3731; published11.27-minute rotator
55917078,601566038739612160,128.82693,10.716207,58.076466,27.883951,10.120657,0.10601601,-29.764587,0.1014382,-39.436687,0.074754275,17.39836,17.276192,17.652391,29.111462,DA,0.7576951,0.009755891,0.010973832,0.0,0.002,0.0019911032,0.0,0.0,,,2,apo25m,60353,60355,99.051,98.06602,99.9706,49.40833,0.08540741,95.46348,-0.37619972,12.424404,23.14264,22.321167,13.55300316,True,True,previously examined compact-star target,
89905789,4519466580903738880,286.5828,20.360712,186.18405,5.9964404,8.82665,0.11633726,-36.60981,0.09794925,56.45985,0.12054407,18.19486,18.16116,18.36019,16.173397,DA:,0.4240997,0.011972406,0.07039189,0.0047547026,0.0039169104,0.21930598,0.0012380952,0.011971988,117937.55,9.489719,2,apo25m,60524,60528,113.29358,111.88328,115.02324,67.29036,0.114322275,75.871216,-0.19902992,12.92384,36.139183,34.587383,13.52092976,True,True,previously examined compact-star target,
57426677,861535362580837504,165.02061,60.391434,345.09613,51.74556,9.34253,0.09081641,-50.006645,0.08118236,-116.36284,0.07787103,17.944601,17.889278,18.10825,31.139566,DA,0.9262159,0.0,0.0,0.0,0.0,0.0,0.0,0.0,20334.281,8.965759,3,apo25m,60325,60677,107.03155,106.11343,108.01762,126.65297,0.07839645,102.87271,-0.21897125,12.796925,64.26466,62.32771,13.45383875,True,True,previously examined compact-star target,
74858700,3115382600062991872,105.63926,1.6351467,60.015186,3.2191856,6.130694,0.1902504,-8.389552,0.21897231,1.8880131,0.20480539,18.411684,18.335812,18.701778,18.33931,DA,0.58633953,0.0047149323,0.0074912226,0.0,0.0,0.009174821,0.0,0.002,27877.99,9.49,2,apo25m,59293,59294,162.84392,157.59747,167.95769,8.599371,0.2183105,32.224342,-0.3659668,12.349232,6.6493387,5.6197395,13.447132400000001,True,True,previously examined compact-star target,
56083321,630736563260866048,140.88654,15.734495,55.420097,40.645126,6.0401893,0.23623022,-16.967499,0.2403624,-4.182877,0.15286666,18.415258,18.313372,18.684965,10.962823,DA,0.8894614,0.002,0.012,0.002,0.0,0.002,0.0,0.0,39605.676,8.639612,1,apo25m,60374,60374,167.56464,161.97046,175.06288,17.475483,0.23622638,25.569078,-0.37159348,12.320511,13.715134,11.7771435,13.43529144,True,True,previously examined compact-star target,
109631850,6338900661178928896,224.761,-4.1995115,165.6093,46.066208,16.502316,0.0740507,-73.432045,0.080237426,-30.742172,0.07009111,16.680233,16.609028,16.823074,47.26516,DC:,0.029843189,0.018228892,0.49883822,0.058934275,0.0019983514,0.011353397,0.0016638655,0.023842135,,,2,lco25m,60113,60354,60.534996,60.293663,60.795223,79.60745,0.07880724,222.85158,-0.21404648,12.767958,22.868109,22.497335,13.41009744,True,True,known published rotator,WD J1459-0411; published680.1-second rotator (pilot rediscovery)
79424029,3729853400616315648,197.59012,7.0071893,134.96367,69.38358,8.318686,0.16476743,-105.64706,0.19609681,-88.76071,0.18311794,18.26407,18.288492,18.46358,9.871849,DA,0.8736764,0.0,0.0,0.0,0.0,0.0039822063,0.0,0.0,,,1,apo25m,60408,60408,119.761375,118.19351,121.9903,137.98465,0.19083337,50.48744,-0.17508698,12.864344,78.63166,73.91343,13.38960494,True,True,previously examined compact-star target,
61206487,1422012892308493568,262.23343,55.973972,213.25386,33.59676,21.241148,0.03667795,-105.403915,0.04129123,229.01971,0.05471666,16.142376,16.07471,16.267378,31.568817,DA:,0.42403436,0.0064225257,0.089574546,0.00537689,0.007340985,0.22453627,0.002,0.005994643,120000.0,9.49,3,apo25m,60423,60478,47.091946,47.000725,47.175644,252.11111,0.052617595,579.12585,-0.192667,12.778267,56.26462,55.939613,13.356268,True,True,previously examined compact-star target,
71467910,2758938385082121216,357.34116,9.120721,145.04044,-50.752556,11.526903,0.11188959,33.680008,0.1457354,-6.4466624,0.080961786,17.610075,17.589102,17.731487,12.9680805,DA,0.8888196,0.0010135283,0.004,0.0,0.0,0.0,0.0,0.0,,,1,apo25m,60578,60578,86.80858,85.70987,87.88903,34.29143,0.14394388,103.02033,-0.14238548,12.918638,14.102443,13.530828,13.345794439999999,True,True,previously examined compact-star target,
67251506,2087569060381096960,302.81467,49.17752,180.67651,8.424186,13.528867,0.06353792,144.1988,0.07858186,81.358536,0.06703877,17.342812,17.320347,17.435766,23.398457,DC,0.077275224,0.011390941,0.5881155,0.02246744,0.00499193,0.16103414,0.00754084,0.005931136,,,2,apo25m,60443,60444,73.88848,73.584274,74.27604,165.56723,0.075955406,212.92587,-0.11541939,12.999119,58.014206,57.129444,13.34537717,True,True,previously examined compact-star target,
57303462,839953701675503744,173.49008,51.867954,340.8532,61.296165,9.253541,0.075145245,-26.975458,0.06052602,-3.9835885,0.07452473,17.558798,17.470871,17.770304,9.358367,DA,0.6213473,0.005040456,0.009511674,0.0025952249,0.0,0.004,0.00094736845,0.0039982144,,,1,apo25m,60037,60037,108.19028,107.21011,109.16118,27.26801,0.060858425,123.14207,-0.29943275,12.390337,13.96905,13.545522,13.28863525,True,True,previously examined compact-star target,
86201595,4201614021458306560,289.34485,-8.573565,186.69144,-9.635407,8.801616,0.16487631,-44.334274,0.17260575,-14.880811,0.1685889,18.360699,18.359081,18.418419,16.699791,DA,0.9503223,0.0,0.0009601663,0.0,0.0,0.0,0.0,0.0,15000.0,9.011581,1,apo25m,59845,59845,114.046,112.12653,115.91118,46.76501,0.1722033,53.383144,-0.059337616,13.083511,25.187208,23.583626,13.261523848,True,True,previously examined compact-star target,
90008655,4530717367992861440,280.66672,20.20915,187.85551,10.922132,7.341776,0.12774543,10.7887,0.07259865,2.2924328,0.10610251,18.327776,18.320251,18.521717,17.352058,DA,0.90275174,0.0,0.0019598498,0.0,0.0,0.0,0.0,0.0,18502.914,8.911607,2,apo25m,60463,60464,135.99985,133.83922,138.25424,11.029565,0.07435863,57.471924,-0.2014656,12.65678,7.121618,6.6314244,13.2611768,True,True,previously examined compact-star target,
117441491,412839403319209600,23.823706,57.37989,113.149,-4.9879827,19.665344,0.057407036,60.007793,0.0369894,-104.94242,0.0356122,16.667725,16.672457,16.71217,39.262794,DA,0.96097964,0.0,0.0,0.0,0.0,0.0,0.0,0.0,12791.198,9.045739,2,apo25m,60355,60610,50.766563,50.638916,50.91328,120.88775,0.035956446,342.5598,-0.039712906,13.136232,29.140846,28.862078,13.255370718,True,True,previously examined compact-star target,
94916977,5184589747536175104,42.50739,-4.6175156,74.631096,-53.868923,11.071829,0.12058977,23.929924,0.1371831,6.863277,0.13235007,17.974203,17.970987,17.987392,19.477762,DB/DC,0.13901174,0.22478779,0.15098919,0.0037669218,0.016863283,0.007861039,0.0039709555,0.018342737,,,2,apo25m,60587,60589,90.299255,89.40398,91.17414,24.894695,0.13682175,91.813995,-0.016405106,13.195301,10.658813,10.151376,13.244516318,True,True,previously examined compact-star target,
61563038,1481364628764195072,216.76367,37.352863,232.92236,67.43372,8.97292,0.08639989,-67.92109,0.057831533,-17.874292,0.07886833,17.72301,17.65836,17.899878,79.1864,DA,0.52392095,0.00810618,0.045420833,0.0034037465,0.0034240743,0.045995515,0.0,0.011959904,47203.77,9.49,5,apo25m,59283,60109,111.92992,110.98566,113.02234,70.23364,0.059420068,103.85338,-0.24151802,12.487679,37.105026,35.97174,13.212233059999999,True,True,previously examined compact-star target,
56947585,772022570479549952,172.98627,43.281284,354.29138,67.21096,9.779908,0.12607846,-94.79064,0.113983005,22.901371,0.088438615,17.973137,17.944504,18.03733,87.35237,DA,0.9661363,0.0,0.0,0.0,0.0,0.0,0.0,0.0,15355.264,8.937402,11,apo25m,59252,60676,102.31179,101.08975,103.33458,97.51789,0.11272513,77.570015,-0.09282684,12.92481,47.268402,45.35056,13.203290520000001,True,True,previously examined compact-star target,
116635353,303996513900957440,28.191528,30.175026,107.02294,-30.851143,8.174935,0.13850069,66.794235,0.17301795,-30.27285,0.17254266,18.252607,18.21871,18.346376,14.664403,DA,0.90306926,0.004570703,0.00094666664,0.0,0.0,0.0,0.0,0.0,17499.982,8.855726,1,apo25m,59817,59817,122.959366,121.1765,124.867905,73.334274,0.17293704,59.02451,-0.12766647,12.815029,42.524975,40.18183,13.19802841,True,True,previously examined compact-star target,
86657447,4241464132483878528,297.49515,2.3822556,184.56609,-11.872058,9.292681,0.15451497,16.35695,0.141216,-39.69657,0.11653312,18.121449,18.048975,18.12443,21.169268,DA,0.6265601,0.0,0.0034708085,0.0,0.0,0.0,0.0,0.0,15897.535,9.110627,2,apo25m,59821,59840,107.775085,105.88388,109.88669,42.934456,0.1204299,60.140976,-0.07545471,12.962154,21.90213,20.685953,13.18851813,True,True,previously examined compact-star target,
89742308,4507840306281169792,283.21735,15.337062,186.56139,6.617785,9.259861,0.08925066,9.908413,0.0797803,3.888175,0.09226828,17.35743,17.24786,17.577024,32.058784,CV/DC,0.020556768,0.0274445,0.40729907,0.002,0.007948738,0.011488124,0.0044560637,0.019912567,,,3,apo25m,60129,60434,108.060616,107.0341,109.25199,10.643991,0.08155731,103.751175,-0.3291645,12.190453,5.4490585,5.174188,13.1779465,True,True,previously examined compact-star target,
69156149,2284856630775525376,316.96356,78.531586,174.74113,20.344374,10.158919,0.08046843,-22.860819,0.11490726,-35.738895,0.104766816,17.836046,17.82911,17.927492,6.7500157,DA,0.74741596,0.00010367863,0.0011827385,0.002,0.005947529,0.002,0.0019471389,0.0019982143,13530.327,8.691916,1,apo25m,60681,60681,98.228424,97.6109,98.94559,42.42506,0.10780951,126.24726,-0.09838295,12.870283,19.796862,19.18993,13.165431850000001,True,True,previously examined compact-star target,
68985239,2253826832091026560,282.35944,64.96981,201.13402,24.610432,11.596022,0.06430343,22.40831,0.094024055,22.132093,0.08453144,17.518778,17.478075,17.58509,13.893987,DC/DA,0.23162295,0.06985596,0.26379326,0.019254964,0.01851681,0.06968148,0.0076262215,0.036970224,,,3,apo25m,59710,59738,86.23736,85.70556,86.72215,31.495426,0.08946259,180.33287,-0.10701561,12.8403225,12.875374,12.556765,13.16136933,True,True,previously examined compact-star target,
114547028,6884922735442071168,316.95825,-15.186031,190.1607,-36.939396,7.6398606,0.16336869,22.120626,0.1891998,-3.3253133,0.2092615,18.47639,18.513975,18.601624,16.0269,DA,0.84071654,0.0,0.0018129362,0.0,0.0,0.0019911032,0.0,0.0,14907.184,8.890551,1,lco25m,60095,60095,130.99489,128.60721,134.2233,22.369171,0.18966608,46.764534,-0.08764839,12.891819,13.879885,12.711376,13.15476417,True,True,previously examined compact-star target,
65794012,2006899099149096960,338.92172,56.86306,152.73306,-1.2491788,17.072054,0.067229085,-148.913,0.105839126,-38.16299,0.08522473,16.164593,13.241882,13.5099,39.383144,DA_MS/DA,0.36889017,0.0010135283,0.012442266,0.0019731435,0.0019983514,0.0039196042,0.0,0.003996432,,,1,apo25m,60623,60623,58.472664,58.289288,58.68317,153.72539,0.1046861,253.93852,-0.26801777,12.326021,42.685585,42.101,13.130074310000001,True,True,previously examined compact-star target,
94844557,5168129306849447552,51.447952,-8.263614,65.25708,-48.935482,11.459816,0.10928031,-17.871735,0.10346315,21.375366,0.11066119,17.663662,17.664078,17.718851,27.570623,DA,0.9760545,0.0,0.0,0.0,0.0,0.002,0.0,0.0,14982.238,8.950754,2,apo25m,60594,60595,87.10602,86.44511,87.870056,27.862253,0.1077579,104.86625,-0.05477333,12.959549,11.525505,11.074949,13.12386899,True,True,previously examined compact-star target,
114981621,50526755482496000,60.429977,19.587652,76.77494,-24.38354,8.626994,0.19464333,-32.68221,0.26823014,-26.076546,0.13197207,18.333187,18.374561,18.407534,19.84916,DAH,0.24328156,0.00042052378,0.02034397,0.0015508294,0.0034224286,0.03176315,0.001997254,0.0079946425,,,3,apo25m,60581,60586,115.820496,113.358864,118.01141,41.81044,0.22524622,44.322063,-0.032972336,13.0124855,22.974531,21.170277,13.111402508000001,True,True,previously examined compact-star target,
79672444,3780111080689647488,153.58589,-4.2892413,74.8736,40.763252,14.202924,0.06327824,-39.71994,0.0630026,-12.520593,0.05792528,16.35103,16.250696,16.57712,81.63679,DA,0.82078946,0.0,0.0,0.0,0.0,0.0,0.0,0.0,25514.057,9.167621,3,lco25m,60048,60051,70.3604,69.98826,70.645836,41.646595,0.06256064,224.45193,-0.32642365,12.112919,13.900268,13.655112,13.09218995,True,True,previously examined compact-star target,
63025670,1745011677261492608,317.85764,11.038753,176.13774,-24.43746,10.487105,0.08965171,-12.847603,0.0826224,-12.991742,0.06385908,17.529354,17.505993,17.658197,14.275652,DA,0.8388519,0.0,0.002,0.0,0.0,0.0,0.0,0.0,19317.545,9.432314,1,apo25m,60230,60230,95.33487,94.44226,96.219376,18.27146,0.07373528,116.976074,-0.15220451,12.632633,8.259219,7.9552064,13.08924653,True,True,previously examined compact-star target,
68096908,2165797869586651008,318.0062,49.359123,169.63261,0.705193,6.907203,0.112266,41.491467,0.12840867,4.6477556,0.14867432,18.332094,18.29406,18.480381,17.668053,DA,0.6299972,0.0,0.007971585,0.0,0.0,0.012,0.002,0.004,19328.28,9.49,2,apo25m,60467,60468,144.99474,143.18167,146.74542,41.75097,0.12867935,61.525337,-0.18632126,12.528606,28.654032,27.069183,13.087569779999999,True,True,previously examined compact-star target,
56215388,653051877600013312,120.99977,12.495516,57.4206,21.665531,10.318896,0.08724528,9.645468,0.10111289,-14.936074,0.06401206,17.394136,17.343904,17.550335,17.338507,DC,0.14893407,0.017060926,0.5142652,0.043360353,0.0019327732,0.027550943,0.0,0.013643331,,,2,apo25m,60355,60371,97.03068,96.27245,97.92215,17.779802,0.076814815,118.27455,-0.20643044,12.462303,8.167988,7.8626876,13.08159432,True,True,previously examined compact-star target,
100048863,5617381954006206208,108.87401,-24.301218,60.085,-5.892479,9.439606,0.12682928,-13.667152,0.07653467,-32.631535,0.12131106,18.421003,18.48296,18.397516,10.524907,DC/DQ,0.0590821,0.052417986,0.23574656,0.22627917,0.036995456,0.09555186,0.026631624,0.013007323,,,3,apo25m,59212,59218,105.92936,104.65825,107.311226,35.378075,0.11573364,74.42765,0.0854435,13.295773,17.766493,16.910511,13.0394425,True,True,previously examined compact-star target,
70916622,2662208372887759744,347.18457,3.7884052,160.13326,-50.37511,15.345687,0.08386176,-20.650497,0.09768435,-90.228386,0.06942981,17.121572,17.131325,17.120916,49.61188,hotDQ/DC,0.22249402,0.013702501,0.23787235,0.12987904,0.0068022655,0.25395593,0.008777562,0.010967976,,,2,apo25m,59878,60614,65.06635,64.687035,65.4134,92.561356,0.07110216,182.9879,0.0104084015,13.051504,28.593332,28.06729,13.0202787955,True,True,previously examined compact-star target,
65524951,1990425494382123008,343.2882,53.11927,149.12637,-5.7286925,5.162856,0.1294407,-22.76302,0.12554955,-20.491243,0.12589723,18.455229,18.370508,18.703173,15.383725,DA,0.88949645,0.0,0.0019018794,0.0,0.0,0.002,0.0,0.0,23207.33,8.628208,3,apo25m,59925,60647,194.30174,189.08386,200.29901,30.627539,0.1257053,39.88588,-0.3326645,12.01968,28.121822,25.832577,13.017673499999999,True,True,previously examined compact-star target,
89509550,4484736543328721792,274.85822,12.432568,187.52466,12.658866,9.77592,0.1321834,17.938038,0.15485075,-57.714245,0.15679446,18.135601,18.138372,18.112926,13.834974,DA,0.940109,0.0,0.0,0.0,0.0,0.002,0.0,0.0,14348.452,8.945667,1,apo25m,60089,60089,102.306625,101.008675,103.793175,60.43763,0.15662421,73.957245,0.025445938,13.08639,29.30699,27.945559,13.010052186,True,True,previously examined compact-star target,
56083484,630770819920096768,141.30475,16.029224,55.202286,41.129295,9.049087,0.11985726,-54.88321,0.13910072,-25.750704,0.14501631,17.329855,17.228796,17.524567,21.70774,DA,0.9342086,0.0,0.0009601663,0.0,0.0,0.0,0.0,0.0,23380.87,8.806454,1,apo25m,60374,60374,110.61684,109.4082,111.97743,60.623966,0.14018647,75.49886,-0.29577065,12.112879,31.758574,30.33296,13.00019095,True,True,previously examined compact-star target,
90218488,4552411449655668736,265.33795,19.742092,191.17732,23.967588,9.969205,0.074049555,-12.8403,0.058827806,33.23422,0.080636114,17.26114,17.189398,17.437832,32.092155,DA/DAH,0.46210134,0.0013453045,0.011641735,0.0,0.0039169104,0.007991103,0.0,0.0039991066,,,2,apo25m,60473,60474,100.32529,99.59997,101.20817,35.628452,0.07814821,134.62883,-0.24843407,12.254444,16.941732,16.46339,12.99974621,False,False,prospective extension target,
70017474,2480243386083359360,26.736593,-4.4376383,94.10022,-63.72796,9.147894,0.15235138,-111.17951,0.16761114,-125.051544,0.11391745,18.164652,18.137175,18.140095,23.14641,DA:,0.4030173,0.0077821445,0.09525293,0.007570973,0.012589336,0.23699288,0.0019880952,0.0092944745,,,2,apo25m,60255,60614,108.64542,106.67527,110.31781,167.32834,0.14018103,60.04471,-0.0029201508,12.971256,86.71012,82.376434,12.980016452400001,False,True,previously examined compact-star target,
79745562,3794415245931016320,177.21506,-1.4374329,96.23924,57.705082,14.660431,0.1319253,-70.73106,0.13562009,-133.37807,0.08016452,17.374176,17.403704,17.327059,25.86918,DQ:,0.007263751,0.006967538,0.24197643,0.4529007,0.019896593,0.16131645,0.0200461,0.0039742035,,,1,apo25m,60077,60077,68.08033,67.488174,68.65168,150.97215,0.09514694,111.126755,0.0766449,13.20491,48.817047,47.443943,12.9749753,False,True,previously examined compact-star target,
79656677,3776918275016618112,161.54037,-5.304307,81.50911,45.634556,12.101818,0.08412148,-97.72354,0.08633926,17.500553,0.10048937,16.818686,16.74485,16.987286,77.967964,DC/DQ,0.14482063,0.06830142,0.26197258,0.19269054,0.009980841,0.06734054,0.0037948033,0.013433036,,,4,lco25m,60347,60433,82.50386,81.87672,83.23208,99.27819,0.08681369,143.8612,-0.24243546,12.232939,38.88881,37.994473,12.96024538,False,False,prospective extension target,
57829633,906772187229375104,119.5813,35.745247,47.435726,28.308022,6.181454,0.16448604,-52.842094,0.17491746,-51.251446,0.1193005,18.372654,18.329144,18.539366,11.43804,DA:,0.40988666,0.032339405,0.22267948,0.0152529245,0.0059633916,0.03604301,0.0,0.014956836,,,4,apo25m,59165,60597,161.96259,158.39983,165.82399,73.61384,0.15054685,37.580418,-0.21022224,12.328108,56.45341,51.959213,12.958774720000001,False,False,prospective extension target,
74873980,3116503861402179328,95.862,-4.454805,59.730263,-8.251201,6.485044,0.15649767,-10.762674,0.1715706,57.503452,0.15173681,18.017796,17.946787,18.239258,27.601233,DAH/DAO,0.2505912,0.0023249045,0.027110927,0.0052908943,0.01111803,0.017177384,0.001997254,0.0,,,3,apo25m,59296,59302,154.62518,151.3182,158.09627,58.501984,0.15245028,41.4386,-0.29247093,12.07736,42.764076,39.565372,12.95477279,False,False,prospective extension target,
94447419,5087142029127543296,56.138023,-23.388136,47.741764,-50.86921,9.63178,0.11591837,19.695723,0.098711945,20.678497,0.1146971,17.908089,17.923307,17.964571,14.219172,DA,0.8536057,0.002,0.0028129437,0.0,0.0,0.0,0.0,0.002,12790.018,8.9214945,1,lco25m,60634,60634,103.81238,102.62716,105.19194,28.55734,0.10739054,83.09106,-0.04126358,12.826622,14.055058,13.412244,12.95041274,False,False,prospective extension target,
65258778,1974721783974773376,327.53784,47.2157,162.38463,-5.1864505,8.287674,0.08334012,-29.723383,0.09536372,-46.39905,0.09410557,17.680231,17.579683,17.804483,15.764847,DC,0.03227267,0.010504878,0.605041,0.039533842,0.0019828326,0.0047609266,0.0,0.0098420475,,,2,apo25m,60496,60498,121.13331,120.06023,122.05252,55.1031,0.094473384,99.443985,-0.22480011,12.272394,31.518446,30.438082,12.94679433,False,False,prospective extension target,
76104883,3253012872851776000,59.677193,-2.7705905,66.21486,-39.077217,8.020333,0.17583138,53.265224,0.17680794,-72.89559,0.1584897,18.424837,18.46965,18.466896,34.801426,DA,0.9543823,0.0,0.0018129362,0.0,0.0,0.0,0.0,0.0,13302.017,8.88086,2,apo25m,59958,59964,124.29002,121.51129,127.25891,90.28262,0.16509669,45.613777,0.0027542114,12.945799,53.36213,49.794422,12.9375363658,False,False,prospective extension target,
76086660,3249603626595323776,57.067295,-3.3618402,66.88228,-41.574932,9.146667,0.08938402,-10.94768,0.09319713,-19.566391,0.081674375,17.415157,17.358702,17.596718,34.53363,DA,0.98006827,0.0,0.0,0.0,0.0,0.0,0.0,0.0,,,2,apo25m,60256,60264,108.993935,107.9468,110.28669,22.42087,0.084564276,102.33,-0.23801613,12.221472,11.620131,11.16143,12.93552039,False,False,prospective extension target,
75217866,3144237908341731712,120.17677,6.9283834,59.273983,18.541216,11.350885,0.11870881,-65.72043,0.12683778,5.9736314,0.08480321,17.82666,17.868353,17.807077,18.797522,DA/DC,0.3342242,0.0095429,0.24340187,0.016964447,0.0056032604,0.045687582,0.0,0.015991071,,,3,apo25m,59935,59937,87.80049,86.83896,88.616936,65.991356,0.12655008,95.61957,0.061275482,13.101809,27.559969,26.567863,12.917982554,False,False,prospective extension target,
69060410,2265100885021724032,287.68076,73.577515,200.18231,24.597008,10.623464,0.068169594,29.912952,0.08540186,79.31083,0.08329378,17.643848,17.642937,17.684362,15.09532,DA,0.81322956,0.0,0.002,0.0,0.0019983514,0.002,0.002,0.0,15176.963,8.967849,4,apo25m,59657,60691,94.139305,93.3315,94.692184,84.764336,0.08355921,155.83875,-0.041425705,12.775179,37.824085,36.99995,12.899456115,False,False,prospective extension target,
56679906,719001650183616768,136.59003,38.165665,37.03706,42.091972,7.109311,0.1426134,-34.348015,0.1375805,7.4064126,0.11935173,18.038834,17.979412,18.177477,27.033758,DA,0.94810903,0.0,0.0,0.0,0.0,0.0,0.002,0.0,20620.748,8.846314,1,apo25m,60671,60671,140.85844,138.2121,143.23347,35.13746,0.13682215,49.850235,-0.1980648,12.297972,23.429565,21.841444,12.892166399999999,False,False,prospective extension target,
70081904,2493228721486722688,34.15755,-2.881282,84.929924,-58.32906,8.043025,0.19019881,5.6938806,0.19390495,50.32734,0.17963001,18.353348,18.384449,18.37557,44.326122,DA,0.9880545,0.0,0.0,0.0,0.0,0.0,0.0,0.0,11579.659,8.834493,9,apo25m,59228,60697,123.72923,120.41395,126.378914,50.64841,0.17981748,42.287464,0.008878708,12.8804455,29.851614,27.577251,12.853809376000001,False,False,prospective extension target,
63214104,1765683114338751744,326.71765,11.210379,171.46143,-31.080145,7.900092,0.13070728,44.434696,0.13185571,-20.628962,0.13447568,17.833736,17.777006,17.953934,16.440565,DA,0.95022225,0.0013453045,0.0018129362,0.0,0.0,0.0,0.0,0.0,18443.928,8.679406,1,apo25m,60231,60231,127.25315,125.08424,129.44905,48.989758,0.13232404,60.441105,-0.17692757,12.3218975,29.396425,27.779387,12.85268021,False,False,prospective extension target,
89097625,4441843735731284096,252.34729,6.966223,185.51006,30.253988,8.51463,0.14338717,16.286785,0.14606395,4.786048,0.10936491,18.345654,18.409365,18.356243,10.504296,DA/DAH,0.40193424,0.0056955037,0.04010431,0.008525715,0.007197529,0.030836359,0.0059853494,0.005926481,,,1,apo25m,60061,60061,116.95898,115.12386,119.1991,16.975441,0.14349057,59.382095,0.053121567,12.996483,9.450975,8.768335,12.837118299,False,False,prospective extension target,
59714707,1199447137276626048,239.6955,16.960833,191.2157,45.673367,8.002258,0.14571509,-0.14025635,0.13943045,34.380123,0.13230984,18.283352,18.300556,18.312052,15.339369,DAH,0.36705217,0.0,0.012797684,0.002,0.0,0.018463884,0.0,0.002,,,1,apo25m,60088,60088,124.77234,122.10033,126.97632,34.38041,0.13230996,54.917156,-0.01149559,12.799416,20.366663,19.088749,12.833902770000002,False,False,prospective extension target,
56038360,621979502901486720,151.99886,16.397055,55.955017,50.754787,11.79365,0.11352608,-111.80523,0.1322766,-23.550201,0.12685855,17.716003,17.762356,17.680891,10.668849,DAH/DA,0.33335054,0.00524533,0.04481701,0.003430603,0.0039983517,0.057394676,0.001997254,0.0079946425,,,1,apo25m,60659,60659,84.67159,83.85724,85.54893,114.258575,0.13205095,103.88493,0.08146477,13.074245,45.926353,44.482548,12.829850689999999,False,False,prospective extension target,
80701937,3981634249048141440,163.1501,16.172756,59.713993,60.39087,13.39007,0.12679829,-10.508837,0.11400826,-26.803284,0.09885696,17.279655,17.294006,17.265682,18.799828,DA,0.96669465,0.0,0.0018129362,0.0,0.0,0.0,0.0,0.0,,,1,apo25m,60681,60681,74.742096,74.004166,75.37045,28.789783,0.10100704,105.60135,0.028324127,12.91357,10.192411,9.806542,12.828597619,False,False,prospective extension target,
79307573,3709291094363827968,192.7878,6.278452,122.75267,69.15009,9.208751,0.12322165,-23.855116,0.15939783,27.807894,0.14189036,17.874348,17.875938,17.91551,15.910212,DA,0.93837285,0.0,0.0,0.0,0.0,0.0,0.0,0.0,13794.315,8.837268,1,apo25m,60432,60432,108.45088,107.31285,110.036934,36.638035,0.14956284,74.73322,-0.039571762,12.695351,18.860485,17.91053,12.814066286000001,False,False,prospective extension target,
76083810,3249027001465705088,53.713825,-3.4247499,68.411995,-44.363003,6.162521,0.14292562,34.52283,0.14419791,-20.49252,0.1206761,18.224545,18.208672,18.421165,15.394919,DA,0.81955737,0.020526899,0.006550838,0.0,0.0055,0.0,0.003943899,0.0,,,2,apo25m,60322,60323,162.3937,158.45119,165.6519,40.146847,0.13845484,43.116978,-0.2124939,12.173336,30.882643,28.574936,12.810817700000001,False,False,prospective extension target,
89907764,4519630403831822720,287.50388,21.12097,185.96597,5.571396,8.321325,0.12658317,26.392029,0.11859882,12.140112,0.12288357,18.426367,18.497093,18.422834,21.931238,DA,0.9641579,0.0,0.0,0.0,0.0,0.0,0.0,0.0,10932.197,9.021081,4,apo25m,60524,60528,119.66744,118.118095,121.54325,29.050327,0.1193582,65.73801,0.074258804,13.0273285,16.54931,15.63195,12.804552088,False,False,prospective extension target,
89672558,4503186971212822528,270.9293,17.812946,189.47487,18.339592,15.070915,0.06689624,-24.192938,0.054962978,40.04491,0.065842226,17.148352,17.189022,17.110851,36.681625,DA,0.996,0.0,0.0,0.0,0.0,0.0,0.0,0.0,10742.868,8.876624,2,apo25m,60439,60442,66.22775,65.89081,66.58563,46.785606,0.06311712,225.28793,0.07817078,13.039049,14.716145,14.463979,12.80453666,False,False,prospective extension target,
73345302,2994934026112726528,87.513374,-16.505613,56.268673,-20.816605,11.939383,0.058565367,4.264432,0.055389278,-10.2444725,0.059592403,16.792685,16.733944,16.942728,35.36515,DA,0.994174,0.0,0.0,0.0,0.0,0.0,0.0,0.0,19837.371,8.655876,2,lco25m,60587,60594,83.762955,83.38325,84.12234,11.096603,0.058990505,203.86421,-0.2087841,12.177593,4.405849,4.2727075,12.8039453,False,False,prospective extension target,
66093776,2023590918306566016,287.81906,24.80771,186.21916,6.9773564,7.223135,0.119653106,4.502553,0.09279228,-30.992174,0.12849273,18.341557,18.336737,18.391703,20.139637,DC,0.027953291,0.11348658,0.6236366,0.027533844,0.005232489,0.007907417,0.004246817,0.024733046,,,4,apo25m,59355,60581,138.05157,136.05692,140.78687,31.317532,0.12785573,60.367302,-0.054965973,12.635185,20.553377,19.340504,12.800082919,False,False,prospective extension target,
76114064,3254712683469116032,65.552895,-0.16659963,65.629036,-32.73317,7.0136333,0.18697108,-16.286556,0.16058752,4.0968704,0.12177754,18.175701,18.153528,18.28162,28.857271,DA,0.87290347,0.0,0.0019598498,0.0,0.0,0.0,0.0,0.0,,,2,apo25m,59931,59933,143.4954,138.90346,148.27394,16.793936,0.15854397,37.51186,-0.12809181,12.4054165,11.350914,10.212682,12.78969193,False,False,prospective extension target,
75256973,3147706558289950592,121.63769,11.013876,57.928204,21.612627,5.989678,0.24715203,-10.771927,0.22009209,-13.189431,0.14674422,18.440245,18.327017,18.479483,14.157622,DA,0.92284614,0.0,0.0038129361,0.0,0.0,0.0,0.0,0.0016164787,22523.383,8.825286,1,apo25m,59640,59640,166.11421,159.06754,174.27365,17.029255,0.1797217,24.23479,-0.15246582,12.327263,13.477632,11.613315,12.78466046,False,False,prospective extension target,
94692034,5135564379479141760,26.229458,-22.11849,58.032887,-76.864105,14.294279,0.07548042,14.831154,0.08122151,-136.26285,0.05969377,17.187136,17.207573,17.14105,20.314121,DC,0.021443052,0.04302995,0.7165069,0.01776692,0.005948301,0.00954955,0.001997254,0.00792437,,,1,lco25m,60627,60627,69.82056,69.49065,70.10054,137.0676,0.059990525,189.37732,0.0665226,12.962948,45.456287,44.688667,12.7633802,False,False,prospective extension target,
86317305,4208729437941162624,295.46234,-6.361197,186.50484,-14.094021,5.4968104,0.20728566,23.67681,0.2181656,-6.547003,0.18350102,18.487469,18.442295,18.631453,13.92977,DA,0.8671082,0.002,0.0074708085,0.0,0.0,0.0,0.001997254,0.0,25898.18,8.66529,1,apo25m,59845,59845,183.32045,176.41269,191.0515,24.565311,0.2158871,26.518045,-0.18915749,12.188023,21.185217,18.530327,12.75549547,False,False,prospective extension target,
65017758,1958457395660543232,333.12732,42.694305,158.37402,-11.1777,8.135826,0.107962705,65.72461,0.09285674,-5.364297,0.10002443,18.241598,18.297852,18.28139,20.756922,DA,0.998,0.0,0.0,0.0,0.0,0.0,0.0,0.0,12548.182,8.768706,2,apo25m,60581,60582,122.05256,120.86978,123.86491,65.94315,0.092906,75.35774,0.016462326,12.793606,38.42284,36.7956,12.744219022000001,False,False,prospective extension target,
80005965,3844028577830244608,141.78654,1.3725584,65.51273,34.74804,8.179892,0.11090373,-4.585527,0.13097224,-8.374091,0.079716235,17.581442,17.543047,17.737377,52.47504,DA,0.9800545,0.0,0.0,0.0,0.0,0.0,0.0,0.0,18839.232,8.564112,3,apo25m,59309,59662,122.45213,120.571434,124.327545,9.5473795,0.094052136,73.75668,-0.19433022,12.14518,5.532966,5.159587,12.72817066,False,False,prospective extension target,
109044063,6242357080640089344,241.0482,-23.242903,168.37686,21.422138,8.137865,0.16570517,5.08687,0.18252024,-4.6901116,0.097274646,18.198557,18.227978,18.213953,25.781462,DA,0.7485559,0.0,0.00854082,0.0,0.0,0.0019911032,0.0,0.0,16585.615,8.917336,2,lco25m,60171,60172,122.649574,120.10685,125.26129,6.91906,0.14951359,49.110508,0.0140247345,12.75111,4.030492,3.5522146,12.7090357965,False,False,prospective extension target,
62201057,1600981220299455616,228.3682,56.70796,247.43256,51.152504,8.259424,0.09798893,34.41473,0.14805622,-17.947767,0.14442328,17.963388,17.959154,18.007053,86.926384,DA,0.99002725,0.0,0.0,0.0,0.0,0.0,0.0,0.0,15000.001,8.622437,8,apo25m,59290,60105,121.048515,119.960724,122.22082,38.813606,0.14728694,84.28936,-0.047899246,12.548138,22.276945,21.266432,12.691835738,False,False,prospective extension target,
64895203,1944051392455881728,359.63867,51.137592,134.8939,-10.869371,6.9253225,0.10555073,-8.800347,0.08695557,-13.121865,0.08754711,17.97217,17.938208,18.106926,21.640915,DA,0.9466043,0.0,0.0,0.0,0.0,0.0,0.0,0.0,,,2,apo25m,60561,60562,144.43166,141.65839,147.44476,15.799666,0.08736402,65.61132,-0.16871834,12.17437,10.815069,10.170624,12.68052502,False,False,prospective extension target,
89946898,4523836585560162304,275.50916,19.021128,188.87859,14.848085,5.9619703,0.15525854,0.55072653,0.13146408,11.817875,0.1532802,18.497677,18.495901,18.596754,12.056036,DA,0.9293035,0.00440732,0.001894065,0.0,0.0,0.0,0.0,0.0,16238.87,8.414751,2,apo25m,60466,60467,167.72522,163.8558,172.1661,11.8307,0.15323628,38.400272,-0.10085297,12.374626,9.406802,8.386119,12.67718491,False,False,prospective extension target,
80006147,3844065450124684544,140.87395,1.3388883,65.21928,33.95995,7.4170065,0.1715759,-67.21731,0.17825684,-3.148418,0.11305418,18.401669,18.455614,18.4294,27.138443,DA,0.992,0.0,0.0,0.0,0.0,0.0,0.0,0.0,11890.226,8.754726,1,apo25m,59662,59662,135.22594,131.64856,137.96083,67.291,0.17814016,43.228718,0.0262146,12.752811,43.00805,39.89765,12.6741672,False,False,prospective extension target,
71014078,2678703619989331328,334.61896,-0.0035504333,173.3183,-44.3502,8.213937,0.16976836,-30.888027,0.15449642,-38.874313,0.15516719,18.182829,18.186161,18.156523,30.604982,DC,0.020470204,0.033818122,0.6035398,0.004,0.0019841376,0.005672815,0.0,0.019911563,,,9,apo25m,59167,59882,121.35465,118.445366,123.35151,49.65161,0.15490794,48.3832,0.02963829,12.755585,28.655195,26.729622,12.66667013,False,False,prospective extension target,
114181553,6837525469227801088,327.17892,-16.487589,190.66162,-46.522243,10.301882,0.10926532,-12.3857,0.10589152,22.545872,0.08424152,17.424057,17.406256,17.465569,42.1077,DA,0.8967685,0.0,0.0,0.0,0.0,0.0,0.0,0.0,16462.615,8.8,5,lco25m,60507,60586,96.853195,95.69827,97.94109,25.723955,0.089726955,94.28318,-0.05931282,12.48864,11.837026,11.351953,12.66657846,False,False,prospective extension target,
55749998,574033305515095168,7.040583,85.64881,128.5489,22.798683,7.686731,0.19501682,6.3495693,0.26651233,-2.9882114,0.25787467,18.256922,17.671436,17.659933,25.30918,DA,0.9450654,0.0,0.00023619272,0.0,0.0,0.0,0.0,0.0,30532.162,9.49,5,apo25m,59242,59329,131.40425,127.51193,135.3151,7.0175805,0.26496705,39.415733,0.01150322,12.685631,4.3277993,3.5661514,12.651121340000001,False,False,prospective extension target,
109524326,6319903196194278912,226.92923,-9.531002,164.02022,40.658432,7.075142,0.21250178,-8.308504,0.20018145,-62.401974,0.16626337,18.49601,18.537899,18.505764,14.784033,DA/DZ,0.31044403,0.0069876257,0.06328507,0.002,0.007980016,0.026030093,0.004782391,0.006868887,,,2,lco25m,60493,60494,142.28429,138.38657,146.5925,62.95266,0.16691318,33.294506,0.03213501,12.744686,42.179394,38.385193,12.64828097,False,False,prospective extension target,
76155516,3264649412428917376,52.940506,0.7547003,71.98487,-42.446045,8.90476,0.10602663,26.4023,0.09955404,-4.0202236,0.108393386,17.31911,17.259363,17.451345,36.053936,DAH/DA,0.34583062,0.00055347336,0.015450176,0.003317751,0.005996706,0.008,0.001997254,0.002,,,2,apo25m,60339,60342,112.344894,111.096695,113.72405,26.706621,0.09976301,83.98608,-0.19198227,12.067223,14.217332,13.573168,12.64316981,False,False,prospective extension target,
58364339,976040702520790400,113.613556,48.68672,44.331528,26.880264,30.760284,0.03055221,-132.14076,0.030860035,-192.8707,0.025701988,14.931609,14.909913,14.999723,40.06492,DA,0.59863144,0.0018982125,0.008351307,0.0019731435,0.0019983514,0.009194937,0.0029714287,0.0019982143,,,3,apo25m,60418,60420,32.475166,32.449417,32.506405,233.7954,0.027455263,1006.8104,-0.08981037,12.371561,36.030228,35.91053,12.64099211,False,False,prospective extension target,
61891810,1543370904111505408,190.9234,48.093044,307.74063,68.980934,12.510556,0.058301535,-84.77645,0.04104989,31.37207,0.05137823,16.977076,16.96794,17.025206,18.403183,DA,0.9525694,0.0,0.0,0.0,0.0,0.0,0.0,0.0,15134.837,8.427292,1,apo25m,60423,60423,79.96418,79.520966,80.364174,90.39499,0.0424273,214.58365,-0.057266235,12.463459,34.252254,33.73242,12.635257705,False,False,prospective extension target,
89127038,4445480473519600128,250.25157,8.552932,186.07832,32.82566,8.480467,0.119740255,-11.006189,0.14197516,36.859642,0.11995465,18.099257,18.126057,18.088903,15.611791,DC,0.11065411,0.054030977,0.56825733,0.02990218,0.011236653,0.005908062,0.005179765,0.007574406,,,1,apo25m,60063,60063,117.69921,116.115654,119.15219,38.46777,0.12190686,70.82386,0.037153244,12.741356,21.50298,20.433033,12.629896268,False,False,prospective extension target,
100619073,5680077137810906624,139.38472,-18.980516,73.089485,20.645992,11.227812,0.095866844,-68.12475,0.101533554,30.931631,0.07092523,17.615423,17.66503,17.581787,18.78958,DAH,0.3396091,0.0,0.025972567,0.0014306031,0.0,0.04107663,0.0,0.0019982143,,,1,lco25m,60631,60631,88.95992,88.14526,89.83906,74.81809,0.096988834,117.11882,0.08324242,12.866898,31.588783,30.680063,12.61717074,False,False,prospective extension target,
79065593,3668348781742691328,217.07437,3.4020982,164.81992,56.85716,9.549727,0.10770572,-49.388252,0.10274179,2.8785355,0.09501319,17.26631,17.267687,17.417048,62.420727,DA,0.9900934,0.0,0.0,0.0,0.0,0.0,0.0,0.0,15507.185,8.611255,2,apo25m,60089,60458,104.43037,103.49228,105.44863,49.47207,0.10271661,88.665,-0.14936066,12.166264,24.55786,23.606173,12.61434598,False,False,prospective extension target,
78838755,3630648387747801088,204.91583,-7.2212706,141.24173,53.720093,17.754084,0.0520009,-54.36964,0.061940644,-29.803535,0.03807984,16.32448,16.327034,16.340994,40.13382,DA/DAH,0.4269488,0.002874659,0.07951866,0.0014306031,0.0019983514,0.049249258,0.0,0.0179875,,,2,lco25m,60407,60408,56.25984,56.06392,56.44835,62.002487,0.057316773,341.4188,-0.013959885,12.570971,16.555117,16.365404,12.612850655,False,False,prospective extension target,
76176037,3269242244297017728,51.894535,3.6320548,74.601395,-41.378723,8.711787,0.1093133,105.24503,0.12686163,-23.013401,0.10398826,17.676527,17.723404,17.796682,27.94533,DA,0.996,0.0,0.002,0.0,0.0,0.0,0.0,0.0,13277.531,8.576112,1,apo25m,60612,60612,114.83465,113.63606,116.156044,107.731766,0.12590837,79.69558,-0.07327843,12.377064,58.62163,56.296898,12.596899290000001,False,False,prospective extension target,
76704382,3347953532952671360,86.75002,15.030411,63.47008,-6.9064345,14.509724,0.051750455,-11.198217,0.060040828,-21.080912,0.038605746,16.26714,16.224318,16.390944,27.747318,DA,0.6055096,0.0,0.005812936,0.0,0.0,0.007991103,0.0,0.002,25582.4,9.49,1,apo25m,60667,60667,68.82208,68.57236,69.07531,23.870586,0.044223893,280.37866,-0.16662598,12.075436,7.798756,7.673308,12.57531394,False,False,prospective extension target,
72394007,2906470893953959424,79.883156,-29.090216,48.582737,-31.686884,9.0120945,0.08874471,-22.284014,0.08097367,8.914477,0.10014948,17.92084,17.946672,17.906775,10.308278,DA,0.89099234,0.002047797,0.0002981682,0.0,0.0,0.003845422,0.0,0.0,12215.554,8.940051,1,lco25m,60624,60624,110.816154,109.96916,111.90564,24.00094,0.08388013,101.55078,0.03989792,12.694969,12.624783,12.133957,12.57527524,False,False,prospective extension target,
62652175,1681449322375520000,181.50954,67.17682,318.53012,49.353954,8.193512,0.105377674,-35.589886,0.117228575,-1.4360625,0.111758836,17.960276,17.998697,18.013216,8.223408,DA,0.793222,0.011789531,0.005814268,0.0,0.0012720595,0.0,0.003997254,0.0,,,1,apo25m,60008,60008,122.317566,120.64052,123.83447,35.618847,0.1172199,77.75378,-0.014518738,12.527626,20.607777,19.6463,12.571182214,False,False,prospective extension target,
65022748,1959002792086235648,335.3332,44.100082,156.44473,-10.926311,11.609695,0.0635337,67.26144,0.0588198,27.355413,0.06265948,17.034214,17.034065,17.102482,27.935268,DA/DAH,0.4941155,0.00044802707,0.0029962042,0.0016000904,0.002,0.005991103,0.001997254,0.0,,,2,apo25m,60582,60583,86.002235,85.58863,86.4655,72.61143,0.059379894,182.73286,-0.068416595,12.358318,29.648691,29.098236,12.563567785,False,False,prospective extension target,
54848541,463279847139153280,47.384293,61.4389,92.597755,2.8621557,9.099555,0.09057145,62.504906,0.09180265,-8.07582,0.095161445,17.506102,17.503365,17.588808,14.060336,DA,0.9317754,0.0,0.004019091,0.0,0.0,0.0,0.0,0.0,13790.587,8.441441,2,apo25m,60626,60634,109.68527,108.69677,110.579025,63.024456,0.09185879,100.468254,-0.0854435,12.301203,32.83298,31.74161,12.5575335,False,False,prospective extension target,
71241565,2714218433977373440,347.46133,9.66878,156.0778,-45.72244,10.039652,0.09563566,-21.878675,0.09826077,-30.816729,0.08140476,17.021069,16.981249,17.155022,21.093033,DA,0.98408175,0.0,0.0,0.0,0.0,0.0,0.0,0.0,,,1,apo25m,60253,60253,99.57147,98.67797,100.61706,37.79348,0.08741651,104.97812,-0.17377281,12.029661,17.845127,17.22894,12.550979430000002,False,False,prospective extension target,
80364427,3915674026806527616,170.45312,10.659461,74.03039,63.245426,8.453208,0.14945109,-56.73991,0.17057486,-17.505257,0.13868912,18.088953,18.115995,18.058187,114.055786,DC/DA,0.19966055,0.03413969,0.24873978,0.009277864,0.00760326,0.015538549,0.0046836645,0.01360075,,,25,apo25m,59210,59278,118.48624,116.70499,120.60947,59.37888,0.16804388,56.561703,0.057807922,12.72406,33.29905,31.35337,12.550636233999999,False,False,prospective extension target,
71386381,2741567445689272192,1.3540715,3.6443377,142.10631,-57.283737,10.99578,0.18790367,51.816128,0.21672738,-34.288372,0.1837596,17.218105,17.206453,17.246431,61.113724,DA,0.6349972,0.0,0.0077148154,0.0,0.0,0.0,0.001997254,0.0,7429.4375,9.49,3,apo25m,59905,60265,90.86151,89.167175,92.73806,62.133755,0.20724364,58.518173,-0.039978027,12.424236,26.78693,25.225668,12.544170081,False,False,prospective extension target,
70141944,2505076268513436928,29.004204,-1.8339751,92.91762,-60.347763,7.8770556,0.22806737,-48.67042,0.2099631,-37.35134,0.14771132,18.302742,18.337236,18.252165,41.451622,DA,0.9744162,0.0,0.0,0.0,0.0,0.0,0.0,0.0,12805.058,8.656789,2,apo25m,59169,59223,127.437775,124.35138,130.69995,61.3509,0.18929219,34.538284,0.08507156,12.784561,36.92142,33.656284,12.52934632,False,False,prospective extension target,
58787823,1042926292644833024,134.08057,62.109055,18.601818,38.229763,13.467373,0.06682102,-8.177436,0.046432782,17.045033,0.060878832,16.954443,16.979792,16.954607,15.016496,DA,0.97823125,0.0,0.0,0.0,0.0,0.0,0.001997254,0.0,11584.448,8.533062,1,apo25m,59955,59955,74.20069,73.78356,74.55512,18.90512,0.05844813,201.54398,0.025184631,12.600857,6.6545386,6.496123,12.525303107,False,False,prospective extension target,
71793984,2820872294526779776,352.6312,17.332764,147.15215,-41.4012,6.424657,0.17335638,-6.471827,0.16668192,-12.186862,0.12309266,18.379042,18.373909,18.408863,14.035025,DA,0.974364,0.0022375917,0.0,0.0,0.0,0.002,0.0,0.0,16000.0,8.670505,2,apo25m,60578,60579,155.8552,151.35675,161.4515,13.798701,0.13390425,37.0604,-0.03495407,12.418291,10.181451,9.144785,12.52315321,False,False,prospective extension target,
57904031,919284629553875200,117.90926,38.271534,46.96715,27.63638,8.08418,0.14117114,1.594092,0.15336214,-12.441785,0.0994725,18.262451,18.307116,18.214294,33.72174,DA,0.5306712,0.00793482,0.37133068,0.0,0.0033609297,0.020879101,0.0,0.003664881,6145.7754,9.49,6,apo25m,59200,60588,123.69274,121.725586,125.53781,12.54349,0.10057253,57.265102,0.09282112,12.800631,7.355358,6.821091,12.52216764,False,False,prospective extension target,
115729269,191101206879480704,85.18188,40.640133,64.54933,5.2736006,9.536117,0.11379146,-4.9025717,0.12947139,11.573293,0.080132365,17.619944,17.652403,17.653837,30.719942,DA,0.996,0.0,0.0,0.0,0.0,0.0,0.0,0.0,11997.166,8.891291,1,apo25m,59272,59272,104.874344,103.46098,106.191055,12.568863,0.08941264,83.80345,-0.0014343262,12.516802,6.2480693,5.903396,12.5211049786,False,False,prospective extension target,
116557768,289247527487337344,23.772722,22.493319,110.36134,-39.26901,9.90733,0.09767263,33.890556,0.09296016,-7.9297643,0.07294003,17.12926,17.108295,17.245388,26.402338,DA,0.9742285,0.0,0.0,0.0,0.0,0.0,0.0,0.0,15647.991,8.6299305,2,apo25m,60565,60566,100.671646,99.41714,101.773506,34.805904,0.09202822,101.434044,-0.13709259,12.109043,16.653967,16.047255,12.52032077,False,False,prospective extension target,
55380899,519743785015340288,29.024273,67.24614,108.52656,5.1568327,7.663532,0.09474389,-27.905594,0.073762864,-23.699507,0.09176748,18.002962,17.977804,18.008888,22.657106,DA,0.97057486,0.0,0.0018129362,0.0,0.0,0.0,0.0,0.0,,,2,apo25m,59971,60638,130.23042,128.77083,131.83559,36.61132,0.08179125,80.88682,-0.03108406,12.425106,22.646852,21.69059,12.51835818,False,False,prospective extension target,
87404924,4278280179829602048,275.61005,3.661948,186.03334,8.117351,8.998002,0.12044831,13.40953,0.09821762,4.2652383,0.09904336,17.585274,17.603264,17.656754,22.134874,DA,0.9902374,0.0,0.0,0.0,0.0,0.0019911032,0.0,0.0,13963.263,8.643121,2,apo25m,59709,59737,111.32865,109.77795,113.018936,14.071523,0.098293774,74.70426,-0.053489685,12.356005,7.413382,6.977811,12.516474055,False,False,prospective extension target,
65264678,1975074834592788224,331.30685,46.602608,159.45163,-7.254177,6.002768,0.115083694,-28.371525,0.11468041,-29.59514,0.10504789,18.23945,18.222555,18.350197,17.75545,DA,0.9582455,0.0,0.0,0.0,0.0,0.0,0.0,0.0,,,2,apo25m,60498,60499,167.43518,164.33559,171.38812,40.997753,0.10976643,52.160023,-0.12764168,12.131208,32.3765,30.369722,12.51413304,False,False,prospective extension target,
68508124,2196211941759772416,318.79065,62.86921,169.90132,9.651201,8.789253,0.09112881,45.354412,0.1081767,79.10563,0.09986292,17.839537,17.860031,17.842508,28.219282,DA,0.9370557,0.0,0.0,0.0,0.0,0.0,0.0,0.0,15000.0,8.411235,3,apo25m,59873,60663,113.73249,112.5155,114.92664,91.185104,0.101982825,96.44868,0.017522812,12.559296,49.180542,47.536915,12.506727564,False,False,prospective extension target,
80562569,3953326257039572864,183.63802,21.626999,67.997116,79.965126,6.435771,0.17807005,-30.356266,0.15196979,-16.622992,0.1280021,18.031384,17.989925,18.129845,40.96891,DA,0.99402726,0.0,0.0,0.0,0.0,0.0,0.0,0.0,15000.0,8.477147,3,apo25m,59294,59352,155.00261,150.01622,159.62453,34.609634,0.14678842,36.141792,-0.13991928,12.074387,25.492817,23.239431,12.49414484,False,False,prospective extension target,
94875880,5174970395182279680,36.07266,-10.91535,72.787964,-62.808617,6.464981,0.1298587,-6.1407714,0.15384173,1.8488135,0.14906472,18.268593,18.267515,18.324577,24.554298,DA,0.94862145,0.0,0.0,0.0,0.0,0.0,0.0,0.0,14000.001,8.647062,5,apo25m,59959,60309,155.24077,151.90813,158.06535,6.413048,0.15345038,49.784737,-0.05706215,12.32143,4.7023897,4.116762,12.49261645,False,False,prospective extension target,
75268132,3148685986929600000,116.69787,9.081059,58.673935,16.38985,6.683572,0.18758218,-1.6514081,0.2212545,-13.638249,0.16455133,18.494623,18.542234,18.499155,19.26834,DA,0.9865492,0.0,0.0,0.0,0.0,0.0,0.0,0.0,11022.77,8.677255,2,apo25m,60000,60285,149.02087,145.02573,153.37306,13.737867,0.16550907,35.6301,0.043079376,12.619667,9.743884,8.6623535,12.490428871999999,False,False,prospective extension target,
62917920,1732008062477678976,316.5292,3.550116,179.67953,-27.6605,8.801116,0.0944877,53.63175,0.09669367,-5.0924735,0.08177977,17.371506,17.36923,17.500807,20.443392,DA,0.9800545,0.0,0.0,0.0,0.0,0.0,0.0,0.0,15507.888,8.460603,1,apo25m,59874,59874,113.37811,112.06142,114.61929,53.87298,0.0965706,93.14563,-0.13157654,12.094194,29.017143,27.960554,12.48892362,False,False,prospective extension target,
61224428,1424795481360349824,244.64265,52.302956,225.57277,44.22457,7.6416793,0.084778115,16.2252,0.11657396,-9.42018,0.0959517,17.790945,17.765917,17.85474,51.750324,DA,0.980428,0.0,0.0,0.0,0.0,0.0,0.0,0.0,15499.999,8.568254,4,apo25m,59318,60389,130.85802,129.49988,131.97151,18.761581,0.111734405,90.137405,-0.08882332,12.20689,11.638635,11.062505,12.47335996,False,False,prospective extension target,
78843739,3631522220318188032,200.8476,-6.7612424,135.46033,55.23915,5.873074,0.20561181,-75.65064,0.20822316,-7.484,0.13298437,18.178589,18.149857,18.299782,28.66689,DA,0.98206824,0.0,0.0,0.0,0.0,0.0,0.0,0.0,16587.125,8.347025,3,lco25m,60460,60468,169.26695,163.0009,175.89813,76.01993,0.20762485,28.563894,-0.14992523,12.022917,61.35972,55.072796,12.472692689999999,False,False,prospective extension target,
89557764,4490377622091361792,260.93246,8.0129595,186.79033,23.120237,7.606611,0.099503204,-2.7833583,0.09848933,18.654987,0.07998249,17.617296,17.585056,17.733162,23.451925,DA,0.96422786,0.0,0.0,0.0,0.0,0.0,0.0,0.0,18058.438,8.543091,2,apo25m,60062,60063,131.01253,129.51677,132.57225,18.861486,0.080430865,76.445885,-0.14810562,12.0232525,11.754553,11.165987,12.46756936,False,False,prospective extension target,
62959584,1737016681544876800,315.65768,7.1388683,178.5257,-24.941074,6.348164,0.15859173,38.658474,0.15293784,30.049585,0.11167967,18.19967,18.19385,18.277937,13.464989,DA,0.95633155,0.0,0.0003432671,0.0,0.0,0.0,0.0,0.0019982143,14538.083,8.4,1,apo25m,60115,60115,157.10349,153.9014,160.52797,48.963814,0.13884512,40.028343,-0.08408737,12.212912,36.56356,33.724937,12.46517411,False,False,prospective extension target,
63320520,1781605382738862592,332.13116,20.986183,163.96281,-27.800756,11.098161,0.0977154,80.37698,0.11098256,50.16255,0.1378741,17.48656,17.550568,17.466974,29.675982,DA,0.996,0.0,0.0,0.0,0.0,0.0,0.0,0.0,12087.88,8.791455,2,apo25m,60578,60579,90.08143,89.416504,90.75274,94.74567,0.11913442,113.57637,0.08359337,12.712816,40.469677,39.279488,12.46203589,False,False,prospective extension target,
76823202,3356610026651632768,96.21034,14.1536875,60.79572,0.6632855,6.962765,0.1652394,-28.37697,0.1688626,-20.529108,0.1355743,18.32002,18.341612,18.317484,6.8574853,DA,0.5282818,0.013571919,0.16176243,0.022577371,0.00785076,0.019669572,0.0,0.0039982144,6653.338,9.4,2,apo25m,60665,60666,144.30098,140.9545,148.54137,35.02423,0.1582178,42.13744,0.02412796,12.53393,23.8456,21.959051,12.46154612,False,False,prospective extension target,
76531740,3330957870623351424,95.50525,11.625444,60.945282,-1.1286776,18.997175,0.04818185,-39.10068,0.056202497,-33.679268,0.044104446,16.198324,16.21093,16.167398,75.28766,DA,1.0,0.0,0.0,0.0,0.0,0.0,0.0,0.0,11687.242,8.748855,2,apo25m,59192,60635,52.540848,52.416916,52.677055,51.605778,0.051399007,394.28073,0.043531418,12.59177,12.877474,12.742045,12.461175746,False,False,prospective extension target,
87797681,4303394468516841216,299.2681,10.945989,182.80528,-9.221474,8.488383,0.12887402,1.7488574,0.13304546,-17.134356,0.09760951,18.02377,18.089785,18.018583,13.294849,DA,0.87398183,0.007737773,0.0076368926,0.0,0.0015,0.0011772151,0.003997254,0.0,11807.194,8.738058,1,apo25m,60230,60230,117.23609,115.6435,119.23509,17.223375,0.09804023,65.865746,0.071201324,12.667894,9.618663,9.042543,12.454290028,False,False,prospective extension target,
67275146,2089317494328037632,301.80304,53.09877,181.98009,11.020334,10.903502,0.065702155,18.853268,0.08262952,68.57096,0.076606326,17.537159,17.576525,17.485336,19.823523,DA,0.99634796,0.0,0.0,0.0,0.0,0.0,0.0,0.0,10957.668,8.785793,1,apo25m,60232,60232,91.583115,91.034355,92.160805,71.115555,0.07704503,165.95349,0.09118843,12.724989,30.918612,30.270906,12.45142371,False,False,prospective extension target,
55939696,604972428842238080,132.77524,12.032661,57.547695,31.949179,12.827646,0.07551377,-95.34256,0.0792547,-26.31042,0.06384055,17.034756,17.07284,17.030304,54.630505,DA,0.97444344,0.0,0.0,0.0,0.0,0.0,0.0,0.0,14591.651,8.4,2,apo25m,59644,60263,77.70201,77.29049,78.13457,98.90623,0.07826382,169.87161,0.04253578,12.575491,36.5509,35.831333,12.447883659999999,False,False,prospective extension target,
68957622,2249098863372066688,297.34955,67.48063,189.1152,19.628937,7.528762,0.10947619,13.676707,0.166081,-12.757891,0.12553729,18.101757,18.135492,18.122644,16.281633,DA,0.93943596,0.0,0.0003219676,0.0,0.0,0.0019911032,0.0,0.0,13818.864,8.504697,1,apo25m,60449,60449,132.9859,130.85158,135.07079,18.703371,0.14859918,68.770775,0.0128479,12.485374,11.77654,11.015322,12.4468303,False,False,prospective extension target,
55433943,524490617230794240,10.686453,65.16342,124.86736,2.3070865,6.02598,0.12498814,25.234783,0.11628451,-21.142998,0.15403509,18.143867,18.163921,18.297174,11.408615,DA,0.8069074,0.017168107,0.008369071,0.0019731435,0.0067053926,0.0,0.007912109,0.0,15500.0,8.230508,1,apo25m,60253,60253,166.33507,163.1352,169.76749,32.921432,0.13315806,48.212414,-0.1332531,12.044006,25.89837,24.08541,12.443765299999999,False,False,prospective extension target,
67825548,2142145179748734976,292.8516,57.07044,189.63109,17.384285,14.352524,0.03853381,32.631596,0.049458034,2.3420336,0.05487058,16.273466,16.240559,16.369104,41.051914,DA,0.98813415,0.0,0.0,0.0,0.0,0.0,0.0,0.0,15500.0,8.565927,2,apo25m,59835,59838,69.65761,69.47244,69.81076,32.715534,0.04948728,372.46573,-0.12854576,12.058107,10.805556,10.670577,12.443744279999999,False,False,prospective extension target,
61247086,1428369955006868352,246.24263,54.07469,225.73448,42.8991,8.306816,0.093609124,27.898933,0.11214487,-69.45142,0.11606346,17.910398,17.946714,17.923893,18.921455,DZ,0.033002768,0.03781584,0.07172669,0.007973144,0.0019983514,0.009916986,0.0007878788,0.0049840095,,,2,apo25m,60108,60109,120.06433,119.08095,121.1256,74.84551,0.115526944,88.73939,0.022821426,12.507572,42.71226,41.124195,12.439107722,False,False,prospective extension target,
79963811,3837075541173797120,140.62651,-4.5019174,68.18989,30.504248,6.617266,0.15053535,-7.0604057,0.1476215,10.065163,0.12613094,18.089758,18.100513,18.181618,20.52891,DA,0.95655006,0.0,0.00037378113,0.0,0.0,0.0,0.0,0.0,14042.095,8.395811,2,lco25m,60319,60320,150.98433,147.43721,154.95259,12.294585,0.13360079,43.95822,-0.08110428,12.193151,8.807582,7.976112,12.43646384,False,False,prospective extension target,
54471769,428520363278315008,7.596407,59.919044,127.62041,-2.8448129,5.933867,0.13119355,-31.2586,0.119175784,-13.193136,0.14206807,18.420103,18.452818,18.502645,14.584581,DA,0.980328,0.0,0.0,0.0,0.0,0.0,0.0,0.0,12738.326,8.610851,2,apo25m,60256,60638,169.15733,164.86002,172.55121,33.928734,0.12291107,45.22987,-0.049827576,12.286793,27.105116,25.142868,12.436275728,False,False,prospective extension target,
60791028,1358510632606075776,256.18484,44.461205,209.65013,37.1959,8.695424,0.060959924,-8.75853,0.06475425,37.613297,0.07584116,17.504107,17.498243,17.576439,21.072365,DA,0.96251076,0.0002302888,0.0,0.0,0.0,0.0,0.0,0.0,14916.533,8.494055,2,apo25m,60528,60530,114.79172,114.161934,115.59695,38.61958,0.07531075,142.64165,-0.07819557,12.200562,21.054173,20.499853,12.43514871,False,False,prospective extension target,
78776621,3619646154708356224,209.31038,-6.982506,147.3029,52.35326,5.835224,0.145062,-30.437195,0.16383742,-3.2010865,0.1288443,18.24875,18.224262,18.342722,22.37464,DA,0.98021495,0.0,0.0,0.0,0.0,0.0,0.0,0.0,12795.953,8.399713,2,lco25m,60488,60490,170.7318,166.68092,175.11853,30.60506,0.16349514,40.225727,-0.1184597,12.079039,24.863203,22.76681,12.4344181,False,False,prospective extension target,
69371104,2331213557125304192,356.21982,-28.155794,213.00995,-75.23531,10.466831,0.09930305,-52.821102,0.095019795,-75.12685,0.09157788,17.43416,17.47946,17.445536,16.459923,DA,0.9763295,0.0,0.0,0.0,0.0,0.0019911032,0.0,0.0,12564.405,8.6835,1,lco25m,60627,60627,95.51072,94.60212,96.3439,91.83742,0.092730634,105.402916,0.033924103,12.533237,41.593536,40.319946,12.431464691,False,False,prospective extension target,
62651722,1681361258365865472,180.88197,66.62604,319.5647,49.81475,9.936072,0.081879854,-102.42479,0.07707613,3.4350367,0.084950894,17.659384,17.702612,17.63068,9.52489,DA,0.94516695,0.0,0.0,0.0,0.0,0.0,0.0,0.0,14932.715,8.399999,1,apo25m,60008,60008,100.32906,99.47509,101.1617,102.482376,0.07708543,121.34941,0.07193184,12.645458,48.89403,47.606762,12.42966248,False,False,prospective extension target,
94904644,5181544620018597120,48.733475,-6.2701864,68.612366,-50.05413,6.707692,0.18882936,-25.231585,0.15262485,-0.5476435,0.16264105,18.179836,18.213001,18.251585,16.923359,DA,0.8739786,0.0068972823,0.0026200872,0.0,0.0,0.005177143,0.0069686826,0.0019982143,14500.0,8.38776,2,apo25m,60590,60591,150.3462,146.07687,154.0003,25.237528,0.15262972,35.522507,-0.038583755,12.312702,17.835901,16.148504,12.428453265,False,False,prospective extension target,
67795315,2138639833600621312,293.64322,55.61907,188.62265,16.39705,7.6568055,0.076154955,24.859236,0.09723383,41.492264,0.09530031,17.792164,17.785936,17.857832,20.542976,DA,0.98076034,0.0,0.0,0.0,0.0,0.0,0.0,0.0,14027.803,8.377233,2,apo25m,59835,59838,130.2653,128.92819,131.5486,48.369305,0.09581483,100.54245,-0.0718956,12.212402,29.946331,28.90587,12.428088800000001,False,False,prospective extension target,
69193017,2292950238946734464,289.64813,77.4888,200.08864,24.984032,6.23569,0.12016174,9.104987,0.19648464,30.367632,0.17832774,18.31965,18.3579,18.402145,18.228245,DA,0.92283696,0.0,0.0,0.0,0.0,0.0,0.0,0.0,,,4,apo25m,60362,60595,159.18893,156.46092,162.20259,31.703215,0.17989469,51.89414,-0.044244766,12.294073,24.101282,22.396278,12.426807298,False,False,prospective extension target,
116343574,259487458575703552,72.4022,50.666645,72.677505,3.8272996,5.773907,0.19079676,2.640073,0.19203661,-18.71053,0.132845,18.367146,18.36294,18.446915,20.911528,DA,0.9723164,0.0,0.0018129362,0.0,0.0,0.0,0.0,0.0,16500.004,8.488951,3,apo25m,59914,60620,173.946,169.01253,180.49905,18.89587,0.13425045,30.262081,-0.08397484,12.174494,15.51381,13.813735,12.426418519999999,False,False,prospective extension target,
114663996,6901336829137994368,309.31702,-11.035362,187.92542,-28.455132,9.157119,0.11874056,11.21303,0.13265336,-26.406116,0.09684202,17.719082,17.769966,17.735886,13.703286,DA,0.9153385,0.0,0.0018129362,0.0,0.0,0.0019911032,0.0,0.0,13301.564,8.062819,1,apo25m,60223,60223,108.80388,107.32113,110.25267,28.688238,0.103120916,77.11871,0.034080505,12.527876,14.851367,14.141112,12.425634485,False,False,prospective extension target,
67819492,2141466403116486912,292.2454,54.49719,189.3677,16.673658,14.697361,0.03677523,21.619776,0.051042326,-12.579614,0.04933437,16.46265,16.462059,16.502838,27.159307,DA,0.974367,0.0,0.0,0.0,0.0,0.0,0.0,0.0,14942.327,8.388637,1,apo25m,60114,60114,67.94102,67.74806,68.12807,25.013224,0.050615784,399.6538,-0.040779114,12.298847,8.067737,7.9590154,12.421184342,False,False,prospective extension target,
58594461,1008837274655408128,134.94695,42.353527,34.33464,41.039433,6.659275,0.13961884,-47.45081,0.1319161,-31.229898,0.11786357,17.899775,17.872175,18.006514,16.223898,DA,0.9683843,0.0,0.0,0.0,0.0,0.0,0.0,0.0,14954.675,8.4,1,apo25m,60610,60610,150.60698,147.1801,153.37755,56.805687,0.1278318,47.696106,-0.13433838,12.016911,40.437683,37.7879,12.419926140000001,False,False,prospective extension target,
70921143,2663164290873205760,343.5329,5.117406,162.72182,-47.06811,5.614523,0.19538885,51.512085,0.2341901,1.2617803,0.19171496,18.437813,18.46586,18.544199,13.019416,DA,0.9780617,0.0,0.0,0.0,0.0,0.0019911032,0.0,0.0,15325.853,8.58604,1,apo25m,60229,60229,177.96115,173.67993,184.03766,51.527534,0.23416695,28.735125,-0.07833862,12.184378,43.505875,38.85609,12.419393860000001,False,False,prospective extension target,
69091191,2269930279392398336,315.35425,67.49437,173.54764,13.782939,5.9814854,0.09700862,18.265013,0.12424131,41.802578,0.11221928,18.299736,18.304092,18.381535,13.839369,DA,0.88762385,0.0,0.0034708085,0.0,0.0,0.0,0.0,0.0,13711.428,8.457269,1,apo25m,59763,59763,167.34007,164.74568,170.3091,45.618706,0.11423169,61.659317,-0.07744217,12.183781,36.153915,34.217487,12.41610751,False,False,prospective extension target,
67554314,2114811453822316160,273.09482,43.352295,198.36368,25.010405,17.21204,0.034492377,5.116467,0.036772612,62.35153,0.04275785,16.243559,16.254076,16.249075,46.141552,DA,0.998,0.0,0.0,0.0,0.0,0.0,0.0,0.0,12272.653,8.610939,2,apo25m,60575,60577,58.064457,57.951218,58.17598,62.5611,0.042720605,499.00998,0.005001068,12.42272,17.230322,17.092268,12.407716796,False,False,prospective extension target,
101527398,5753614537061839872,129.88599,-8.107352,65.60595,19.637281,7.5237513,0.12760809,-17.538038,0.12118159,0.68181026,0.10353367,17.699518,17.67503,17.78344,31.559368,DA,0.9802137,0.0,0.0,0.0,0.0,0.0,0.0,0.0,14999.999,8.414285,2,lco25m,60406,60407,133.01875,130.22713,134.99863,17.551287,0.12115689,58.95983,-0.10840988,12.08169,11.058493,10.305135,12.40691964,False,False,prospective extension target,
76102766,3252609416507834496,63.071117,-2.0352497,65.4194,-35.83025,6.706237,0.1281154,-17.106167,0.1281627,-30.47503,0.09514944,18.036152,18.031384,18.110687,35.15511,DA,0.8113024,0.0,0.0028352803,0.0,0.0,0.0,0.0,0.0,17513.834,9.205738,2,apo25m,59905,59906,149.30617,146.72682,152.54523,34.947796,0.10401791,52.345284,-0.07930374,12.168547,24.703716,23.156023,12.406458220000001,False,False,prospective extension target,
68422130,2186176389897437312,303.76816,56.11886,181.01237,11.624247,7.6208544,0.088544674,-2.6025474,0.107829265,0.6780979,0.12244694,17.932766,17.931232,17.949545,22.388206,DA,0.9721596,0.0013453045,0.0,0.0,0.0,0.0,0.0,0.0,12640.43,8.581975,2,apo25m,59363,60229,131.64252,129.91162,133.72127,2.6894367,0.108816996,86.0679,-0.018312454,12.342785,1.672935,1.4203612,12.397722362,False,False,prospective extension target,
60854974,1366738140678040192,262.44333,50.167736,209.25041,33.300026,17.351229,0.027638916,41.59618,0.03959003,-44.072067,0.03230759,15.889022,15.868055,15.972068,32.900295,DA,1.0,0.0,0.0,0.0,0.0,0.0,0.0,0.0,14043.891,8.412131,1,apo25m,60411,60411,57.62011,57.53469,57.700012,60.60189,0.03592292,627.78253,-0.10401249,12.085674,16.556835,16.44879,12.397711469999999,False,False,prospective extension target,
86568062,4233038987193939200,309.78772,3.491856,181.77786,-21.995384,5.689019,0.1909221,-5.430323,0.24034008,-13.389617,0.14054297,18.374104,18.36943,18.45174,12.800011,DA,0.9176365,0.0,0.0003432671,0.0,0.0,0.0,0.0,0.002,15499.999,8.584431,1,apo25m,59838,59838,176.34747,170.43767,182.4287,14.448884,0.15849704,29.797594,-0.08230972,12.14929,12.039773,10.578524,12.396219160000001,False,False,prospective extension target,
86275279,4205472237820863232,285.711,-7.1036396,186.23474,-5.757837,9.372906,0.10114058,10.617207,0.10995409,0.011083555,0.09721823,17.520191,17.55943,17.564861,24.224663,DA,0.9227157,0.00040731995,0.0,0.0,0.0,0.0,0.0,0.0,14531.2705,8.329685,1,apo25m,59840,59840,106.48076,105.180305,107.548546,10.617212,0.109954074,92.67206,-0.005432129,12.379562,5.369794,5.039812,12.395858387,False,False,prospective extension target,
78672688,3599586595852271232,175.55402,-5.356018,96.53149,53.458637,7.0220695,0.14102417,-0.42223585,0.15956226,-21.68073,0.10729337,17.912535,17.922579,18.005852,29.641764,DA,0.98024046,0.0,0.0,0.0,0.0,0.0,0.0,0.0,15500.0,8.527447,2,lco25m,60384,60386,142.42078,139.92188,145.26608,21.684841,0.10731801,49.793373,-0.083272934,12.144859,14.639038,13.602175,12.394677802,False,False,prospective extension target,
68687212,2211029102194647296,355.9321,67.83931,138.02951,5.8046136,8.098908,0.08587778,-37.64354,0.105683506,-31.526949,0.08494946,17.71762,17.732924,17.775547,24.40923,DA,0.8711305,0.004259355,0.009779515,0.002,0.0,0.0,0.0,0.0018494045,12882.843,8.46292,3,apo25m,59892,60646,123.2131,121.9659,124.37723,49.101776,0.09767044,94.30737,-0.04262352,12.259754,28.740353,27.688066,12.387624559999999,False,False,prospective extension target,
56484766,686404944350355712,135.74254,23.111216,50.017677,38.564854,9.613604,0.122100495,-19.442392,0.111496225,18.430803,0.0818954,17.36403,17.364616,17.40049,29.68306,DA,0.99002725,0.0,0.0,0.0,0.0,0.0,0.0,0.0,13412.59,8.599995,1,apo25m,60650,60650,104.05034,102.85088,105.33018,26.789944,0.098599836,78.735176,-0.035873413,12.278461,13.210127,12.584759,12.386081239,False,False,prospective extension target,
70363653,2547273738081187712,6.067471,2.0083332,135.13554,-60.13711,6.2238917,0.17183663,-0.8139716,0.19765055,-1.932157,0.14548568,18.415394,18.430431,18.428253,21.113844,DC:,0.14595114,0.019923013,0.3423415,0.031774882,0.009852736,0.09722459,0.012859149,0.048352443,,,2,apo25m,59910,60614,160.8456,155.4556,165.68481,2.0966117,0.15447976,36.21982,0.0021781921,12.385704,1.5968987,1.1487675,12.3791694237,False,False,prospective extension target,
71417064,2747700792130667008,5.4590397,6.577313,134.62099,-55.541435,7.7708645,0.12804526,33.639076,0.13068134,-0.61827195,0.099375695,17.563316,17.548777,17.669424,35.057625,DA,0.9743284,0.0,0.0,0.0,0.0,0.0,0.0,0.0,14500.003,8.148477,1,apo25m,60620,60620,128.17374,125.96201,130.04326,33.644756,0.13067204,60.68842,-0.12064743,12.015663,20.524351,19.329687,12.37760529,False,False,prospective extension target,
67570994,2116813939376519808,280.51538,43.08229,193.81773,19.75783,6.7027173,0.10200238,6.8207636,0.12183531,31.550655,0.12744483,17.916428,17.924862,18.034655,22.394974,DA,0.9391719,0.0,0.0018129362,0.0,0.0,0.0,0.0,0.0,14860.429,8.4,2,apo25m,60561,60562,149.55489,147.37613,151.07068,32.279507,0.12719966,65.71138,-0.10979271,12.047682,22.829552,21.574694,12.37706013,False,False,prospective extension target,
62961897,1737284240820967680,313.50772,6.278567,179.63637,-23.646767,5.892227,0.16548939,7.2383585,0.18418752,-5.3393946,0.13722727,18.427916,18.439116,18.471188,11.942844,DA,0.9561765,0.0,0.0020910492,0.0,0.0,0.0,0.0,0.0,13109.882,8.649265,1,apo25m,60118,60118,169.35742,165.13936,174.82416,8.994608,0.16913372,35.604862,-0.032072067,12.279312,7.2364264,6.2975845,12.375528201,False,False,prospective extension target,
63107508,1753663665540284672,306.2631,10.087814,180.90768,-15.555662,5.6296396,0.13375457,23.04276,0.1432709,6.710461,0.13080499,18.401314,18.398624,18.471582,13.034457,DA,0.9327266,0.0,0.0018129362,0.0,0.0,0.0,0.0,0.0,13939.611,8.703834,1,apo25m,60226,60226,177.11871,173.56812,180.81776,23.99998,0.14233568,42.089325,-0.07295799,12.153717,20.20932,18.52906,12.372590970000001,False,False,prospective extension target,
64867327,1941569519830964992,349.18365,47.454494,144.39853,-12.42698,14.0546665,0.04151822,123.83725,0.033908248,41.840904,0.03211878,16.354149,16.335665,16.427689,39.10604,DA,0.998,0.0,0.0,0.0,0.0,0.0,0.0,0.0,14738.869,8.409778,2,apo25m,60581,60582,71.11224,70.901276,71.32369,130.71468,0.033729263,338.51804,-0.09202385,12.093252,44.088486,43.667374,12.369323549999999,False,False,prospective extension target,
68731206,2216491579042731776,328.80435,63.183002,161.48479,6.7991414,8.812361,0.07297581,45.18738,0.08460198,10.564938,0.089174286,17.672216,17.704395,17.694914,28.100336,DA,0.9374256,0.002,0.0046815984,0.0,0.0,0.0,0.0,0.0,11803.973,8.608952,2,apo25m,59762,60647,113.40177,112.57093,114.486404,46.406006,0.08484502,120.75729,0.00948143,12.397678,24.963377,24.224636,12.369233710000001,False,False,prospective extension target,
75679448,3192045434128348416,63.377373,-9.918892,60.043835,-39.49226,9.166793,0.09719222,52.42726,0.0839454,42.511852,0.0780298,17.55167,17.567902,17.569675,31.000189,DA,0.9882268,0.0,0.0,0.0,0.0,0.0,0.0,0.0,13563.552,8.584216,2,apo25m,60667,60668,108.64939,107.53467,109.69352,67.49722,0.08165006,94.31612,-0.0017738342,12.362757,34.90518,33.70638,12.3680785026,False,False,prospective extension target,
89782846,4511632109572940544,280.7213,16.582314,187.25708,9.320581,7.031606,0.13237405,-10.355263,0.1311551,-16.167444,0.15644896,18.224945,18.256542,18.22524,17.164951,DA,0.94258267,0.0,0.0038129361,0.0,0.0,0.0018454221,0.0,0.0,,,2,apo25m,60437,60438,141.7602,139.44072,144.43518,19.199419,0.14953288,53.11922,0.0313015,12.460218,12.943596,11.9654,12.366313499999999,False,False,prospective extension target,
56505460,690214614702961920,131.27544,23.795242,50.401466,34.854294,7.8839035,0.116232276,-9.579341,0.119685076,-20.719183,0.08342262,17.655325,17.648098,17.722454,33.751614,DA,0.996,0.0,0.0,0.0,0.0,0.0,0.0,0.0,14148.426,8.393001,1,apo25m,60678,60678,126.94496,125.13576,128.64879,22.826483,0.09086498,67.828865,-0.07435608,12.13903,13.725213,12.986909,12.36209824,False,False,prospective extension target,
76755415,3352026776855631744,100.505486,12.010998,59.95848,3.390187,10.658228,0.116141915,-7.3696804,0.11170192,9.573412,0.08651769,17.261198,17.281311,17.268562,6.961821,DA,0.85932225,0.0,0.004822156,0.0019731435,0.0019983514,0.004,0.001997254,0.0039964286,13886.38,9.122588,1,apo25m,60686,60686,93.785385,92.88656,94.846504,12.0814905,0.096658275,91.769005,0.012748718,12.399624,5.3734956,5.078503,12.361377846,False,False,prospective extension target,
98290110,5473366447825094272,152.30121,-24.576588,83.18594,25.167114,7.9862323,0.11884435,-34.845963,0.10993358,14.338023,0.14258657,17.710703,17.72919,17.774641,28.434258,DA,0.9920796,0.0,0.0,0.0,0.0,0.0,0.0,0.0,,,1,lco25m,60672,60672,125.11488,123.29532,127.02745,37.6805,0.11523576,67.19909,-0.04545021,12.222412,22.366402,21.214125,12.358762630000001,False,False,prospective extension target,
75831511,3215366797307679360,77.640976,-1.29197,61.986813,-22.916134,8.9886265,0.10188989,44.896347,0.10721867,15.384838,0.07234518,17.692707,17.720581,17.685793,22.537346,DA,0.9922012,0.0,0.0,0.0,0.0,0.0,0.0,0.0,11252.883,8.354021,2,apo25m,59879,60286,110.844826,109.631195,112.42001,47.459194,0.10410472,88.21902,0.03478813,12.461174,25.029284,24.046831,12.356809609999999,False,False,prospective extension target,
71869981,2834097465199673856,339.94565,19.621384,158.33566,-33.41022,8.710649,0.12693235,-23.691465,0.11727046,-17.559008,0.11783486,17.471443,17.469465,17.528183,34.86148,DA,0.9900137,0.0,0.0,0.0,0.0,0.0,0.0,0.0,13958.071,8.465392,3,apo25m,60578,60580,115.04515,113.27683,116.75495,29.489054,0.11747088,68.62434,-0.058717728,12.171696,16.0484,15.192453,12.347849184000001,False,False,prospective extension target,
89480864,4482213713896504192,271.3452,8.561458,186.97891,14.096454,6.0405574,0.1782811,19.304619,0.153426,-16.435564,0.1512959,18.347788,18.377895,18.408665,12.800483,DA,0.9289836,0.0022204034,0.0020110204,0.0,0.0,0.0019911032,0.0,0.0,18235.025,8.72577,1,apo25m,60065,60065,166.01643,161.70422,171.5976,25.353424,0.15253448,33.88221,-0.030769348,12.253174,19.896698,17.948395,12.345482043999999,False,False,prospective extension target,
68504895,2195721014117699328,315.55148,61.74045,172.44989,10.022751,6.4912047,0.14466852,23.138247,0.21725363,14.778267,0.16305833,18.323275,18.389378,18.375736,6.228519,DA,0.6482824,0.024675755,0.0071446477,0.0,0.0,0.0012145016,0.0038289027,0.0019982143,10877.747,8.31526,1,apo25m,59392,59392,154.80612,151.18625,159.08057,27.454975,0.2030451,44.869503,0.013641357,12.384901,20.050129,18.376612,12.343976929,False,False,prospective extension target,
74356615,3078327065339318144,129.67311,0.8574152,62.461117,24.094515,7.2378025,0.12138662,-25.257296,0.12954533,-27.74187,0.109088205,18.046661,18.079687,18.076641,57.00475,DA,1.0,0.0,0.0,0.0,0.0,0.0,0.0,0.0,,,4,apo25m,59204,59279,138.11028,135.8411,140.60316,37.517227,0.11879715,59.626034,0.0030460358,12.344696,24.572277,23.17294,12.3355578926,False,False,prospective extension target,
86413029,4217793816094052480,307.1589,-6.1450305,185.88358,-24.389744,28.090754,0.03476667,218.08226,0.037201386,42.92595,0.02821126,15.205027,15.229404,15.191845,57.4063,DA,0.998,0.0,0.0,0.0,0.0,0.0,0.0,0.0,12176.137,8.585627,1,apo25m,59844,59844,35.551903,35.50461,35.601578,222.26675,0.036905408,807.97943,0.03755951,12.447844,37.508747,37.351376,12.33516547,False,False,prospective extension target,
115760863,193810158715430144,82.27181,39.834072,66.39224,2.9674423,6.7014127,0.13031322,-11.159598,0.14147672,-10.331079,0.1003515,17.873703,17.872795,17.982964,25.303251,DA,0.9462103,0.0,0.0,0.0,0.0,0.0,0.0,0.0,16507.762,8.405947,1,apo25m,59272,59272,149.61551,146.83708,152.55618,15.207492,0.124201,51.425426,-0.11016846,12.004536,10.757532,9.915517,12.33504138,False,False,prospective extension target,
70693392,2615968858057952640,333.0758,-9.0295515,181.87224,-48.332363,15.026856,0.07014561,40.726788,0.07437839,26.86079,0.06207883,16.55762,16.577042,16.541111,25.557285,DC,0.05969989,0.0063272184,0.88304275,0.0057669217,0.0,0.0,0.0,0.005981041,,,1,apo25m,59890,59890,66.438095,66.14278,66.74968,48.787018,0.07087582,214.22377,0.035930634,12.441959,15.39067,15.111965,12.334167098,False,False,prospective extension target,
75038556,3130663273365558656,99.5252,4.287752,60.231823,-1.0042245,7.9511633,0.12831219,16.176323,0.13954437,-17.540447,0.12932706,18.052448,18.104984,18.03134,36.778416,DA,0.7663893,0.0056870976,0.016225148,0.0,0.0,0.0,0.0,0.0019982143,11434.165,8.582292,4,apo25m,59191,59238,124.95932,122.749054,127.164444,23.86086,0.1341197,61.967327,0.07364464,12.554602,14.225804,13.340091,12.333668079999999,False,False,prospective extension target,
67149232,2079781941076698112,295.8367,45.28234,184.8432,10.567318,7.5925574,0.08609251,11.832489,0.09404164,-15.320077,0.122463755,18.01507,18.039852,18.010923,18.604996,DA,0.8450168,0.0021757944,0.0074388087,0.0,0.0,0.0038153087,0.0,0.0019982143,,,2,apo25m,60528,60529,132.14804,130.71783,133.76964,19.357494,0.112686105,88.19069,0.028928757,12.417011,12.085996,11.484264,12.330224729000001,False,False,prospective extension target,
77081980,3377238509762378112,95.238556,22.814749,60.781822,3.8999503,6.6541386,0.12536982,13.67691,0.15386331,-10.357383,0.10676435,17.916117,17.884775,17.983799,43.20571,DA,0.9781871,0.0,0.0038129361,0.0,0.0,0.0,0.0,0.0,,,7,apo25m,59190,59301,149.53499,146.96988,152.37096,17.156143,0.1385639,53.07608,-0.09902382,12.031576,12.222195,11.288023,12.32864746,False,False,prospective extension target,
69033605,2260466993266300416,275.06885,70.89037,210.64037,28.057108,13.009247,0.05428187,34.810234,0.05623527,-165.99315,0.07506812,16.984201,17.044722,16.968962,36.81042,DA,0.98610514,0.0,0.0,0.0,0.0,0.0,0.0,0.0,,,2,apo25m,59981,59986,76.77327,76.40565,77.06469,169.60388,0.07437106,239.66098,0.07575989,12.555462,61.802353,60.958004,12.32818233,False,False,prospective extension target,
69472918,2354250932772185216,21.207209,-18.382296,83.122086,-78.35702,6.566393,0.13740474,29.347963,0.14053373,-7.5769687,0.108899914,18.26629,18.276676,18.268261,8.1602545,DA,0.76065284,0.005595717,0.009782076,0.0,0.0019983514,0.005196708,0.001997254,0.0,14499.999,8.378999,1,lco25m,60277,60277,152.30154,149.59573,155.50961,30.310286,0.13876833,47.788692,0.008415222,12.352924,21.881876,20.306562,12.327678334,False,False,prospective extension target,
78921678,3644193718167262336,212.73824,-4.8399796,152.89337,52.702538,8.498002,0.10800568,-49.473354,0.11438743,-6.496048,0.098294266,17.459827,17.449842,17.522385,45.206158,DA,0.99817395,0.0,0.0,0.0,0.0,0.0,0.0,0.0,13644.8545,8.350821,2,lco25m,60032,60033,117.5797,115.84227,118.997185,49.89801,0.11413358,78.68107,-0.07254219,12.106411,27.834782,26.62847,12.32403757,False,False,prospective extension target,
76252702,3288740571187607296,74.297844,8.036133,66.10493,-20.951828,6.7414927,0.13294517,-10.464503,0.14873461,5.430608,0.10537028,18.00846,18.008661,18.065638,24.920689,DA,0.9840545,0.0,0.0,0.0,0.0,0.0,0.0,0.0,14620.612,8.475564,2,apo25m,60236,60237,148.13017,145.8015,151.3777,11.789713,0.14065571,50.708824,-0.05697632,12.152241,8.290268,7.5470552,12.32316996,False,False,prospective extension target,
63317491,1781152830625198464,329.08978,21.680061,165.8914,-25.389523,7.9921513,0.10297472,42.42802,0.10353717,-14.278653,0.09295263,17.63043,17.663034,17.722038,25.282852,DA,0.994174,0.0,0.0,0.0,0.0,0.0,0.0,0.0,13474.988,8.370435,2,apo25m,60580,60581,124.86679,123.18683,126.151,44.766247,0.102510296,77.61275,-0.05900383,12.143749,26.552681,25.388906,12.32076049,False,False,prospective extension target,
67972498,2159171323461157120,273.49072,62.336243,207.5073,28.107283,10.493458,0.059176087,-5.2574253,0.0814194,59.48342,0.07574578,17.237858,17.266916,17.258833,68.58826,DA,0.998,0.0,0.0,0.0,0.0,0.0,0.0,0.0,12403.202,8.583719,5,apo25m,59358,59988,95.22375,94.685196,95.9223,59.71531,0.07579139,177.32599,0.0080833435,12.342451,26.976677,26.42687,12.318200969500001,False,False,prospective extension target,
62373810,1631796309274519040,250.9607,63.474766,228.96591,38.17115,11.412252,0.05607764,-44.261585,0.06542463,13.6770315,0.07699487,16.937714,16.943325,16.972645,57.13373,DA,0.9880796,0.0,0.0,0.0,0.0,0.0,0.0,0.0,12782.949,8.713748,4,apo25m,59952,60031,87.38597,87.03504,87.789444,46.32655,0.066513225,203.50807,-0.029319763,12.224571,19.243319,18.882086,12.312530289,False,False,prospective extension target,
114650782,6899736112005249664,309.8467,-13.306218,189.07135,-29.866062,6.822614,0.13956939,37.236553,0.137523,-7.6567726,0.1113388,18.11254,18.133165,18.142937,8.747663,DA,0.800088,0.015898991,0.003983033,0.0,0.0,0.0019692162,0.0010909091,0.0,12523.959,8.771714,1,apo25m,60223,60223,145.51088,142.41394,148.28244,38.015617,0.13655853,48.883316,-0.009771347,12.282293,26.413904,24.618408,12.311607040999998,False,False,prospective extension target,
80269065,3897079532834278912,175.13521,4.7742457,87.714714,61.97624,6.3408527,0.17684098,-3.0416923,0.20006068,-8.419278,0.16868141,18.343145,18.337461,18.32255,13.566785,DC,0.032532018,0.03846749,0.57743084,0.17156574,0.0019841376,0.005908089,0.0,0.011938072,,,1,apo25m,60412,60412,157.35922,153.50983,162.65443,8.951879,0.17259578,35.856243,0.014911652,12.353884,6.692493,5.8185663,12.309149044000002,False,False,prospective extension target,
69049482,2262779399362217856,286.4492,70.31289,199.86992,24.239868,6.0095997,0.08968588,6.163092,0.113151245,37.681633,0.12496531,18.259518,18.280106,18.331854,15.294713,DA,0.96261203,0.002,0.0,0.0,0.0,0.0,0.0,0.0,12519.758,8.581513,1,apo25m,59737,59737,166.54564,164.68289,168.3349,38.182316,0.12467172,67.0072,-0.051748276,12.153746,30.118832,28.54577,12.308990828,False,False,prospective extension target,
63598537,1811643593735709312,307.59982,16.053423,179.1274,-13.405811,8.696607,0.10267902,-26.242693,0.10876672,-6.3754807,0.10435088,17.871069,17.912628,17.825119,22.517366,DA/DZA,0.3867922,0.0018302718,0.0251857,0.0,0.0,0.008576801,0.0,0.0,,,2,apo25m,60463,60465,114.68978,113.487274,115.98711,27.006031,0.10852534,84.697014,0.087509155,12.567818,14.72083,14.045852,12.305290535000001,False,False,prospective extension target,
75754139,3204136316822860928,63.940052,-3.5418003,64.20557,-35.888924,7.386527,0.115286395,-36.09057,0.11661371,-11.464315,0.07439541,17.818237,17.816118,17.86414,22.187124,DA,0.9822395,0.002,0.0,0.0,0.0,0.0,0.0,0.0,13659.668,8.404758,2,apo25m,59970,60287,135.28708,133.47382,136.97343,37.86766,0.11340034,64.071106,-0.048021317,12.160439,24.302423,23.006842,12.304502951,False,False,prospective extension target,
62243776,1608985218273456512,211.87889,53.39795,267.22946,60.198338,7.4184027,0.08088008,-10.734478,0.08583337,-15.800206,0.08146662,17.99535,17.98964,17.975388,82.557304,DA,0.6012682,0.0073877736,0.33308476,0.0,0.005345067,0.007973389,0.0,0.0019982143,6128.474,9.49,4,apo25m,59315,59376,134.69562,133.14067,136.2774,19.101715,0.08287052,91.72101,0.014251709,12.346901,12.206282,11.665849,12.304145873000001,False,False,prospective extension target,
67669279,2127285619399178880,289.62558,45.553608,188.89584,14.602141,5.2776384,0.114068285,-7.59407,0.12339885,3.0060093,0.13715024,18.424791,18.4259,18.514387,15.106361,DA,0.98037523,0.002,0.0,0.0,0.0,0.0,0.0,0.0,15404.177,8.481088,2,apo25m,60465,60466,189.32938,185.3082,193.49088,8.167374,0.12535,46.26736,-0.088487625,12.036989,7.3360825,6.5721645,12.302451875000001,False,False,prospective extension target,
89149473,4448135347424545280,255.16072,12.348541,188.56134,30.108023,6.5763135,0.10941895,-9.17908,0.10187348,0.6277133,0.09456894,17.910772,17.907318,18.007063,21.356434,DA,0.9821699,0.0,0.0,0.0,0.0,0.0,0.0,0.0,14815.729,8.363539,2,apo25m,60090,60107,152.34647,149.28581,155.16856,9.200518,0.1018407,60.102142,-0.0997448,12.000685,6.632101,6.1070356,12.2999194,False,False,prospective extension target,
70261664,2529189902836761088,10.477815,-3.1340854,128.12814,-65.8979,7.407546,0.13201512,16.357195,0.18357682,-25.046558,0.15262753,18.041122,18.085077,18.053797,51.543957,DA,0.99634796,0.0,0.0,0.0,0.0,0.0,0.0,0.0,11865.182,8.491377,6,apo25m,59845,60530,135.02426,132.75041,137.59799,29.914677,0.1624998,56.111343,0.031280518,12.389494,19.143942,17.876213,12.295652445999998,False,False,prospective extension target,
77445751,3419918875386344576,74.5325,25.805851,70.11816,-10.468051,10.21563,0.13249457,7.2807145,0.14567697,-17.870947,0.09477501,17.518526,17.58287,17.49259,13.153487,DA,0.87796885,0.004,0.0,0.0,0.0,0.0,0.0,0.0,11457.786,8.519654,1,apo25m,59210,59210,97.63306,96.374565,98.86787,19.297138,0.1035597,77.10225,0.09028053,12.564852,8.954661,8.480521,12.29401041,False,False,prospective extension target,
89964796,4525836738955088640,277.7915,20.172945,188.59834,13.358594,8.087058,0.10308723,4.4383254,0.055930454,20.91648,0.093166806,17.95436,17.993845,17.927155,23.106073,DA,0.9485724,0.0,0.0,0.0,0.0,0.0,0.0,0.0,14372.744,8.4,2,apo25m,60464,60465,123.98354,122.50851,125.34885,21.382185,0.091874085,78.448685,0.066690445,12.493313,12.533804,11.916534,12.293241665,False,False,prospective extension target,
94816627,5161898683692967680,53.08827,-11.793561,61.07626,-49.317528,13.084324,0.06261157,51.83146,0.069217704,-52.728634,0.06200369,16.880596,16.905588,16.847183,47.79627,DA/DC,0.4945859,0.00667942,0.366891,0.0077669215,0.009228376,0.005799737,0.0017948032,0.0039964286,,,2,apo25m,60667,60668,76.36646,76.04617,76.6996,73.937874,0.06564794,208.97612,0.058404922,12.464352,26.787802,26.338343,12.289137234,False,False,prospective extension target,
115094299,77983343236811264,28.863022,14.187311,102.30193,-45.860394,6.0066934,0.20313607,84.434616,0.21525805,-36.579514,0.224174,18.48569,18.547695,18.517574,15.199766,DA,0.93129236,0.002,0.0,0.0,0.0,0.0,0.0,0.0,12145.581,8.660871,3,apo25m,60590,60592,166.99583,160.6366,172.42094,92.017746,0.2166914,29.569801,0.03012085,12.378866,72.62022,65.465385,12.28850345,False,False,prospective extension target,
68331598,2178741324779398528,320.82254,56.97195,167.6933,4.812504,20.439692,0.025798157,66.521645,0.03169128,68.50974,0.029307518,15.565819,15.548563,15.604875,48.194267,DA,0.996,0.0,0.0,0.0,0.0,0.0,0.0,0.0,13360.063,8.495396,2,apo25m,60224,60663,48.877815,48.816105,48.940216,95.49196,0.030487599,792.2927,-0.056311607,12.118191,22.146946,22.042273,12.287125821,False,False,prospective extension target,
73480084,3015115424601250304,81.036125,-7.7045555,59.18594,-22.891947,15.331815,0.06184018,-8.247182,0.059894256,-121.37381,0.047299303,16.580414,16.62228,16.547712,73.245224,DA,0.95104903,0.002,0.0,0.0,0.0,0.0,0.0,0.0,11075.639,8.685784,3,apo25m,59216,59218,65.05044,64.79426,65.3581,121.65368,0.047364846,247.92642,0.074567795,12.508381,37.614307,37.121193,12.284677615,False,False,prospective extension target,
89993902,4528928428213782016,275.55307,21.839869,189.57866,15.943746,6.1538596,0.11003561,-2.8100808,0.07185629,-0.899756,0.11315727,18.231024,18.200989,18.236938,18.857843,DA,0.98006827,0.0,0.0,0.0,0.0,0.0,0.0,0.0,,,2,apo25m,60561,60562,161.84111,159.41087,164.11565,2.9506125,0.07664116,55.92607,-0.035949707,12.176762,2.2729297,1.9891135,12.284611121,False,False,prospective extension target,
67548632,2114203840506204160,271.3309,43.297874,199.39926,26.241985,6.752132,0.09968982,7.4421782,0.11060067,11.94656,0.13456574,18.368608,18.427076,18.34999,14.644707,DA,0.96290874,0.0018302718,0.0,0.0,0.0,0.002,0.0,0.0,13187.952,8.084467,2,apo25m,60575,60577,148.20384,146.05121,150.33296,14.075025,0.12831719,67.73141,0.077085495,12.515812,9.881654,9.203733,12.284555515000001,False,False,prospective extension target,
68317820,2177776331525931136,321.6082,55.226505,166.97705,3.2588744,29.660185,0.02485271,272.20233,0.030871931,189.88795,0.02828788,14.758519,14.738962,14.791123,70.7391,DA,0.9860818,0.0,0.0,0.0,0.0,0.0,0.0,0.0,,,2,apo25m,59889,60214,33.692276,33.66881,33.724934,331.89087,0.030050533,1193.4387,-0.052161217,12.119389,53.044804,52.897427,12.275872651,False,False,prospective extension target,
56286810,661841163095377024,130.84148,20.725004,52.456924,33.49887,5.625678,0.15210538,-37.315136,0.17145775,-14.423311,0.10827592,18.308512,18.29721,18.36755,10.48377,DA,0.8417931,0.002,0.00020615477,0.0,0.0,0.0019911032,0.0,0.0,15043.215,8.427234,1,apo25m,60381,60381,177.73807,173.48976,183.16748,40.005642,0.16462205,36.985397,-0.0703392,12.059387,33.710697,30.796541,12.270404599999999,False,False,prospective extension target,
61386525,1451374525694669568,206.1453,26.545704,207.12155,78.13635,7.7691536,0.13471887,-28.761549,0.14499342,-26.61572,0.08914267,17.941885,17.97295,17.930618,54.117123,DA,1.0,0.0,0.0,0.0,0.0,0.0,0.0,0.0,11762.164,8.4705715,3,apo25m,59314,59375,128.68214,126.68308,130.59538,39.18703,0.12243654,57.66938,0.042331696,12.393753,23.910576,22.515202,12.266757912000001,False,False,prospective extension target,
65464627,1986822424836721792,339.70074,47.941673,152.48215,-9.239132,6.06896,0.1323046,54.097958,0.124522105,15.670861,0.11243797,18.373661,18.389326,18.381098,20.409275,DA,0.96068156,0.0,0.0,0.0,0.0,0.0,0.0,0.0,13421.57,8.536529,2,apo25m,60530,60532,164.70776,161.9495,168.48412,56.321976,0.123628795,45.87112,0.008228302,12.289232,43.993145,41.020664,12.264547094000001,False,False,prospective extension target,
70499152,2575263700647250944,26.513382,12.019638,104.38241,-48.67003,8.580622,0.09073397,-20.21303,0.113170706,-4.837985,0.09850042,17.400726,17.392756,17.456175,25.070404,DA,0.98005337,0.0,0.0,0.0,0.0,0.0,0.0,0.0,14926.062,8.38543,2,apo25m,60564,60565,116.3071,115.09525,117.38709,20.783953,0.11242486,94.569016,-0.06341934,12.068321,11.48235,10.948695,12.258579019999999,False,False,prospective extension target,
70366244,2547736087018009216,6.3222427,2.451572,134.53706,-59.755913,5.1610885,0.1764099,106.44244,0.22524612,42.363472,0.14910085,18.449823,18.457357,18.538273,31.257063,DA,0.9662392,0.0,0.002,0.0,0.0,0.0,0.0,0.0,15500.0,8.569682,2,apo25m,59910,60614,194.61267,188.09488,201.70142,114.56289,0.21642107,29.25623,-0.08091545,12.013531,105.226234,94.898766,12.256277350000001,False,False,prospective extension target,
68457878,2190070035447289856,314.16452,57.286392,173.04492,7.6857395,6.3856974,0.13056478,53.918663,0.16536088,-23.192215,0.13873102,18.46267,18.522041,18.440958,11.313898,DA,0.9204379,0.0,0.0019018794,0.0,0.0,0.0,0.0,0.0,10100.125,8.616811,3,apo25m,60121,60666,155.84164,152.62462,159.772,58.694984,0.16149274,48.908268,0.0810833,12.48871,43.57266,40.715538,12.245460099999999,False,False,prospective extension target,
71872212,2834500058254189440,340.96338,20.099821,157.28937,-33.565147,12.138619,0.09925953,22.47628,0.11878916,-27.258434,0.09714036,17.12048,17.180641,17.0819,29.688616,DA,0.998,0.0,0.0,0.0,0.0,0.0,0.0,0.0,11273.542,8.704061,2,apo25m,60582,60583,82.2373,81.49425,82.92568,35.329952,0.10643398,122.291725,0.09874153,12.5413265,13.797333,13.345258,12.24510191,False,False,prospective extension target,
61220554,1424192498016388480,248.57451,52.34296,222.07301,41.857376,6.816941,0.087670304,11.641438,0.101161994,0.050439466,0.11576457,17.95072,17.954191,17.995888,10.75372,DA,0.8976271,0.004,0.004175076,0.0,0.0019983514,0.0,0.0,0.0,14331.558,8.509511,1,apo25m,60117,60117,146.83832,144.99763,148.40733,11.641547,0.101162285,77.75655,-0.04169655,12.118668,8.09548,7.5915394,12.24375765,False,False,prospective extension target,
67201064,2083661675243196544,308.11978,48.029514,176.81464,4.8782225,12.786502,0.040227354,-36.511356,0.05137516,-42.024036,0.049215127,16.55313,16.551601,16.601446,39.151016,DA,0.6886792,0.0040190895,0.0056572654,0.0,0.0,0.002,0.0,0.0019809103,17501.209,9.141351,2,apo25m,60463,60464,78.15379,77.92914,78.3988,55.669548,0.050155673,317.8559,-0.04984474,12.086887,20.638937,20.390701,12.23642122,False,False,prospective extension target,
72001791,2857029566903764608,5.645656,27.940996,130.72542,-34.496956,7.8463936,0.18966652,104.45191,0.23172617,16.854723,0.124848306,17.986446,17.50723,17.432682,38.423523,DA,0.996174,0.0,0.0,0.0,0.0,0.0,0.0,0.0,,,2,apo25m,60563,60638,127.448006,124.346176,130.93655,105.80304,0.2296299,41.36942,0.07454872,12.459797,63.921867,59.21179,12.23615084,False,False,prospective extension target,
86751463,4250539123500380032,302.97137,7.474162,182.4502,-14.12939,5.575089,0.15595856,0.12545113,0.19408035,-3.4062107,0.17355081,18.279663,18.267073,18.342037,10.640673,DA,0.87785584,0.0,0.00550383,0.0,0.0009090909,0.002,0.0010909091,0.0,17503.402,9.184033,1,apo25m,60121,60121,180.1539,175.12862,185.3883,3.40852,0.17358026,35.747246,-0.07496452,12.0109215,2.8982472,2.26535,12.23581506,False,False,prospective extension target,
58890282,1062257081450709632,171.69868,70.35008,330.01398,45.11525,14.962533,0.04762932,-4.900023,0.04148513,9.796692,0.054107886,16.537327,16.572313,16.513157,23.44643,DA,0.99,0.0,0.0,0.0,0.0,0.0,0.0,0.0,12974.29,8.306138,1,apo25m,59657,59657,66.741325,66.50312,66.984955,10.953785,0.051828578,314.14542,0.059156418,12.412352,3.4704075,3.3887842,12.234882746,False,False,prospective extension target,
62736503,1697790612080870144,232.64523,74.43574,256.22064,38.51852,13.446744,0.03799723,-73.669815,0.0545305,108.792046,0.04491534,16.540543,16.558222,16.57461,59.94978,DA,0.99610686,0.0,0.0,0.0,0.0,0.0,0.0,0.0,13083.471,8.430311,3,apo25m,59680,59712,74.309944,74.105995,74.52461,131.38855,0.04814562,353.88748,-0.01638794,12.183628,46.319275,45.879425,12.232791820000001,False,False,prospective extension target,
62995072,1741309484170637312,324.46527,9.247941,173.61414,-30.663345,6.193526,0.16047005,-19.689362,0.18136883,-16.701115,0.1369644,18.256828,18.284975,18.289516,11.082735,DA,0.8825331,0.0,0.0,0.0,0.0,0.0,0.0,0.002,12849.337,8.70466,1,apo25m,60229,60229,161.48438,157.86133,164.82196,25.818563,0.16425565,38.596146,-0.004541397,12.216518,19.7613,17.986116,12.230142191,False,False,prospective extension target,
56282874,661311267210542080,129.94655,19.76993,53.163643,32.384502,5.403819,0.19360226,-36.234356,0.20173514,-13.471942,0.15121898,18.372242,18.382166,18.445826,12.332921,DA,0.9072046,0.0,0.00014691358,0.0,0.0019983514,0.0,0.0,0.0,11308.687,8.721706,1,apo25m,60381,60381,188.03079,182.02689,196.23001,38.657753,0.19629487,27.911963,-0.06365967,12.035746,33.912296,30.154655,12.22672501,False,False,prospective extension target,
70645887,2606779964507034240,344.12518,-9.758663,176.38779,-57.8212,10.791807,0.09916755,-23.31648,0.10632982,-12.465148,0.095653065,17.114288,17.11386,17.095583,15.303785,DC,0.043849885,0.030940406,0.56155396,0.031116342,0.003968275,0.007825075,0.0,0.0079151355,,,1,apo25m,60661,60661,92.21354,91.43933,93.43231,26.439331,0.10405137,108.82398,0.018276215,12.279758,11.61389,11.168873,12.224929354999999,False,False,prospective extension target,
69926480,2461865736419882880,32.056637,-10.155393,78.70435,-65.19333,6.692582,0.19117698,-8.182151,0.22382392,11.062173,0.18533285,18.365145,18.443739,18.351627,10.4312935,DA,0.9076591,0.0,0.002,9.6153846e-05,0.0,0.0,0.0,0.0,12594.376,8.56973,1,apo25m,60586,60586,149.11449,145.5364,153.18602,13.759334,0.19979346,35.00726,0.09211159,12.493114,9.745971,8.585658,12.21677923,False,False,prospective extension target,
101359381,5731037749412035200,138.76997,-15.568931,71.72187,22.362091,6.554064,0.11548997,0.13443653,0.10746808,-5.7868237,0.07623282,17.944693,17.946894,18.009428,24.165419,DA,0.99217397,0.0,0.0,0.0,0.0,0.0,0.0,0.0,12593.525,8.357393,1,lco25m,60708,60708,151.99788,150.04526,154.21971,5.788385,0.076253116,56.750072,-0.06253433,12.027246,4.186664,3.8193042,12.21484899,False,False,prospective extension target,
56645982,713235016637221120,133.81566,33.904934,42.093185,39.368687,5.501037,0.16985412,-21.495905,0.162623,3.9243848,0.15876777,18.331945,18.404531,18.463821,23.573816,DA,0.966487,0.0,0.0,0.0,0.0,0.0019911032,0.0,0.0,14500.0,8.227198,3,apo25m,59604,60700,182.98882,177.11314,188.50632,21.851194,0.16250008,32.386833,-0.059289932,12.034168,18.830072,16.849226,12.212037795999999,False,False,prospective extension target,
69740054,2423499381975837056,5.5980544,-12.057417,146.20793,-73.46069,10.37041,0.10173883,33.36885,0.14292842,36.668762,0.089439236,17.41421,17.473276,17.378815,9.116851,DA,0.6036417,0.00857697,0.010149212,0.0,0.0039841374,0.006584393,0.0,0.0,11013.4375,8.710536,1,apo25m,59953,59953,96.36616,95.20727,97.23732,49.57901,0.11674604,101.93168,0.09446144,12.493189,22.66331,21.859842,12.20980468,False,False,prospective extension target,
67840113,2143780668934740992,282.41458,49.12286,194.698,20.44442,8.099181,0.08647328,9.259839,0.10166112,33.42647,0.11330294,17.67147,17.70225,17.699986,25.001394,DA,0.9920273,0.0,0.002,0.0,0.0,0.0,0.0,0.0,14015.202,8.203093,2,apo25m,60434,60435,123.70531,122.55221,125.07119,34.685352,0.11251308,93.66109,0.0022640228,12.213676,20.301418,19.479908,12.2068839316,False,False,prospective extension target,
56692293,721180328177451776,159.17581,21.257727,50.518967,58.81546,8.895511,0.08704239,-80.97571,0.087454155,-8.453319,0.07793708,17.57164,17.614197,17.57723,31.203833,DA,0.9962012,0.0,0.0,0.0,0.0,0.0,0.0,0.0,11790.556,8.534105,1,apo25m,60707,60707,112.12573,110.992386,113.310036,81.41575,0.08735708,102.19746,0.036966324,12.317493,43.386932,42.013954,12.206594028000001,False,False,prospective extension target,
86602351,4236646794083461120,302.1297,0.40898362,184.33098,-16.885195,7.408273,0.14133361,-7.753499,0.14145993,-12.883694,0.109422915,18.069366,18.117428,18.04218,20.557632,DA/DAH,0.47577727,0.0001929002,0.007274779,0.0,0.002,0.0077130245,0.005997254,0.0019982143,,,2,apo25m,59731,59734,134.28423,131.64432,136.9382,15.036832,0.11878712,52.416924,0.07524872,12.417952,9.621898,8.885329,12.19220584,False,False,prospective extension target,
78995986,3656498524592046976,219.39215,3.4552133,167.24837,55.31452,6.2967763,0.22232953,-21.942753,0.27726963,-13.014705,0.27774283,18.465782,18.546917,18.455034,61.782665,DA,1.0,0.0,0.0,0.0,0.0,0.0,0.0,0.0,11938.072,8.554928,7,apo25m,59284,60061,157.83516,153.0274,163.03703,25.512094,0.27739283,28.321817,0.091882706,12.461374,19.206545,16.800451,12.185725882,False,False,prospective extension target,
80416257,3925401028220330496,179.50023,16.357143,76.215034,73.59183,9.759739,0.09250821,-18.244678,0.086846724,9.819326,0.0688657,17.188341,17.179247,17.195026,8.585377,DC:,0.132044,0.089015715,0.2790234,0.055498406,0.006969543,0.03293966,0.00921961,0.018562745,,,1,apo25m,60399,60399,102.05639,101.27031,103.07464,20.719254,0.08314743,105.50133,-0.015779495,12.135532,10.063691,9.667627,12.182870484999999,False,False,prospective extension target,
55901419,599468518447403776,126.77035,9.166386,58.696728,25.388775,9.054387,0.09604565,-52.957985,0.09874486,17.15494,0.07098785,17.549644,17.588406,17.537592,40.430927,DA,1.0,0.0,0.0,0.0,0.0,0.0,0.0,0.0,11025.999,8.6,1,apo25m,59641,59641,110.18841,108.91244,111.404686,55.667225,0.09645271,94.271706,0.050813675,12.333939,29.144854,28.099167,12.181497975000001,False,False,prospective extension target,
71349316,2734850353060588928,333.7315,13.765569,165.70084,-34.198845,10.2323475,0.101225086,39.877865,0.12724148,-34.394516,0.103879645,17.426058,17.487244,17.388987,19.09649,DA,0.99002725,0.0,0.0,0.0,0.0,0.0,0.0,0.0,10805.898,8.461726,1,apo25m,60255,60255,97.49633,96.441,98.791626,52.661434,0.11784376,101.0851,0.098257065,12.475935,24.397133,23.534882,12.181163805,False,False,prospective extension target,
57688920,889652688105618176,108.11652,31.462685,54.279682,17.911842,6.3006077,0.129468,-31.128393,0.13894077,-19.82103,0.115127616,18.031944,18.003084,18.053726,30.171043,DA,0.9763577,0.0,0.00023334923,0.0,0.0,0.0,0.0,0.0,14992.112,8.370651,3,apo25m,60678,60695,158.43977,155.53796,161.46822,36.90325,0.13251096,48.665367,-0.050642014,12.028856,27.765377,25.871426,12.180782041999999,False,False,prospective extension target,
76163048,3266337781252698880,46.03077,-0.42834055,75.69895,-48.447,7.357624,0.1469221,-19.416885,0.16474405,-3.6340017,0.14757977,17.81962,17.845387,17.853983,40.596,DA,0.5067864,0.002,0.011929172,0.0019731435,0.0,0.012,0.0,0.0,24218.404,9.49,2,apo25m,59884,60609,136.25482,133.64342,138.92938,19.754023,0.16419251,50.078403,-0.00859642,12.153309,12.727389,11.708608,12.17909826,False,False,prospective extension target,
75616302,3182332825148002560,76.2176,-9.885825,58.5061,-28.12794,6.5291348,0.12526114,12.170199,0.12159243,-4.8493733,0.10917638,18.197401,18.252016,18.220028,11.845924,DA,0.70014936,0.0036605436,0.0120336255,0.002,0.0,0.0059733884,0.0,0.003989591,,,1,apo25m,60259,60259,153.21223,150.23703,156.66425,13.10077,0.11996721,52.124184,0.031988144,12.271679,9.511797,8.747056,12.175714568,False,False,prospective extension target,
69931429,2462863302703842560,29.15375,-8.921395,84.79102,-66.151726,6.0471835,0.17762698,-2.2205706,0.16552766,3.665193,0.14553858,18.413511,18.454346,18.40461,13.655611,DA,0.9756569,0.0,0.0,0.0,0.0,0.0,0.0,0.0,,,1,apo25m,60585,60585,165.47345,160.08961,171.32524,4.285391,0.15116549,34.044285,0.049736023,12.321278,3.3593764,2.7606082,12.172069931,False,False,prospective extension target,
68468529,2191198654069841152,320.7352,58.94023,167.89851,6.240347,6.2648287,0.106003515,-41.399006,0.14147995,-23.709978,0.11570948,18.316236,18.356897,18.312752,14.85363,DA,0.9843617,0.0,0.0,0.0,0.0,0.0,0.0,0.0,11714.24,8.233425,2,apo25m,60224,60663,158.98415,156.41844,161.46606,47.70787,0.13557117,59.100197,0.044145584,12.300783,36.099586,34.062767,12.168346247999999,False,False,prospective extension target,
79081048,3671147588591832960,213.15956,4.4064097,161.26514,60.143593,6.375388,0.1966265,-50.436447,0.18224448,11.556487,0.16791959,18.34355,18.409363,18.342382,18.710104,DA,0.9845558,0.0,0.0,0.0,0.0,0.0,0.0,0.0,11985.807,8.593517,2,apo25m,60433,60434,157.35748,152.8174,162.14943,51.743477,0.18155672,32.42385,0.06698036,12.366083,38.474266,34.845238,12.16514192,False,False,prospective extension target,
86179829,4200054432940629760,289.44916,-10.442405,186.9994,-10.549653,9.96412,0.13393766,23.526577,0.11329092,-13.166743,0.09570647,17.32352,17.336498,17.286018,20.657356,DA,0.97619647,0.0,0.0,0.0,0.0,0.0,0.0,0.0,,,1,apo25m,60083,60083,100.1826,98.833244,101.55955,26.960396,0.10935397,74.393715,0.05047989,12.315716,12.826516,12.179297,12.16427633,False,False,prospective extension target,
62356897,1629078484036598656,248.59767,64.04819,231.77168,38.99604,6.2782316,0.11553989,-26.28734,0.13660401,42.927643,0.14490995,18.184328,18.21676,18.21323,30.320278,DA,0.98430765,0.0,0.0018129362,0.0,0.0,0.0,0.0,0.0,12242.105,8.651071,6,apo25m,59296,60337,159.18166,155.69043,162.1817,50.336933,0.1426927,54.338215,0.0035305023,12.173515,38.00763,35.712715,12.1629234931,False,False,prospective extension target,
75824122,3214456431743650048,77.56355,-3.2904725,61.23993,-23.943264,14.029448,0.07164229,47.11123,0.0665317,-100.94728,0.04743704,16.717224,16.757496,16.660753,46.06035,DZ,0.0067073414,0.0018302718,0.16852835,0.0039731436,0.0019983514,0.0,0.0,0.0017890615,,,2,apo25m,59910,59912,71.06178,70.658005,71.45483,111.399376,0.051375873,195.82635,0.09674263,12.452427,37.64121,37.021965,12.16219911,False,False,prospective extension target,
67184761,2082562197971311360,303.60727,46.865494,179.86627,6.730041,7.1871495,0.09473111,-2.0004148,0.10736104,10.52596,0.11155739,18.144918,18.200127,18.109629,21.913418,DA,0.8730478,0.0001763457,0.011562003,0.0,0.0,0.0,0.0,0.0,11324.432,8.606329,2,apo25m,60464,60465,138.93106,137.26732,140.50208,10.714359,0.11141377,75.86895,0.09049797,12.427702,7.066932,6.58605,12.15620809,False,False,prospective extension target,
70108090,2498461572200939776,40.24495,-0.659619,80.43862,-52.697403,7.3816333,0.19848764,-12.920999,0.1609542,-7.0215898,0.16114658,17.87736,17.888096,17.866512,44.964375,DC,0.0074838325,0.0068205437,0.9665365,0.0,0.0,0.0,0.0,0.0,,,5,apo25m,59166,59222,135.09566,132.02763,138.78635,14.705608,0.16099809,37.189384,0.021583557,12.218121,9.443912,8.451932,12.153370329,False,False,prospective extension target,
65905383,2014172742215711104,348.8587,61.11512,144.15558,0.37333396,5.6676598,0.116396755,-43.79833,0.12462498,4.7625775,0.116240226,18.390717,18.447838,18.445673,15.240243,DA,0.80500656,0.013830272,0.013047796,0.0,0.0,0.0,0.0,0.001982827,10792.229,8.325471,2,apo25m,60229,60615,176.15585,172.4115,179.39058,44.056507,0.124530256,48.692593,0.0021648407,12.157736,36.849167,34.41627,12.1512414779,False,False,prospective extension target,
116420217,270485053053115648,65.78568,50.104084,77.689095,0.32729906,18.36136,0.04792049,23.287569,0.05438146,-123.587585,0.04256585,16.115797,16.14795,16.051601,45.58568,DC,0.077961326,0.01135868,0.821351,0.03387625,0.0,0.003982285,0.0,0.0019913765,,,2,apo25m,59971,60626,54.387512,54.27293,54.553997,125.76248,0.043024745,383.16302,0.09634781,12.435322,32.468906,32.183598,12.14627857,False,False,prospective extension target,
67618259,2121733635434326016,273.86908,47.66606,199.84988,25.514517,6.909945,0.092373595,2.2990985,0.109744504,-21.46676,0.11166649,18.132263,18.181978,18.12005,20.009607,DA,0.97605276,0.0,0.0,0.0,0.0,0.0,0.0,0.0,,,2,apo25m,60439,60442,144.36588,142.4078,146.99356,21.589527,0.11164488,74.80433,0.061927795,12.329636,14.81119,14.019179,12.143852615,False,False,prospective extension target,
66449782,2037426558458833408,286.8615,28.128702,187.0157,9.218364,20.878975,0.028674515,50.067772,0.026013432,106.983,0.030440062,15.706071,15.719333,15.665635,32.328106,DA,0.6956797,0.004989708,0.105014674,0.0019731435,0.0072590266,0.0039006525,0.0,0.0059964284,6028.95,9.241523,1,apo25m,59715,59715,47.846134,47.769108,47.91198,118.119194,0.029693402,728.13696,0.053697586,12.304617,26.81839,26.688206,12.143524242,False,False,prospective extension target,
62198018,1600444383747640064,227.30424,55.538876,247.52167,52.303944,8.901569,0.067800984,-3.2055848,0.07588316,43.316574,0.08210336,17.565233,17.593843,17.53554,93.49937,DC,0.035316534,0.0036605436,0.5781019,0.008,0.003968275,0.0,0.0019480856,0.0017890615,,,8,apo25m,59290,60105,112.17932,111.28859,113.12755,43.435024,0.08207075,131.28967,0.058303833,12.312567,23.131025,22.486095,12.137655501,False,False,prospective extension target,
63766545,1823022920611411328,300.6865,19.504269,181.35388,-6.0033827,7.524869,0.08876148,19.587667,0.084109396,-22.181734,0.08099406,17.619516,17.62696,17.671133,22.245104,DA,0.9960137,0.0,0.0,0.0,0.0,0.0,0.0,0.0,13530.872,8.468035,3,apo25m,60471,60473,132.85472,131.42868,134.53041,29.59233,0.08237349,84.77629,-0.044172287,12.00201,18.642391,17.854877,12.134526861,False,False,prospective extension target,
70102486,2497335259977804544,41.621166,-1.8642225,78.07397,-52.618412,5.1100593,0.17154677,-17.579521,0.20291814,-13.015441,0.19532268,18.478947,18.483406,18.52095,16.418583,DC:,0.18573724,0.18390185,0.35705844,0.032203846,0.009952856,0.015730884,0.005944483,0.009804942,,,5,apo25m,59166,59222,195.82668,189.41539,202.87148,21.8733,0.20026177,29.78814,-0.03754425,12.021076,20.291294,17.928373,12.13370875,False,False,prospective extension target,
79815331,3808050667584060672,164.00597,1.4734075,78.3495,52.27613,8.367819,0.10940961,-70.74272,0.13176307,-39.647354,0.1159243,17.656063,17.68962,17.643642,22.792713,DZ,0.036147676,0.0007168848,0.110740654,0.004,0.007884631,0.014794322,0.004742809,0.0059982142,,,2,apo25m,60050,60411,119.626724,118.20351,120.95347,81.09528,0.12815543,76.481575,0.04597664,12.269125,45.941452,43.997826,12.131195080000001,False,False,prospective extension target,
62654998,1682022481467013504,181.94214,68.93214,317.4364,47.700806,11.006518,0.050981984,-82.99529,0.051305667,12.949153,0.054529842,16.817072,16.82462,16.859152,6.1757393,DA,0.7741303,0.007333128,0.0058333585,0.0,0.005996706,0.0038991654,0.0026857785,0.002,14381.812,8.265406,1,apo25m,59981,59981,90.79844,90.38215,91.20123,83.9994,0.051384635,215.89035,-0.034532547,12.025322,36.178253,35.616932,12.128919641,False,False,prospective extension target,
68124467,2167053825417781632,314.49567,48.625458,172.23422,1.9263333,8.30357,0.06796224,-4.299689,0.0752895,-24.194323,0.08316747,17.514067,17.542528,17.546911,24.970495,DA,0.9709881,0.0,0.0,0.0,0.0,0.0,0.0,0.0,12238.473,8.106553,2,apo25m,60468,60470,120.18747,119.247116,121.02222,24.573412,0.08293738,122.17917,-0.004383087,12.110392,14.028848,13.553996,12.123541261,False,False,prospective extension target,
67209316,2084166484213572480,303.76248,47.701393,179.84415,7.0980186,10.653731,0.053477235,8.631296,0.05997709,-28.07533,0.07091114,17.096176,17.108135,17.071331,33.147583,DZ,0.042982284,0.0011316809,0.087448835,0.0012707182,0.005911793,0.0028350437,0.0,0.0039964286,,,2,apo25m,60464,60465,93.615776,93.15685,94.05874,29.372154,0.07003432,199.21994,0.0368042,12.233685,13.069393,12.783406,12.1232724,False,False,prospective extension target,
57302453,839750257663742464,170.14722,52.96475,345.00098,59.145668,12.384093,0.054364648,76.19289,0.040695492,-86.276306,0.050651345,16.745592,16.747921,16.717434,27.649757,DZ:,0.061967343,0.04794442,0.14611244,0.002008966,0.0039841374,0.007689881,0.0067377174,0.008254419,,,2,apo25m,59629,60037,80.684616,80.35237,81.03716,115.10411,0.04655177,227.79681,0.03048706,12.209913,44.060356,43.43488,12.11845182,False,False,prospective extension target,
57037277,789339608048607232,167.83565,47.306957,355.9452,61.881443,20.696804,0.031617098,-110.26623,0.01805482,-89.92405,0.028009977,15.422045,15.411672,15.449829,27.722387,DA,0.960676,0.0,0.0,0.0,0.0,0.0,0.0,0.0,13803.821,8.27448,1,apo25m,60061,60061,48.250282,48.176273,48.31619,142.28484,0.022564251,654.608,-0.038157463,12.00156,32.589428,32.425323,12.116032388999999,False,False,prospective extension target,
73075554,2957868939381727232,80.00965,-24.922028,51.021107,-30.368587,7.841052,0.08982748,55.572163,0.07533277,-51.889732,0.08529567,17.762276,17.808615,17.768202,15.603878,DZ,0.04098131,0.0055000805,0.055856455,0.007872041,0.00798084,0.002,0.0069432487,0.006301713,,,1,lco25m,60634,60634,127.13999,125.784225,128.5506,76.03164,0.08012748,87.29013,0.040412903,12.234146,45.966496,44.298706,12.112907291,False,False,prospective extension target,
75730136,3200687419427134848,71.345985,-5.0520887,61.507084,-30.234715,7.270879,0.11679202,13.959207,0.12791112,-3.3717337,0.12185656,18.04569,18.097115,18.015926,24.949965,DZ,0.06747776,0.0020399564,0.0927928,0.0,0.0019841376,0.0059822854,0.00078376476,0.007200435,,,2,apo25m,60236,60237,137.44717,134.885,139.8844,14.3606415,0.12758484,62.254925,0.0811882,12.353626,9.362856,8.694337,12.1100614,False,False,prospective extension target,
56191362,650022138948718336,121.12947,12.135301,57.54388,21.631124,8.004426,0.11018022,5.3545785,0.11254784,-49.980328,0.076679595,17.777445,17.818499,17.75691,15.750479,DC,0.077541664,0.077305004,0.6000847,0.10108585,0.0,0.007908089,0.0019737014,0.0019982143,,,2,apo25m,60355,60371,124.024216,122.43607,126.06316,50.26634,0.07718016,72.64848,0.061588287,12.294096,29.769289,28.457037,12.109331139,False,False,prospective extension target,
74946891,3123329870108057088,95.54152,0.6632397,60.316425,-6.2044687,7.87889,0.10548526,-6.5573215,0.09681623,-38.697933,0.08616726,17.661844,17.673187,17.661068,45.306557,DC,0.36124945,0.009462624,0.571931,0.0019469986,0.0019967058,0.002,0.0,0.0,,,1,apo25m,59205,59205,126.57223,125.21227,128.19952,39.249565,0.08648229,74.69186,0.012119293,12.144169,23.615177,22.553226,12.107811121,False,False,prospective extension target,
70151673,2506764706057099520,30.384272,-0.659291,91.94183,-58.63528,8.891529,0.108861715,-12.578692,0.13402444,-81.03329,0.097498484,17.60204,17.660149,17.578518,45.688034,DZ,0.014147221,0.0,0.0166338,0.0,0.0019841376,0.0,0.0,0.0,,,2,apo25m,60234,60592,112.03092,110.76549,113.25339,82.00376,0.09851361,81.677284,0.08163071,12.346922,43.719856,42.01894,12.102029869999999,False,False,prospective extension target,
76530254,3330855616042214912,95.54403,11.129931,60.927868,-1.3277768,9.965898,0.10923735,4.314313,0.1115573,-10.034433,0.087655924,17.152796,17.119942,17.10386,49.155293,DA,0.986174,0.0,0.0,0.0,0.0,0.0,0.0,0.0,15513.872,8.469008,1,apo25m,59192,59192,100.17006,99.189026,101.1919,10.922598,0.09179559,91.23159,0.016080856,12.145378,5.195543,4.903312,12.097135432,False,False,prospective extension target,
76727617,3349849778193723008,88.129364,16.713707,63.173595,-4.910396,24.968042,0.03600436,12.926583,0.04120674,-57.890453,0.029473647,15.063876,15.055197,15.069886,37.62865,DA,0.71514744,0.019812627,0.06681939,0.0023621465,0.0,0.0019911032,0.0,0.0,,,2,apo25m,60690,60691,39.988647,39.939022,40.04674,59.316113,0.030134384,693.4727,-0.0146894455,12.050798,11.261846,11.196246,12.0948663365,False,False,prospective extension target,
80122425,3867140350901017472,167.55792,9.706376,72.45437,60.45545,5.9556313,0.19494438,-31.574509,0.25672352,24.571339,0.19890393,18.45313,18.510185,18.431608,22.206606,DA,0.9901541,0.0,0.0,0.0,0.0,0.0,0.0,0.0,11956.203,8.108591,1,apo25m,60707,60707,167.01451,162.16446,171.87558,40.00875,0.23658083,30.550413,0.07857704,12.32777,31.845537,28.483568,12.092038879999999,False,False,prospective extension target,
116692803,313525568862684672,16.413214,32.312923,119.262474,-30.462639,6.5915713,0.13851008,62.302536,0.13833515,-16.339418,0.12068332,18.032373,18.06068,18.048086,22.513996,DA,0.9903752,0.0,0.0,0.0,0.0,0.0,0.0,0.0,,,2,apo25m,60255,60591,151.76793,148.77441,155.18556,64.40949,0.13726754,47.58911,0.012594223,12.127319,46.32147,43.29595,12.089536331,False,False,prospective extension target,
71134048,2694744188969183872,325.18472,2.9307837,176.48068,-35.11119,7.4480257,0.12156729,5.3803596,0.12054869,2.8236122,0.08307527,17.653639,17.672953,17.695965,19.282331,DA,0.9863898,0.0,0.0,0.0,0.0,0.0,0.0,0.0,14000.0,8.046461,1,apo25m,59879,59879,134.22833,131.78835,136.49907,6.07627,0.11350879,61.266693,-0.023012161,12.013844,3.8673842,3.480234,12.082880483,False,False,prospective extension target,
79018134,3660356573454829824,209.85513,-0.5737327,152.18375,57.834187,12.5005455,0.076077156,-79.21405,0.08458483,70.976875,0.059776153,16.817682,16.857826,16.783865,39.652782,DA,1.0,0.0,0.0,0.0,0.0,0.0,0.0,0.0,,,2,apo25m,60460,60461,79.91091,79.39258,80.28229,106.36063,0.07456355,164.31406,0.07396126,12.302326,40.334187,39.527676,12.08044222,False,False,prospective extension target,
57843668,908957092928687104,121.406654,38.53555,44.994694,30.365797,22.089846,0.03396544,-37.313507,0.034375075,-299.85834,0.026119277,15.525439,15.543584,15.4855585,53.179474,DZ,0.0003681144,0.0018302718,0.20286758,0.0,0.0,0.0,0.0,0.0,,,2,apo25m,60658,60663,45.196728,45.12121,45.283577,302.17102,0.026264654,650.3624,0.05802536,12.246403,64.84575,64.53117,12.07232692,False,False,prospective extension target,
99960695,5613565484729858432,111.69801,-25.832989,61.054092,-4.3364453,10.537533,0.060654093,-42.4003,0.043704797,16.610542,0.058629487,17.00045,17.018835,17.004515,19.295141,DZ:,0.01699742,0.077289835,0.08443303,0.0044303047,0.0059950547,0.0,0.003916106,0.004543819,,,1,lco25m,60607,60607,94.5821,94.03186,95.20945,45.537846,0.045970872,173.7316,0.014320374,12.114145,20.485895,20.07716,12.071183878000001,False,False,prospective extension target,
71097068,2689964337045144704,317.51562,-0.031408906,181.03062,-30.420456,6.662595,0.12731773,17.434832,0.13667844,-26.662405,0.12445125,18.019194,18.053082,18.030203,17.337576,DA,0.5637738,6.184215e-05,0.011562033,0.00042133866,0.0019983514,0.002,0.0,0.0019982143,6882.063,9.277044,1,apo25m,59762,59762,149.87471,147.2816,152.86627,31.856823,0.12823595,52.330456,0.022878647,12.137411,22.66629,21.17845,12.068775059,False,False,prospective extension target,
71864967,2833207170018790656,340.28232,18.53778,158.47446,-34.477345,7.805648,0.116917156,55.74966,0.11566317,16.380472,0.1218566,17.548042,17.507782,17.525936,28.80086,DA_MS,0.4612635,0.0,0.0,0.0,0.0,0.0019911032,0.0,0.0,,,2,apo25m,60532,60533,128.51863,126.438225,130.37303,58.10632,0.11616745,66.762215,-0.018154144,12.010086,35.28871,33.568634,12.064548431999999,False,False,prospective extension target,
79365437,3719509057783218560,202.13654,7.8973413,146.36806,68.85468,5.5413055,0.19170757,-26.353544,0.21107754,-44.285923,0.10811355,18.35095,18.392513,18.390898,10.238736,DA,0.9269596,0.0,0.0036578723,0.0,0.0,0.0019911032,0.0,0.0019982143,12764.335,8.381937,1,apo25m,60405,60405,181.80522,174.18645,187.8451,51.533993,0.14241895,28.904991,0.0016155243,12.069012,44.086243,39.609707,12.0641654271,False,False,prospective extension target,
115440482,154198607352612480,74.10511,27.954222,70.651886,-9.464152,11.322796,0.07377861,59.109425,0.08874756,10.709336,0.06568605,17.061026,17.091908,17.001411,23.42871,DC,0.21283622,0.018013978,0.5611141,0.06342713,0.009897751,0.011654255,0.005789311,0.01181288,,,1,apo25m,59210,59210,88.22183,87.67733,88.77074,60.07174,0.08810754,153.46991,0.09049606,12.330793,25.149998,24.559254,12.05930482,False,False,prospective extension target,
71089712,2689069472018944896,317.09857,-0.69199514,181.48662,-30.412382,5.937935,0.16109355,3.188142,0.16335931,-22.041882,0.13952334,18.289633,18.308128,18.274664,15.4990225,DA,0.94106126,0.0,0.0034298429,0.0,0.0,0.0,0.0,0.0,10881.457,8.401405,1,apo25m,59762,59762,169.34427,164.7752,173.3938,22.271255,0.14005251,36.860165,0.03346443,12.15781,17.779955,16.131598,12.05741671,False,False,prospective extension target,
63596789,1811477842355325312,311.30154,17.51423,177.22821,-15.485807,7.8799047,0.10206827,-0.29400426,0.10519036,-16.432255,0.08663996,17.76595,17.809797,17.74599,30.029163,DA,0.9961815,0.0,0.0,0.0,0.0,0.0,0.0,0.0,11117.685,8.538842,5,apo25m,60471,60477,126.548645,125.09321,127.99684,16.434885,0.086646535,77.2023,0.063806534,12.248554,9.887058,9.366701,12.057134398,False,False,prospective extension target,
86742313,4249480572979185280,303.20987,5.8451138,182.7587,-15.156486,7.1696205,0.11071308,41.69464,0.112849824,21.02618,0.09868538,17.922817,17.96135,17.913181,18.350042,DA/DAO,0.2340752,0.009110208,0.16041152,0.009403747,0.009914227,0.040776204,0.0017560975,0.011994643,,,1,apo25m,59840,59840,139.57553,136.96266,141.56444,46.69629,0.110125355,64.75857,0.048168182,12.200298,30.875044,29.29929,12.055793454,False,False,prospective extension target,
84324624,4099375451739916544,282.80832,-16.157764,186.71819,-7.245976,5.3782134,0.17561533,-7.12697,0.23551409,7.251649,0.23386924,18.398504,18.478388,18.479286,14.780846,DA,0.97317797,0.0,0.0018129362,0.0,0.0,0.0,0.0,0.0,12789.308,8.224012,2,lco25m,60500,60501,185.9397,179.83919,191.81252,10.167601,0.23467885,30.624966,-0.0008983612,12.051695,8.961936,7.59717,12.054390083600001,False,False,prospective extension target,
70157423,2507853291287991808,30.00853,0.67177767,93.542534,-57.67359,5.8660154,0.20187931,34.67779,0.22425169,0.11622916,0.1952345,18.488617,18.560194,18.466288,15.380108,DZ,0.02329369,0.008534698,0.20204678,0.045802746,0.0019983514,0.0038365254,0.0,0.006526646,,,2,apo25m,60236,60593,170.89264,163.66333,178.17183,34.677986,0.22425137,29.057041,0.0939064,12.330334,28.024126,24.908749,12.048614800000001,False,False,prospective extension target,
87504241,4284105534185196032,277.24365,4.1807117,186.07971,6.8980403,8.892738,0.10429314,-3.7303889,0.108086,16.415613,0.08883187,17.42545,17.464123,17.422514,21.833632,DC:,0.22566032,0.07206249,0.49022937,0.019350745,0.008782729,0.018115764,0.0,0.003664881,,,1,apo25m,59838,59838,112.40327,110.912186,114.03346,16.834137,0.0898737,85.26676,0.04160881,12.170628,8.973807,8.529964,12.04580157,False,False,prospective extension target,
60956312,1381795329649108864,242.58849,41.729527,216.52364,47.1256,5.7925096,0.12020214,-31.80591,0.13529532,-14.310866,0.14039727,18.45751,18.520113,18.44338,15.764568,DA,0.99017686,0.0,0.0,0.0,0.0,0.0,0.0,0.0,11063.524,8.497429,1,apo25m,60114,60114,171.75497,168.23125,175.04202,34.877167,0.13616769,48.18974,0.076732635,12.271843,28.542753,26.55527,12.041645095,False,False,prospective extension target,
80474157,3936999437080327040,197.77502,16.517452,145.327,78.45346,20.745705,0.04126302,-70.05183,0.048922576,-64.13629,0.053793095,15.701282,15.737819,15.656336,34.71747,DA,0.998,0.0,0.0,0.0,0.0,0.0,0.0,0.0,11196.674,8.394154,2,apo25m,60686,60687,48.112118,48.00933,48.207783,94.977486,0.051201038,502.76746,0.08148289,12.285923,21.702705,21.539083,12.04147433,False,False,prospective extension target,
54466325,428069597867325568,7.086487,58.998566,128.079,-3.7396839,8.301554,0.077343136,-28.402416,0.067857035,31.445227,0.078634374,17.552172,17.588562,17.552565,29.273216,DA,0.9884025,0.0,0.0,0.0,0.0,0.0,0.0,0.0,11245.1875,8.301927,3,apo25m,59915,60638,120.11358,119.135895,121.326195,42.373337,0.07398671,107.33407,0.03599739,12.147968,24.196617,23.41541,12.039975830000001,False,False,prospective extension target,
62889403,1727554421909235328,224.91281,85.7387,269.60635,30.715305,9.007847,0.054891787,-56.94415,0.07341951,8.959488,0.068682596,17.35253,17.364664,17.33585,31.198118,DC,0.101557985,0.07266407,0.7701587,0.00042133866,0.00104,0.0019080623,0.0,0.00096,,,10,apo25m,59306,59391,110.98589,110.26534,111.692696,57.644676,0.073308684,164.1019,0.028814316,12.125635,30.33609,29.677801,12.039192052,False,False,prospective extension target,
55186785,505759238365541888,26.790785,57.312096,110.51584,-4.746298,11.664927,0.068931915,98.508026,0.052947354,-57.84034,0.070522375,16.994019,17.040848,16.943584,18.737673,DA,0.9724646,0.0,0.0,0.00083730667,0.0,0.0,0.0,0.0,10517.831,8.2320385,1,apo25m,60605,60605,85.67705,85.208244,86.10114,114.23369,0.057963338,169.22389,0.097263336,12.328428,46.423042,45.544952,12.036637992000001,False,False,prospective extension target,
64755113,1926515659458522112,354.75378,44.45598,139.70013,-16.526278,9.826458,0.066678025,1.7789296,0.057504278,-12.897598,0.054408565,17.234217,17.248693,17.19526,18.449238,DC,0.03986277,0.028395252,0.7833101,0.015740065,0.0019983514,0.0054563587,0.0,0.007839094,,,2,apo25m,60588,60589,101.63287,100.877625,102.36596,13.019702,0.054467965,147.37177,0.053434372,12.196201,6.2809515,6.078387,12.035897884,False,False,prospective extension target,
56167454,646514250177090304,146.89415,26.026602,45.128593,49.11027,15.652921,0.060262967,-81.300156,0.06092338,-118.05204,0.050291386,16.26372,16.296305,16.22896,53.95296,DA,1.0,0.0,0.0,0.0,0.0,0.0,0.0,0.0,11286.653,8.396592,1,apo25m,60677,60677,63.789543,63.590183,63.976788,143.33876,0.053940862,259.74362,0.067344666,12.236696,43.40999,42.865887,12.034662002000001,False,False,prospective extension target,
115232663,109623546967965568,42.728344,22.362696,91.14877,-32.699955,6.400476,0.15744936,4.090819,0.16515341,4.367052,0.1429418,18.023613,18.048822,18.041702,23.415375,DA,0.9823587,0.0,0.0,0.0,0.0,0.0,0.0,0.0,,,2,apo25m,60590,60591,155.16191,150.55675,159.16122,5.9838066,0.15372294,40.651012,0.0071201324,12.054674,4.4318666,3.809191,12.0333136028,False,False,prospective extension target,
55772685,578443893322962944,134.6039,3.3211877,62.42539,29.595959,5.927023,0.20262022,4.8429575,0.22448574,-12.058702,0.15649894,18.430868,18.495768,18.40714,48.985996,DA,1.0,0.0,0.0,0.0,0.0,0.0,0.0,0.0,,,5,apo25m,59292,59664,169.58727,164.75365,175.24707,12.994866,0.1675992,29.251883,0.08862686,12.295052,10.393375,9.061872,12.02917142,False,False,prospective extension target,
71161253,2698967481850851712,323.33136,4.6934156,176.39137,-32.57624,6.009923,0.1878576,-20.303146,0.18052518,-15.478428,0.17226249,18.396198,18.449585,18.36162,13.913893,DA,0.98610556,0.0,0.0,0.0,0.0,0.0,0.0,0.0,10534.008,8.271488,1,apo25m,59882,59882,165.6033,161.4411,171.51031,25.530363,0.17753278,31.991907,0.08796501,12.290543,20.137682,18.027113,12.026647969999999,False,False,prospective extension target,
94895837,5179219492227904640,44.885166,-9.060516,68.013374,-54.77901,10.265584,0.08238963,29.948528,0.08508991,0.9837838,0.08224027,17.152521,17.179783,17.118837,18.065092,DC,0.06183614,0.042227075,0.80186343,0.006,0.003996703,0.0037130243,0.0,0.002,,,1,apo25m,60664,60664,97.26554,96.5474,98.15436,29.964682,0.08508689,124.59801,0.06094551,12.209438,13.837174,13.396741,12.026601470000001,False,False,prospective extension target,
62390654,1634583704393958528,265.6428,67.94154,217.833,31.435333,8.665115,0.06975445,-46.171295,0.07055969,59.94992,0.09772423,17.425611,17.470985,17.438856,18.621935,DA,0.98024046,0.0,0.0,0.0,0.0,0.0,0.0,0.0,14095.509,8.220635,2,apo25m,59680,59744,115.14726,114.295135,115.862465,75.66889,0.0885892,124.223114,0.032129288,12.114483,41.396576,40.27845,12.018095136,False,False,prospective extension target,
100517762,5663381745233661440,145.90675,-23.680237,78.42058,21.91423,15.430155,0.048643425,5.8113885,0.05108546,-38.500935,0.046211183,16.161785,16.162872,16.134111,56.374874,DC,0.16954607,0.09473152,0.5917788,0.03589599,0.003995057,0.012,0.005765759,0.0,,,1,lco25m,60673,60673,64.68395,64.46875,64.86305,38.937054,0.04632535,317.20947,0.02876091,12.103636,11.962286,11.807917,12.01735327,False,False,prospective extension target,
59714479,1199412846257213952,240.39677,16.987825,191.28734,45.060055,7.011593,0.11319729,8.654953,0.107125886,5.1379385,0.10488269,17.900097,17.95279,17.914495,16.257038,DA,0.976618,0.0,0.00091484806,0.0,0.0019983514,0.0,0.0,0.0,11540.704,8.380849,1,apo25m,60088,60088,141.8701,139.18489,144.28409,10.065119,0.10654591,61.94135,0.03829384,12.129181,6.8049293,6.284451,12.01429948,False,False,prospective extension target,
63357807,1786408977241049856,325.55103,19.243643,169.03691,-24.800112,5.3103557,0.22841784,12.620903,0.18101466,2.7003438,0.17089081,18.461208,18.471264,18.447006,13.980807,DA,0.94659555,0.0036868786,0.0,0.0,0.0,0.0,0.0,0.0,12875.809,8.210594,2,apo25m,60528,60532,190.07166,182.03484,199.5175,12.90655,0.18058339,23.248428,0.02425766,12.086826,11.521472,9.776315,12.01405302,False,False,prospective extension target,
55927487,603166652792073088,130.11598,13.336071,56.775837,30.117783,5.746704,0.15423614,-8.954768,0.16711435,-15.587062,0.111679435,18.236364,18.25816,18.250767,11.346626,DA,0.9504855,0.00067680236,0.0,0.0,0.0,0.0,0.0,0.0,,,1,apo25m,60298,60298,173.05246,168.60445,178.29068,17.976217,0.12770048,37.25913,0.0073928833,12.033459,14.828625,13.431165,12.0112803501,False,False,prospective extension target,
68136682,2167744486208798848,309.3939,48.181618,175.91661,4.2855005,5.665875,0.14246444,6.80639,0.14778686,15.208262,0.17832997,18.437979,18.492178,18.427576,11.030844,DA,0.95461655,0.0018302718,0.004,0.0,0.0,0.0,0.0,0.0,11040.938,8.001155,2,apo25m,60463,60464,175.3717,170.7562,180.18407,16.661879,0.1736071,39.77045,0.0646019,12.204313,13.940501,12.557497,12.0105073,False,False,prospective extension target,
117497952,418491412783587200,10.344344,55.835342,125.18707,-7.008613,43.659355,0.021755258,316.49484,0.015835948,-70.08825,0.019843465,13.998035,14.009648,13.946325,53.99405,DC,0.024841383,0.0018302718,0.9556738,0.0,0.0,0.0,0.0,0.002,,,2,apo25m,60700,60702,22.889309,22.877682,22.901173,324.16254,0.01604561,2006.8416,0.06332302,12.1984215,35.1971,35.139347,12.008452440000001,False,False,prospective extension target,
80119314,3866510841839382784,166.70583,8.227092,73.59446,58.858788,5.6516795,0.24455705,-2.286575,0.22755387,-20.78782,0.21576379,18.381977,18.458498,18.413483,12.872793,DA,0.90536714,0.0,0.0,0.0,0.0,0.0,0.0,0.0,,,1,apo25m,60408,60408,177.3567,170.81201,184.51505,20.9132,0.21590853,23.109861,0.045015335,12.142864,17.541405,15.045042,12.007817995,False,False,prospective extension target,
76530145,3330847880803422848,95.76,11.080251,60.883152,-1.1639122,8.329075,0.11440941,22.631245,0.10758385,-48.099297,0.09305086,17.44097,17.460941,17.44651,40.868187,DA,1.0,0.0,0.0,0.0,0.0,0.0,0.0,0.0,12282.674,8.412334,1,apo25m,59192,59192,119.760506,117.84001,121.48916,53.15746,0.09584867,72.80061,0.014431,12.043953,30.254421,28.899847,12.00066,False,False,prospective extension target,
78896575,3639892119441535232,214.49785,-6.6683884,153.80367,50.239418,16.284662,0.058441944,-188.64035,0.08648292,-165.42232,0.052385535,16.070082,16.085634,16.042557,87.7511,DC,0.010797414,0.045836147,0.90974206,0.0,0.0,0.0,0.0,0.002,,,3,lco25m,60410,60412,61.30133,61.10834,61.514183,250.89784,0.07362707,278.64682,0.04307747,12.128975,73.03643,72.19486,11.99974259,False,False,prospective extension target,
90320469,4564414921173584640,253.2709,19.86648,193.07437,34.628418,5.625234,0.12644161,16.47294,0.09909663,-11.018778,0.09828643,18.329466,18.368486,18.341455,13.303267,DA,0.9006671,0.0073741954,0.0,0.0,0.0019983514,0.0038365254,0.0,0.0,,,1,apo25m,60089,60089,179.16544,173.60901,182.90826,19.818457,0.09884689,44.48879,0.027030945,12.08017,16.701313,15.412131,11.999077165000001,False,False,prospective extension target,
80118640,3866387902695704064,166.47197,7.7782207,73.935646,58.39007,6.2676563,0.13655439,22.26313,0.1540414,16.990652,0.14323975,18.018324,18.044146,18.04234,13.341538,DA,0.9645764,0.0,0.0,0.0,0.0,0.0,0.0,0.002,12154.341,8.36762,1,apo25m,60408,60408,159.47679,156.25662,162.35431,28.005878,0.15015611,45.89861,0.0018062592,12.003849,21.181927,19.56258,11.998430222400001,False,False,prospective extension target,
80047416,3852118307646195328,141.29778,5.1587043,63.04971,36.30182,24.55662,0.038201068,-153.29788,0.03669277,-78.92584,0.026724273,15.250991,15.280738,15.212816,46.220455,DA,1.0,0.0,0.0,0.0,0.0,0.0,0.0,0.0,11040.237,8.595817,2,apo25m,59958,60659,40.66027,40.589897,40.71734,172.42253,0.034841053,642.8255,0.06792164,12.201834,33.284866,33.11017,11.99806908,False,False,prospective extension target,
75914358,3226269756470965120,73.14786,-2.2462351,62.488724,-27.299519,7.10598,0.10732282,-18.63981,0.13107619,-23.488457,0.11124954,17.810797,17.838604,17.814596,22.232521,DBAZ/DZA,0.13922997,0.027382256,0.027984513,0.00042133866,0.0029333334,0.005016239,0.0075009437,0.001060241,,,2,apo25m,60233,60234,140.59343,138.29451,142.45515,29.985832,0.11930206,66.211266,0.024007797,12.068916,20.003847,18.908356,11.996892609,False,False,prospective extension target,
77482722,3424040459147426688,89.80367,21.864286,62.808052,-0.9611237,5.8956695,0.15701583,-3.2348535,0.18176946,-20.392056,0.1369595,18.224648,18.236391,18.20843,19.094624,DA,0.95697105,0.0,0.0,0.0,0.0,0.0039911033,0.0,0.0,,,2,apo25m,59187,59189,169.59953,165.68196,174.23213,20.64704,0.13823344,37.54825,0.027961731,12.077312,16.601452,15.0644045,11.993426806999999,False,False,prospective extension target,
69054084,2263690864438162944,297.6912,71.92805,190.33707,21.273285,11.612426,0.052506354,22.797974,0.05698519,79.31857,0.06181064,16.698294,16.72043,16.710236,17.931904,DA,0.9563702,0.0013453045,0.0,0.0,0.0,0.0019911032,0.0,0.0,,,1,apo25m,60251,60251,86.01421,85.64982,86.350624,82.52989,0.061455775,221.1623,0.010194778,12.022907,33.690674,33.165535,11.992322666,False,False,prospective extension target,
114789115,6914558147223768960,309.98727,-4.545849,184.8627,-26.147087,5.656494,0.20183054,-12.344101,0.19570602,-14.877749,0.13701741,18.470938,18.544394,18.461037,12.483979,DA,0.94476444,0.00044674726,0.0009601663,0.0,0.0,0.0,0.0,0.0,,,1,apo25m,59847,59847,176.10281,169.96356,183.00232,19.33195,0.1635098,28.025957,0.08335686,12.233675,16.201294,14.263396,11.983604419999999,False,False,prospective extension target,
69666035,2405805697263561600,349.8986,-17.091194,183.60982,-66.53402,39.145546,0.023963513,242.07358,0.029204791,10.229499,0.023922196,14.059093,14.056691,14.043554,70.67172,DC,0.2507844,0.089143105,0.5591405,0.00059522485,0.0019967058,0.0018242055,0.0,0.0,,,2,lco25m,60567,60568,25.520407,25.50372,25.536009,242.28963,0.029196223,1633.5479,0.013136864,12.022505,29.340929,29.276556,11.983094408000001,False,False,prospective extension target,
69173259,2289001755252266112,295.53723,74.6351,193.33322,22.825886,5.5753036,0.11914634,32.106632,0.16358022,64.65791,0.16995151,18.273266,18.288187,18.279547,10.47691,DC/DA,0.15583123,0.11418108,0.20974581,0.021396048,0.013682565,0.03287617,0.01632706,0.0279351,,,4,apo25m,60270,60300,178.80186,175.8139,183.21503,72.19059,0.16871037,46.793747,0.008640289,12.004608,61.380928,57.278397,11.978687133,False,False,prospective extension target,
79184600,3687702969530899456,197.27972,0.107305795,131.51749,62.64709,6.92787,0.1374621,-16.408285,0.17134371,-7.6906366,0.10973509,17.972715,18.025354,17.959492,30.060062,DA,0.998,0.0,0.0,0.0,0.0,0.0,0.0,0.0,11593.083,8.326443,3,apo25m,60077,60089,144.0431,141.86125,146.47879,18.121195,0.1619865,50.398403,0.065862656,12.1757145,12.399624,11.3891535,11.978126532,False,False,prospective extension target,
75739610,3202031778550646400,70.33877,-2.7423415,62.892143,-29.982138,6.2643213,0.13265705,26.631594,0.16607445,-54.644875,0.13093913,18.194439,18.239746,18.17195,23.972248,DZ,0.05046073,0.002,0.034296863,0.0,0.0,0.009957613,0.0,0.0059792553,,,2,apo25m,60234,60235,159.85046,156.39969,164.13443,60.789013,0.13837622,47.221924,0.06779671,12.17881,46.00155,42.958275,11.97541987,False,False,prospective extension target,
57731713,893881581625207680,112.620804,34.93678,51.074104,22.633093,10.240888,0.07551575,-63.99725,0.07959864,-62.941868,0.0746183,16.996662,17.000624,16.976128,45.245983,DZ/DZA,0.12128632,0.01978944,0.08169926,0.0,0.009354338,0.007991103,0.005942594,0.0019982143,,,2,apo25m,60706,60707,97.35299,96.593025,98.148834,89.76261,0.07719005,135.61261,0.024496078,12.048351,41.55079,40.54663,11.974862766000001,False,False,prospective extension target,
79742253,3793774952206250240,174.66449,-1.8175534,92.99535,56.160454,7.7653284,0.115632325,-37.392155,0.1435632,-11.242629,0.0815703,17.655703,17.694607,17.650442,24.164642,DA/DAO,0.32387352,0.0065938747,0.031567156,0.0,0.013601615,0.019712731,0.001997254,0.00996169,,,1,apo25m,59645,59645,127.887314,126.06664,129.84792,39.045742,0.13947506,67.15534,0.044164658,12.106503,23.836103,22.572306,11.974009026,False,False,prospective extension target,
116274084,252938050063624064,71.04148,44.851368,73.79342,-0.6335843,7.757441,0.11996953,-11.954641,0.15877974,-10.086382,0.13629845,17.819223,17.808884,17.709202,29.180313,DC,0.07928996,0.006632292,0.5797961,0.007744021,0.005966246,0.002,0.0019480856,0.0039982144,,,1,apo25m,59238,59238,128.94167,126.92838,130.62315,15.641245,0.14984131,64.66176,0.099681854,12.267815,9.558159,8.871849,11.968769438,False,False,prospective extension target,
94904946,5181620963061568512,47.999905,-6.060494,69.25398,-50.520916,7.813837,0.09232275,59.149216,0.09653459,25.931408,0.09411004,17.56514,17.585964,17.565504,23.508615,DA,0.98401624,0.0,0.0009601663,0.0,0.0,0.0,0.0,0.0,12542.063,8.882572,2,apo25m,60590,60591,127.49386,126.09123,128.89325,64.5838,0.09614785,84.63609,0.020460129,12.029461,39.18146,37.67118,11.968080613,False,False,prospective extension target,
69093915,2270482101087446528,317.25043,68.98357,172.18318,14.203419,5.8858495,0.10614871,-18.7379,0.13235706,-1.5611145,0.12901133,18.293795,18.325638,18.267262,14.020215,DC,0.17594352,0.015553367,0.60817885,0.041533843,0.0,0.024800558,0.00078376476,0.0128671015,,,2,apo25m,59846,60662,169.41556,166.9917,171.71727,18.802818,0.13233428,55.44909,0.058376312,12.142841,15.143811,14.063194,11.967712064,False,False,prospective extension target,
71013436,2678581436759837184,333.74304,-0.42001358,174.1655,-43.93446,6.716436,0.13210413,-42.889935,0.16742586,-9.340048,0.17261948,17.895088,17.894007,17.871702,63.520805,DA,0.9920796,0.0,0.0,0.0,0.0,0.0,0.0,0.0,12188.438,8.329521,6,apo25m,59383,60617,148.74886,146.29996,151.32686,43.895138,0.16766447,50.841984,0.022304535,12.030783,30.98125,28.919786,11.963869395,False,False,prospective extension target,
109642434,6340767112231016192,225.87694,-0.869856,168.99619,47.667625,5.2880206,0.16934824,-23.847399,0.19519684,-7.671265,0.1609917,18.4144,18.505243,18.48201,21.97654,DA,0.95260495,0.0,0.0,0.0,0.0,0.0,0.0,0.0,11997.393,8.703214,2,apo25m,60076,60357,189.23126,182.4703,195.5576,25.050882,0.19224802,31.22572,0.023233414,12.030865,22.456976,20.01684,11.961164758,False,False,prospective extension target,
74554253,3095056237836000000,121.93127,5.44861,59.80904,19.43814,6.2322836,0.11742788,-15.868367,0.12567276,-15.545958,0.08175439,18.027023,18.025135,18.012049,33.192833,DA,0.98801374,0.0,0.0,0.0,0.0,0.0,0.0,0.0,12627.062,8.461955,5,apo25m,59902,60271,159.49886,156.58803,163.14499,22.214453,0.106452785,53.073288,0.013086319,12.000259,16.897009,15.763077,11.961000043,False,False,prospective extension target,
78933274,3646213001335440896,213.63144,-2.6690176,155.49529,54.096138,6.321683,0.1810219,-42.1768,0.22527835,-23.589155,0.13891281,18.078783,18.117403,18.07482,15.815603,DC:,0.03821764,0.17552051,0.48350266,0.038943935,0.0015,0.005286053,0.0019707815,0.009514739,,,2,apo25m,60414,60430,158.30557,154.36894,162.4721,48.32526,0.20798022,34.9222,0.042583466,12.082947,36.23789,32.940273,11.955196602000001,False,False,prospective extension target,
62442776,1643419860870668928,244.36021,67.69438,238.91753,39.20825,6.273559,0.08674866,-7.1538463,0.10842196,-3.3918571,0.11764069,18.062103,18.14518,18.113586,26.534786,DA,0.9776817,0.0,0.0,0.0,0.0,0.0,0.0,0.0,11540.471,8.222617,5,apo25m,59355,60391,159.34337,157.34904,161.72658,7.9172096,0.11017179,72.3188,0.031593323,12.049673,5.9824567,5.5043726,11.954893031000001,False,False,prospective extension target,
89128835,4445698146758395136,251.68669,9.01309,186.52103,31.76406,9.098612,0.08377037,6.512803,0.07177929,-6.808411,0.056764595,17.268913,17.291399,17.254654,21.791458,DA/DC,0.2517404,0.12455153,0.24909982,0.017402,0.015712367,0.06466135,0.011132832,0.021542242,,,1,apo25m,60061,60061,109.75391,108.633545,111.04794,9.42184,0.064377286,108.61372,0.03674507,12.063789,4.908875,4.6790133,11.953553789999999,False,False,prospective extension target,
79088042,3672349771412693632,211.5373,6.0516877,160.9507,62.43546,5.5836496,0.16885756,-12.530254,0.18081611,-3.6452692,0.15111499,18.387114,18.445995,18.389908,17.050306,DA,0.9961748,0.0,0.0,0.0,0.0,0.0,0.0,0.0,10878.955,8.190116,3,apo25m,60439,60442,179.0421,171.3629,184.4703,13.049723,0.17867625,33.06722,0.056087494,12.121704,11.079101,9.740333,11.953441518,False,False,prospective extension target,
76254700,3289016827780106880,72.55632,7.570315,66.56582,-22.648663,5.3941264,0.16089018,-6.1608934,0.18469642,-5.2628703,0.13690476,18.421015,18.435326,18.392435,15.631629,DA,0.96231526,0.0,0.0,0.0,0.0,0.0,0.001997254,0.0,12739.773,8.393163,3,apo25m,60237,60270,185.67697,180.58064,190.59218,8.102741,0.16621867,33.52676,0.04289055,12.08062,7.120857,6.1337733,11.95194835,False,False,prospective extension target,
79385437,3722977089256197248,213.64938,9.659256,168.47955,63.734413,6.760406,0.12503524,-62.579277,0.1400772,16.942938,0.116187595,17.956661,17.999178,17.946487,9.021252,DC:,0.12145209,0.040216416,0.3868002,0.027480131,0.007966246,0.013601388,0.0029144632,0.021602219,,,1,apo25m,60374,60374,148.2778,145.69266,151.13704,64.83231,0.13857673,54.068005,0.052690506,12.106525,45.46112,42.79509,11.948453482,False,False,prospective extension target,
88188072,4318533751539161088,296.0958,15.268696,183.26196,-4.3876486,5.5820255,0.13227043,2.5821385,0.1366022,7.8219585,0.15651093,18.319784,18.350044,18.313942,11.448449,DA,0.9533032,0.0,0.0,0.0,0.0,0.0,0.0,0.0,12140.825,8.300531,1,apo25m,60123,60123,179.5581,175.22476,183.68246,8.23714,0.15466817,42.201614,0.036102295,12.053743,6.9952946,6.1631236,11.945436115000001,False,False,prospective extension target,
101532053,5754029950592183168,131.03018,-7.4562354,65.785286,20.942947,6.3258877,0.14138426,-1.0386636,0.14473179,-27.887608,0.11573052,18.0873,17.589453,17.539652,22.513763,DA,0.9884619,0.0018302718,0.0,0.0,0.0,0.0,0.0,0.0,12000.0,8.105417,2,lco25m,60382,60383,157.47409,154.28255,160.92719,27.906942,0.11577572,44.74252,0.049800873,12.092907,20.9128,19.354778,11.943504381,False,False,prospective extension target,
108537579,6184353233764164864,195.0737,-29.864206,125.28085,32.96818,10.071405,0.086005196,-99.62331,0.08162162,-100.5079,0.06351235,17.061016,17.070904,17.02596,17.953144,DZ/DC,0.08778332,0.05888788,0.20497493,0.0012707182,0.0078829825,0.014799535,0.009684011,0.011054967,,,1,lco25m,60705,60705,98.92673,98.17533,99.72448,141.51552,0.07305023,117.10229,0.044942856,12.076466,66.609375,64.84499,11.941637432,False,False,prospective extension target,
109589518,6331687998044199168,220.5654,-5.9766054,160.62299,47.407528,8.424423,0.10454465,-20.409725,0.12322231,27.393326,0.10795999,17.506887,17.534506,17.469454,24.165731,DC:,0.079967745,0.024179716,0.40650395,0.006986851,0.009318694,0.04149927,0.0034444719,0.03165922,,,2,lco25m,60111,60112,118.73245,117.09645,120.299995,34.160667,0.11364354,80.58206,0.06505203,12.134588,19.222399,18.347492,11.939431910000001,False,False,prospective extension target,
64816815,1935692694602528896,344.2994,45.423447,148.81667,-12.93442,5.4776354,0.12030652,13.228227,0.09921526,4.885192,0.1127676,18.391542,18.4404,18.391354,16.76115,DA,0.9923752,0.0,0.0,0.0,0.0,0.0,0.0,0.0,14499.999,8.215011,2,apo25m,60585,60586,182.28732,178.37213,186.30894,14.101457,0.10093787,45.53066,0.049045563,12.084507,12.203721,11.203466,11.937370311,False,False,prospective extension target,
70088927,2494556072539984768,33.587276,-1.5544726,86.91218,-57.61248,7.079655,0.13971582,9.662893,0.13599195,-26.340853,0.1207476,17.840578,17.875116,17.82327,65.982346,DA,1.0,0.0,0.0,0.0,0.0,0.0,0.0,0.0,11143.04,8.296024,6,apo25m,59228,60256,140.97769,138.71304,143.39597,28.057299,0.122654825,50.67182,0.05184555,12.090639,18.7869,17.504189,11.93510235,False,False,prospective extension target,
80284121,3900127104188044672,185.82957,5.0226684,106.812744,66.90082,6.466667,0.17106104,-93.82226,0.18350072,10.514161,0.13350663,18.013285,18.063368,18.018858,12.721439,DA,0.9860264,0.0,0.0,0.0,0.0,0.0,0.0,0.0,11304.624,8.281449,1,apo25m,60413,60413,154.19044,149.8513,158.26646,94.40955,0.18296432,37.803272,0.044509888,12.066687,69.208084,63.746872,11.933157336,False,False,prospective extension target,
77433136,3418321177616419584,75.36705,22.556337,69.17373,-11.800598,6.9193397,0.14888327,2.6278794,0.17624062,-9.13837,0.11254642,17.992638,18.014164,17.92737,60.746506,DA,0.99817395,0.0,0.0,0.0,0.0,0.0,0.0,0.0,11445.172,8.356653,11,apo25m,59186,59274,144.08032,141.00626,146.98022,9.508709,0.118623756,46.47493,0.0867939,12.192961,6.514458,5.890417,11.9325793,False,False,prospective extension target,
75917415,3226605008734471040,72.54186,-1.2253466,63.08322,-27.316675,8.729532,0.09630237,-23.55621,0.13839082,-20.740326,0.094796926,17.37745,17.423733,17.371649,27.490307,DA,0.9960923,0.0,0.0,0.0,0.0,0.0,0.0,0.0,11016.06,8.528021,2,apo25m,60226,60228,114.154205,112.774155,115.57079,31.385603,0.12129655,90.64712,0.05208397,12.082405,17.043583,16.306313,11.92615309,False,False,prospective extension target,
84164799,4095177172722080896,272.01456,-18.940344,183.87527,0.5948176,5.603537,0.15070021,1.013266,0.16144675,-23.693869,0.12145824,18.30587,18.378824,18.33633,9.877111,DA,0.90521336,0.002,0.004236193,0.0012707182,0.0,0.00016901408,0.0,0.0,15000.001,8.054971,2,lco25m,60509,60537,178.72882,172.91386,183.21771,23.715525,0.12154322,37.18334,0.04249382,12.048182,20.062815,18.27953,11.92070054,False,False,prospective extension target,
76649246,3343243985350681728,88.47457,12.402848,62.68737,-6.7770257,17.941446,0.04418688,-11.397701,0.051217973,-260.65128,0.03667645,15.743676,15.744571,15.71356,33.60855,DC,0.026130535,0.11208642,0.78025436,0.0057669217,0.0,0.0,0.0,0.0,,,2,apo25m,60665,60666,55.67414,55.549515,55.790295,260.90036,0.03670969,406.0356,0.031010628,12.012964,68.934814,68.40034,11.919932116,False,False,prospective extension target,
58227667,959906705118438016,93.859436,40.848488,59.3127,11.123547,5.3309517,0.1745777,-20.15272,0.18665315,-9.170904,0.13922179,18.482203,18.532804,18.467186,42.95419,DA,0.998,0.0,0.0,0.0,0.0,0.0,0.0,0.0,11564.133,8.515895,9,apo25m,59242,59294,188.9307,183.18979,195.84923,22.14131,0.17940913,30.53627,0.065618515,12.116226,19.688831,17.491762,11.919370455,False,False,prospective extension target,
78947980,3648778539920776832,219.91798,-2.7680023,162.28366,50.32042,7.7005763,0.13055265,-61.23043,0.13134952,18.246498,0.12005499,17.772408,17.809172,17.713053,38.4853,DA,0.972,0.0,0.0,0.0,0.0,0.0,0.0,0.0,10990.528,8.259106,5,apo25m,59636,60089,129.67303,127.68271,131.67787,63.891315,0.13046496,58.98445,0.09611893,12.205025,39.33145,37.19856,11.91666821,False,False,prospective extension target,
117242886,390981799353092608,7.818814,47.807884,127.57381,-14.926747,5.438311,0.16834915,37.84552,0.12679517,-7.5651846,0.10037924,18.336674,18.382545,18.350094,16.191631,DA,0.996,0.002,0.0,0.0,0.0,0.0,0.0,0.0,11200.991,8.192049,2,apo25m,60589,60590,182.0265,176.25821,187.26283,38.594242,0.12588263,32.303764,0.03245163,12.013994,33.64185,30.48186,11.91663911,False,False,prospective extension target,
63642669,1815614965310875520,307.5359,18.959646,178.61743,-11.727394,12.119699,0.056780152,-103.42364,0.052207578,-48.31229,0.056421354,16.680668,16.700752,16.639475,35.879925,DZ,0.015046043,0.024883606,0.11493164,0.0017669217,0.0,0.0,0.0,0.0,,,2,apo25m,60473,60475,82.41633,82.08738,82.72657,114.15133,0.052987006,213.44955,0.06127739,12.098127,44.648876,43.968727,11.91429483,False,False,prospective extension target,
70422214,2558321974514561408,23.100725,1.5992448,104.69574,-59.62583,10.132817,0.07770691,73.33959,0.09489803,-48.462093,0.050295364,16.981281,16.99015,16.957977,35.875084,DC,0.021268262,0.049160395,0.84252435,0.0037669218,0.0019841376,0.0,0.0019707815,0.0,,,2,apo25m,59203,59222,98.46414,97.77711,99.22744,87.90489,0.08388898,130.39789,0.032173157,12.009932,41.124844,40.08489,11.913412528999999,False,False,prospective extension target,
78999072,3656975300321573248,208.68678,-4.0772486,148.13733,55.251194,5.9835615,0.17431875,-77.81323,0.1944303,-68.98659,0.14551778,18.14842,18.169388,18.12923,26.569458,DA,0.97480494,0.0,0.0,0.0,0.0,0.0,0.0,0.0,,,2,lco25m,60131,60132,167.00009,162.72623,171.29451,103.990616,0.17460085,34.325405,0.040157318,12.033218,82.38645,75.38307,11.912746046,False,False,prospective extension target,
87917325,4308903812041383552,287.98813,8.9836,185.3623,-0.42281833,6.715409,0.15217231,7.55787,0.1682172,-3.0378182,0.13875973,18.045515,18.134584,18.044552,27.336353,DA_MS,0.24218011,0.0018302718,0.0052837445,0.0,0.0,0.0,0.0,0.0,,,2,apo25m,59358,59385,148.03777,144.50429,151.1136,8.1455345,0.16443633,44.130295,0.09003258,12.180878,5.750009,5.0579367,11.91078026,False,False,prospective extension target,
74630513,3101141450583245184,103.21234,-5.560484,59.978218,-2.2195046,5.7272234,0.16927879,24.557251,0.18390971,-10.218351,0.17618285,18.41673,18.458773,18.36018,21.780878,DZ,0.010530748,0.012883605,0.09488842,0.002,0.003982489,0.0038405885,0.0019497487,0.002,,,4,apo25m,59273,59293,174.68094,169.65843,179.21274,26.59837,0.18278986,33.833084,0.09859276,12.206451,22.015688,19.805622,11.910672719999999,False,False,prospective extension target,
94376953,5074045295155810176,50.19936,-24.864231,45.07984,-56.48332,6.550837,0.12357104,-23.984629,0.11419195,-7.1283803,0.15023835,18.102388,18.134094,18.042442,11.752798,DA,0.96938187,0.0,0.0,0.0,0.0,0.0,0.0,0.0,10664.588,8.22992,1,lco25m,60632,60632,152.86662,149.90395,156.04185,25.021515,0.11753052,53.012722,0.09165192,12.183872,18.106653,16.89539,11.90891624,False,False,prospective extension target,
78901534,3640694449397210880,213.37343,-6.540987,152.57884,50.912354,5.217396,0.2546901,11.973639,0.22117926,1.0349692,0.19278874,18.433496,18.465279,18.42741,26.623503,DA,0.9920783,0.0,0.0,0.0,0.0,0.0,0.0,0.0,11959.2295,8.315486,3,lco25m,60410,60412,190.45197,182.51141,199.25653,12.018286,0.22098212,20.48527,0.0378685,12.020765,10.919685,8.999406,11.9071595,False,False,prospective extension target,
70501607,2575749062016394880,28.854282,13.429704,102.03204,-46.5718,6.122835,0.14351574,-6.937394,0.18358156,6.973085,0.1573568,18.221378,18.262028,18.178448,18.119081,DA,0.9864007,0.0,0.0,0.0,0.0,0.0,0.0,0.0,10452.471,8.3092985,3,apo25m,60590,60592,163.6223,160.0214,166.56322,9.836226,0.17090563,42.663162,0.08358002,12.156141,7.615481,6.744275,11.90540094,False,False,prospective extension target,
68426859,2186782465621398656,306.38727,55.282364,178.868,9.931007,6.942226,0.08521103,4.511635,0.097635806,1.8831582,0.10683525,17.812935,17.864183,17.825325,27.935991,DA,0.986369,0.0010533333,0.003236262,0.0019731435,0.0,0.0,0.0,0.0,11423.381,8.366832,2,apo25m,59363,60229,143.63823,141.6754,145.354,4.8888783,0.099054754,81.47098,0.038858414,12.020428,3.33835,3.0240774,11.903852758000001,False,False,prospective extension target,
71387925,2741868265198803200,0.69538856,4.482961,142.67241,-56.274143,5.391011,0.18874311,-50.026478,0.2092992,-6.443152,0.12986517,18.448582,18.485056,18.417086,9.826043,DZ/DA,0.19981782,0.015766203,0.10935428,0.01,0.0056032604,0.013025676,0.001997254,0.012918921,,,1,apo25m,60264,60264,185.50858,180.23862,191.70525,50.439693,0.20824635,28.56269,0.067970276,12.106934,44.35306,39.640213,11.903023172000001,False,False,prospective extension target,
63961651,1833163200953399424,301.75598,23.287985,180.60844,-4.8457975,6.631847,0.105257675,-5.9388876,0.08254598,-9.364376,0.09449239,18.04602,18.104733,18.020206,23.506804,DA,0.96308607,0.0,0.0018129362,0.0,0.0,0.0,0.0,0.0039964286,9857.554,8.20269,3,apo25m,60551,60557,150.90945,148.52533,153.28297,11.0888195,0.09122584,63.00583,0.08452606,12.154194,7.926331,7.37934,11.90061582,False,False,prospective extension target,
69654630,2402195515258704512,339.79102,-18.97019,191.68983,-58.599808,6.3070383,0.16712643,20.05314,0.15729332,-63.834694,0.13100174,18.19941,18.224607,18.125196,14.783759,DA,0.96287566,0.0016870977,0.00297499,0.00083730667,0.0,0.0,0.0,0.0,10196.32,8.0,2,lco25m,60503,60504,157.94058,154.09044,162.5122,66.91036,0.13357498,37.738125,0.09941101,12.198536,50.290886,46.3084,11.90030297,False,False,prospective extension target,
61937933,1551858511104088704,202.22165,46.656696,278.96304,69.1216,6.391969,0.120338514,8.178382,0.08360082,15.833692,0.11466193,18.137661,18.109858,18.020788,49.324467,DA_MS,0.48636577,0.0,0.0,0.0,0.0,0.0019911032,0.0,0.0,,,5,apo25m,59316,60461,156.64488,154.17085,159.82794,17.821104,0.10885958,53.11657,0.08906937,12.165834,13.216648,12.280832,11.89862589,False,False,prospective extension target,
75684231,3192863157244877056,63.39548,-8.4279785,61.114807,-38.784534,5.7734594,0.16283412,-1.9763645,0.17031817,-29.428343,0.13117293,18.342573,18.343636,18.259453,19.038086,DC,0.065988235,0.09473587,0.7048272,0.014040428,0.003982489,0.0070766606,0.0,0.0057872757,,,2,apo25m,60586,60587,173.4893,169.24242,178.29,29.494633,0.13137476,35.456078,0.08418274,12.149754,24.217442,22.029852,11.89720578,False,False,prospective extension target,
115724502,190723799513617792,82.774475,39.11548,66.11434,2.8969178,5.845311,0.15991756,-49.827587,0.19101624,-26.346285,0.14333962,18.229233,18.308552,18.252234,19.510586,DA,0.99802727,0.0,0.0,0.0,0.0,0.0,0.0,0.0,10213.312,8.44326,1,apo25m,59272,59272,170.83458,166.35385,174.65863,56.364132,0.18167073,36.55203,0.056318283,12.063271,45.710564,41.834972,11.894316151,False,False,prospective extension target,
87729398,4298401105174809984,298.70633,8.814037,183.25768,-9.8045025,10.6791,0.07364121,-102.92313,0.072629884,-8.35494,0.058839496,16.87141,16.876457,16.8353,25.707235,DZ/DC,0.0316662,0.039133403,0.30171964,0.003569666,0.0059808404,0.0019911032,0.0038978343,0.0063328804,,,1,apo25m,60094,60094,93.48918,92.89568,94.09789,103.26168,0.07254813,145.01527,0.04115677,12.014084,45.838028,44.814323,11.89061369,False,False,prospective extension target,
59454497,1158162532939474304,224.35214,4.6990843,172.77567,52.532978,5.544535,0.20957114,-103.19728,0.18322526,-53.150177,0.1673659,18.42965,18.464863,18.378077,20.560251,DA,0.98454916,0.0,0.0,0.0,0.0,0.0,0.0,0.0,10676.333,8.164998,2,apo25m,60052,60412,180.2723,174.16727,187.6915,116.08023,0.18001616,26.456577,0.08678627,12.148975,99.246346,88.723915,11.88861619,False,False,prospective extension target,
71433608,2751245651978394240,8.462385,10.360626,129.33383,-52.2692,12.502013,0.0594263,-93.687996,0.08828151,-137.35004,0.053360015,16.568922,16.59111,16.535135,27.78842,DC,0.014633465,0.013194299,0.9352412,0.0099082785,0.0,0.002,0.0,0.0039964286,,,2,apo25m,60585,60586,79.740425,79.36356,80.134254,166.26025,0.06646746,210.37845,0.05597496,12.053822,63.041985,62.0811,11.885897120000001,False,False,prospective extension target,
78936479,3646761421415080576,215.17078,-1.6037108,158.13861,54.122826,6.0675077,0.15915595,-41.541477,0.17685449,12.01625,0.14464882,18.227057,18.254637,18.168034,12.319763,DA,0.9629739,0.0004774042,0.0022361928,0.0,0.0,0.0,0.0,0.0,10773.567,8.59822,2,apo25m,60408,60411,164.87244,161.14757,169.13713,43.244476,0.17457965,38.123035,0.086603165,12.142109,33.786385,30.942265,11.882299504999999,False,False,prospective extension target,
78027179,3474053669681376128,182.2496,-29.383522,111.718094,32.582096,5.624414,0.15495275,-2.9718673,0.18302824,-4.8438563,0.13450938,18.320591,18.371885,18.308697,21.069088,DA,0.9766575,0.0,0.0,0.0,0.0,0.0,0.0,0.0,13354.035,8.020795,1,lco25m,60704,60704,177.85184,172.792,182.98788,5.6828637,0.14935243,36.297607,0.06318855,12.070978,4.789734,4.0752726,11.88141235,False,False,prospective extension target,
62992073,1740973205411140352,323.19196,8.439525,174.643,-30.189373,5.1010513,0.18270956,30.147486,0.17302534,12.974997,0.1352471,18.471346,18.511261,18.46469,11.144692,DA,0.96248376,0.00040731995,0.0018129362,0.0,0.0,0.0,0.0,0.0,12189.672,8.23665,1,apo25m,60118,60118,198.9826,191.36192,206.56583,32.821053,0.16768335,27.918907,0.04657173,12.009644,30.50101,27.119425,11.86992881,False,False,prospective extension target,
68020174,2163226700308494080,312.2612,45.01008,173.7758,0.77866995,19.455656,0.024156412,-25.1639,0.02623515,26.078218,0.026980773,15.57928,15.612563,15.559619,50.750324,DA,1.0,0.0,0.0,0.0,0.0,0.0,0.0,0.0,10961.664,8.3028345,2,apo25m,60528,60530,51.342922,51.272923,51.422592,36.239418,0.02662387,805.4034,0.052944183,12.024509,8.829919,8.777761,11.865676451,False,False,prospective extension target,
86474523,4224196199286364416,302.6047,-1.0994956,184.67984,-18.021051,9.143843,0.08147534,34.42139,0.08473457,0.8346033,0.07159382,17.288576,17.32733,17.24829,19.617064,DA,0.996174,0.0,0.0,0.0,0.0,0.0,0.0,0.0,10726.683,8.210103,1,apo25m,59734,59734,109.26521,108.36953,110.39164,34.431507,0.084727444,112.22835,0.07904053,12.094219,17.85043,17.257345,11.857097410000002,False,False,prospective extension target,
71619756,2789405753503977472,12.372658,20.453108,123.51879,-42.416306,10.366994,0.08625771,62.093822,0.107586496,-38.82051,0.05957379,16.945713,16.965261,16.909012,43.364883,DA,1.0,0.0,0.0,0.0,0.0,0.0,0.0,0.0,11199.503,8.255908,3,apo25m,60235,60587,96.174126,95.41818,96.895775,73.230286,0.096537136,120.18629,0.05624962,12.023977,33.48569,32.541,11.855228140000001,False,False,prospective extension target,
80164588,3876139333882759936,156.27237,9.482763,64.97409,51.258377,8.991874,0.100509755,-81.42002,0.12971205,-5.7368903,0.14596179,17.307732,17.354265,17.278748,22.874687,DA,0.996,0.0,0.0,0.0,0.0,0.0,0.0,0.0,11860.256,8.316222,1,apo25m,59697,59697,111.58522,110.42768,113.040955,81.62188,0.12979732,89.4627,0.075517654,12.0769825,43.030636,41.435863,11.850429538,False,False,prospective extension target,
90223114,4552909562780462592,266.98285,20.810244,191.28519,22.928802,5.6030545,0.13981229,-5.3541093,0.11642957,-33.637783,0.14630815,18.355822,18.39552,18.312933,16.993923,DZ:,0.021659626,0.06257986,0.08802234,0.01546968,0.0019983514,0.0,0.0017352472,0.012439237,,,2,apo25m,60473,60474,179.2745,175.50746,183.28203,34.061222,0.14564376,40.07555,0.08258629,12.097946,28.817532,26.466612,11.85018713,False,False,prospective extension target,
87230816,4266401537237232768,281.6902,0.036677636,185.79942,1.0573701,5.3023515,0.15327264,29.547749,0.18685089,-0.009237487,0.1669283,18.39588,18.476004,18.419098,13.680372,DA,0.9153998,0.0,0.0019598498,0.0,0.0,0.0,0.0,0.0,11688.402,8.24205,1,apo25m,59338,59338,189.16486,184.42253,194.05861,29.54775,0.18685089,34.594246,0.056905746,12.018223,26.416624,23.847431,11.847505762,False,False,prospective extension target,
75694787,3194895196468426496,59.83441,-8.731363,61.788002,-42.023613,8.963124,0.07345078,21.96356,0.0706744,35.764313,0.061798498,17.268202,17.310946,17.249523,40.036034,DA,1.0,0.0,0.0,0.0,0.0,0.0,0.0,0.0,11216.683,8.301054,2,apo25m,60593,60594,111.44848,110.53741,112.35901,41.970036,0.06435108,122.028984,0.061422348,12.0304985,22.19736,21.565094,11.846231456,False,False,prospective extension target,
55928207,603278665538985088,128.34755,13.159411,56.88049,28.472395,5.4101152,0.18977487,-43.851776,0.1843345,-28.699259,0.12673987,18.420517,18.443794,18.363262,16.473003,DA,0.9920237,0.0,0.0,0.0,0.0019983514,0.0,0.0,0.0,10590.863,8.377555,1,apo25m,60614,60614,184.05757,178.89114,189.83907,52.40826,0.16913477,28.50807,0.080532074,12.08655,45.92135,41.14674,11.844953778,False,False,prospective extension target,
57071773,795714434718168960,151.07726,35.98878,30.901165,53.603283,8.230514,0.094685584,-57.30194,0.11178055,9.472529,0.07300494,17.517624,17.566996,17.483395,34.39095,DA,0.99817395,0.0,0.0,0.0,0.0,0.0,0.0,0.0,10703.053,8.310663,1,apo25m,60706,60706,120.99423,119.746864,122.40458,58.079613,0.11092473,86.924675,0.083601,12.094759,33.4517,32.150436,11.843956,False,False,prospective extension target,
79154976,3683007264605823744,191.16136,-2.352137,119.86423,60.47418,5.401373,0.16641964,-74.761406,0.22328547,-6.9685607,0.21316484,18.407904,18.448832,18.37109,22.07422,DA,0.9842808,0.0,0.0,0.0,0.0,0.0,0.0,0.0,11285.877,8.132903,2,lco25m,60020,60022,185.07707,178.27048,189.31859,75.08547,0.22320028,32.456345,0.07774162,12.070425,65.89814,59.784477,11.83720014,False,False,prospective extension target,
86090075,4191878911146198656,300.53064,-9.852311,187.51123,-20.132828,11.683048,0.08021264,51.266388,0.07099303,-66.15608,0.052740797,16.778236,16.820133,16.726538,23.502438,DA,0.99618053,0.0,0.0,0.0,0.0,0.0,0.0,0.0,10769.153,8.234696,1,apo25m,60120,60120,85.42736,84.874214,85.94035,83.6951,0.060240816,145.65097,0.093595505,12.116016,33.95981,33.2026,11.835229485,False,False,prospective extension target,
89992600,4528768689787177472,275.15686,21.0509,189.47462,15.9687805,5.5954175,0.14522219,-25.084995,0.07864587,-12.875532,0.1352583,18.373875,18.387854,18.294352,15.657811,DC,0.03414032,0.07036549,0.60760844,0.029722104,0.0039678947,0.008346322,0.00292107,0.0039964286,,,2,apo25m,60466,60467,178.46628,174.56613,183.67856,28.196388,0.093328714,38.530045,0.093502045,12.113037,23.888142,21.942469,11.832530865,False,False,prospective extension target,
79877372,3820790055980400640,146.66322,-6.6156144,72.13507,34.014748,6.355103,0.13613974,-16.576933,0.1380162,-5.9535418,0.13270995,18.052551,18.108885,18.029997,32.106014,DA,1.0,0.0,0.0,0.0,0.0,0.0,0.0,0.0,11211.4,8.158462,2,lco25m,60378,60379,156.84608,153.89023,160.18146,17.613613,0.13742033,46.680737,0.07888794,12.068165,13.138544,12.056218,11.83150118,False,False,prospective extension target,
63128870,1755876260892519552,309.76813,12.367384,179.11288,-17.203848,12.597159,0.0609769,27.081312,0.07715863,-4.986825,0.05974782,16.53243,16.562798,16.494148,26.127216,DA,1.0,0.0,0.0,0.0,0.0,0.0,0.0,0.0,11431.231,8.312987,1,apo25m,60235,60235,79.1107,78.75502,79.532326,27.536629,0.07665036,206.58904,0.06864929,12.033794,10.362381,10.128761,11.827846130000001,False,False,prospective extension target,
89932486,4522015072749397760,275.02832,16.010492,188.26845,14.023951,5.6341124,0.13051757,-7.0814323,0.09622239,-48.25056,0.103655405,18.327612,18.35853,18.273756,14.689079,DC/DB,0.03382246,0.25886098,0.3672184,0.0109190615,0.003996703,0.005861012,0.0044278223,0.00595861,,,1,apo25m,60120,60120,177.06572,173.19608,180.51819,48.76744,0.103504196,43.16746,0.08477402,12.081739,41.0323,38.121704,11.82741694,False,False,prospective extension target,
75694282,3194789570336339456,59.519894,-9.024505,61.642067,-42.437115,7.140012,0.120445326,44.748005,0.10241238,13.295823,0.09484651,17.790585,17.83993,17.762241,28.868914,DA,0.99027526,0.0,0.0,0.0,0.0,0.0,0.0,0.0,,,2,apo25m,60593,60594,139.90268,137.57628,142.4205,46.681503,0.10181958,59.280106,0.07768822,12.059078,30.993263,29.3073,11.82601334,False,False,prospective extension target,
70357110,2546133720617955072,1.9086182,0.6674823,142.86789,-60.274456,5.6725307,0.178631,31.58205,0.19230892,-24.177326,0.17359237,18.293388,18.32359,18.244593,57.868195,DA,1.0,0.0,0.0,0.0,0.0,0.0,0.0,0.0,10427.259,8.266746,11,apo25m,59201,60678,176.05064,171.3748,181.39232,39.773975,0.18561307,31.755579,0.07899666,12.062273,33.238663,29.944422,11.825283019999999,False,False,prospective extension target,
101532055,5754029980657227520,131.03302,-7.4372005,65.78012,20.955637,6.630208,0.11871001,0.6111484,0.12097523,-114.42784,0.09176867,17.963863,18.015224,17.93282,16.073124,DC:,0.085046686,0.098704115,0.48990253,0.018684583,0.011930209,0.0077433344,0.007837331,0.0039810413,,,2,lco25m,60382,60383,151.51215,148.66129,154.00978,114.429474,0.091769636,55.85214,0.08240509,12.071499,81.81485,77.45752,11.82428373,False,False,prospective extension target,
62786042,1706870203008490368,233.76723,75.54804,255.61835,37.54759,7.193656,0.09343906,-77.83509,0.09820815,-38.399563,0.099900156,17.762606,17.82084,17.745728,27.593813,DA,1.0,0.0,0.0,0.0,0.0,0.0,0.0,0.0,10806.158,8.333314,4,apo25m,59680,59712,138.61644,136.86305,141.07573,86.79186,0.09854165,76.98768,0.0751133,12.047354,57.194035,54.861423,11.8220141,False,False,prospective extension target,
75306024,3152017541520915840,118.24358,12.702115,57.534176,19.304478,7.4983554,0.11445554,-33.36503,0.12572531,-39.781727,0.07365312,17.720013,17.756882,17.665922,18.585299,DA,0.9664932,0.0018302718,0.0018129362,0.0,0.0,0.0,0.0,0.0,10822.289,8.39374,2,apo25m,60323,60324,133.07825,131.13313,135.35448,51.9212,0.098549575,65.51326,0.09095955,12.094843,32.82465,31.208626,11.821964349999998,False,False,prospective extension target,
58405814,982225317987967616,114.71588,50.004498,42.894077,27.830261,6.0334554,0.15825078,-2.7381532,0.14833635,-37.858063,0.10217469,18.147333,18.225937,18.149834,14.084578,DA,0.8892703,0.0038302718,0.0024446591,0.0,0.0,0.0,0.0,0.0,11244.271,8.37678,2,apo25m,60365,60371,165.99954,162.03992,170.40034,37.956955,0.10246875,38.12591,0.07610321,12.050163,29.82268,27.423302,11.82185337,False,False,prospective extension target,
58594960,1008929569208837376,134.82185,42.840942,33.993996,40.95785,5.2353797,0.2251603,7.0740614,0.19996548,-7.18847,0.15902771,18.447958,18.506378,18.432568,12.229807,DA,0.9113112,0.002,0.002,0.0,0.0,0.004,0.0,0.0,11811.401,8.223535,1,apo25m,60610,60610,193.1688,186.09703,203.5283,10.085457,0.18033338,23.25179,0.07381058,12.042698,9.132061,7.654589,11.82126626,False,False,prospective extension target,
69168869,2287917327548728192,298.12836,73.03814,190.3422,21.578274,5.8571796,0.09326895,29.763561,0.12719756,19.151281,0.12235236,18.219608,18.263607,18.184666,11.149241,DA,0.8860258,0.0047949804,0.003906833,0.0,0.0019983514,0.008433032,0.0056744865,0.0,10539.97,8.369197,1,apo25m,60271,60271,171.1712,168.16449,174.1433,35.39267,0.12579823,62.798813,0.078941345,12.058052,28.644827,27.04729,11.821227965,False,False,prospective extension target,
79170571,3685526559278248192,195.50836,-1.8599061,127.78336,60.899673,9.586053,0.1058871,-49.20438,0.14653297,-46.183033,0.10331964,17.186121,17.219187,17.127253,22.13831,DA,0.998,0.0,0.0,0.0,0.0,0.0,0.0,0.0,10929.915,8.281803,1,apo25m,60374,60374,104.22632,103.18886,105.254906,67.48291,0.12812135,90.53088,0.091934204,12.09432,33.37147,32.117107,11.818517388,False,False,prospective extension target,
76200949,3277493323149222272,57.6618,8.312876,73.79248,-33.981407,5.2947736,0.20352833,-19.449135,0.18376808,15.954461,0.15037489,18.397295,18.428171,18.36187,22.749844,DA,0.992,0.0,0.0,0.0,0.0,0.0,0.0,0.0,12376.966,8.119855,1,apo25m,60623,60623,186.50621,179.82559,193.96777,25.155788,0.17112112,26.014921,0.066301346,12.016533,22.522259,19.781471,11.817628962,False,False,prospective extension target,
114747366,6909757473298665344,313.64948,-7.59293,185.79918,-30.786133,8.246222,0.101139426,-11.690566,0.10678119,-18.845198,0.06975925,17.434732,17.47805,17.411228,23.058428,DA,0.99234796,0.0,0.0,0.0,0.0,0.0,0.0,0.0,11456.971,8.208502,1,apo25m,59878,59878,121.244804,119.68791,122.63816,22.176807,0.08174721,81.5332,0.06682205,12.016006,12.748686,12.16027,11.81553985,False,False,prospective extension target,
63860094,1826639596600603648,298.09775,20.961594,182.25005,-3.1708539,5.2473936,0.15048237,14.127676,0.15573087,-20.244093,0.15168881,18.434732,18.523355,18.44598,16.342913,DA,0.98600537,0.0,0.0,0.0,0.0,0.0,0.0,0.0,11070.759,8.281301,2,apo25m,60532,60533,191.1126,186.3925,195.4477,24.686323,0.1530244,34.870487,0.07737541,12.034451,22.301504,20.152967,11.80232477,False,False,prospective extension target,
109625404,6337717449227583104,220.77013,-5.62053,161.05759,47.56333,5.20401,0.19711979,-14.2880745,0.19227593,-41.563072,0.1705717,18.496466,18.546623,18.45458,24.848314,DA:,0.4343515,0.022304034,0.15116724,0.008550515,0.005232489,0.0,0.00075,0.0,6094.2617,9.180523,2,lco25m,60111,60112,192.77034,185.91356,200.35457,43.950405,0.17299429,26.400242,0.09204292,12.0781555,40.035583,35.52584,11.802026739999999,False,False,prospective extension target,
80067290,3856005626711298560,158.08105,2.3157482,72.93871,48.489296,12.348917,0.067010686,-3.090365,0.06530577,-103.48897,0.062108696,16.610212,16.652317,16.56306,28.195644,DA,1.0,0.0,0.0,0.0,0.0,0.0,0.0,0.0,10620.304,8.197773,1,apo25m,59706,59706,80.794754,80.40974,81.322945,103.5351,0.062111612,184.2828,0.08925629,12.068357,39.744785,39.037746,11.800588130000001,False,False,prospective extension target,
61356341,1445628026955513984,205.27448,26.841555,208.62782,78.937454,5.665257,0.13106005,31.619265,0.15863052,32.08492,0.10105526,18.26478,18.30546,18.227753,24.639063,DC,0.094798066,0.08706486,0.6638292,0.049313053,0.0,0.0,0.0,0.005580645,,,3,apo25m,59314,59375,178.04428,174.28409,183.11263,45.046864,0.1325844,43.22642,0.07770729,12.030878,37.69349,34.93603,11.79775613,False,False,prospective extension target,
79649503,3775549619263136512,155.30531,-6.9045,77.668686,40.212906,5.7597833,0.1959967,-10.993311,0.18314604,-44.338562,0.1726343,18.226646,18.299091,18.221935,24.12711,DA,0.6657141,0.0013453045,0.0020701108,4.9261085e-05,0.0019841376,0.0019911032,0.0,0.0019982143,18078.95,9.216154,2,lco25m,60382,60383,171.75478,166.97554,178.49022,45.68108,0.17326048,29.387144,0.07715607,12.028677,37.596863,33.72612,11.797208790000001,False,False,prospective extension target,
56401697,674811002256854784,116.152245,22.249296,54.624603,21.226068,8.8212805,0.107418485,-34.17818,0.10325131,-2.7262797,0.081757724,17.315466,17.372286,17.287878,29.368242,DA,0.996174,0.0,0.0,0.0,0.0,0.0,0.0,0.0,10649.4,8.279997,1,apo25m,60708,60708,112.90792,111.4376,114.5982,34.286743,0.103129484,82.1207,0.08440781,12.043125,18.425362,17.615574,11.78990157,False,False,prospective extension target,
68712680,2214215452527501824,356.1975,69.14861,137.8313,7.044134,10.385726,0.05433569,59.627995,0.06665124,-22.713303,0.06733517,16.936672,16.947382,16.871052,15.845654,DC/DB,0.09796243,0.22004464,0.35149458,0.00633529,0.0139519675,0.005982206,0.0078656925,0.012814915,,,2,apo25m,59892,60230,96.203094,95.59251,96.82655,63.80746,0.06673829,191.14003,0.076330185,12.018856,29.124334,28.584309,11.789865445,False,False,prospective extension target,
94649957,5126349445542122624,37.91378,-22.30571,50.01908,-66.778046,10.333781,0.07376119,-29.634705,0.058943618,-77.18431,0.0714553,16.973877,17.015085,16.929325,23.071917,DA,1.0,0.0,0.0,0.0,0.0,0.0,0.0,0.0,10614.229,8.285539,1,lco25m,60659,60659,96.54218,95.78281,97.31932,82.67789,0.069973215,140.09781,0.08576012,12.045174,37.92726,37.037846,11.78789364,False,False,prospective extension target,
79274481,3703448044759908096,189.05571,2.3602092,114.91166,64.9654,5.8005166,0.1395782,-42.767975,0.18089606,-13.122561,0.13409734,18.248346,18.289078,18.195534,15.389882,DA,0.9883488,0.0,0.0,0.0,0.0,0.0,0.0,0.0,11005.478,8.351016,1,apo25m,60404,60404,171.42087,167.53027,175.38564,44.735905,0.1773555,41.55747,0.09354401,12.06568,36.560402,33.69328,11.78504797,False,False,prospective extension target,
78657051,3597019923395869568,184.07199,-4.72772,108.46336,57.031113,5.1670027,0.21709274,5.9697204,0.22634207,-47.385166,0.16379724,18.47292,18.524157,18.438364,26.774422,DA,0.99434793,0.0,0.0,0.0,0.0,0.0,0.0,0.0,10599.779,8.0,2,lco25m,60003,60320,194.25636,185.97182,201.31067,47.759727,0.16495688,23.800901,0.08579254,12.039112,43.817192,38.50925,11.78173438,False,False,prospective extension target,
90286267,4559941974735745024,256.49698,17.563866,191.34792,30.955765,9.5821705,0.06417128,-9.26464,0.045146197,4.9056306,0.049289115,17.144756,17.198359,17.10091,39.83359,DA,1.0,0.0,0.0,0.0,0.0,0.0,0.0,0.0,10831.486,8.20715,2,apo25m,60443,60444,104.24017,103.498566,104.9201,10.483261,0.046085253,149.3218,0.09744835,12.052076,5.1862555,5.0170608,11.75973095,False,False,prospective extension target,
90199616,4550692779838399104,263.53873,18.312035,190.87044,25.012312,7.327201,0.10250418,9.190151,0.10337534,-35.2778,0.100748666,17.716362,17.76772,17.673893,27.441647,DA,0.99234796,0.0,0.0,0.0,0.0,0.0,0.0,0.0,10979.096,8.275337,2,apo25m,60462,60463,135.76079,134.40768,137.6239,36.455208,0.10091763,71.48197,0.093826294,12.041052,23.58538,22.447422,11.759573118,False,False,prospective extension target,
79252920,3699606286708406912,183.03868,1.607441,103.537636,62.796967,6.4743123,0.12942418,-23.988548,0.18488425,-61.4843,0.110951714,17.983658,18.02614,17.930996,17.563438,DA/DAH,0.46835333,0.00044674726,0.02605727,0.003946287,0.0,0.01812227,0.0,0.0019982143,,,1,apo25m,60411,60411,152.9737,150.34904,155.94313,65.99825,0.12328759,50.023975,0.09514427,12.039627,48.3237,45.33414,11.75419419,False,False,prospective extension target,
85488725,4150588882296331264,269.78473,-12.49623,183.51869,5.618355,21.466839,0.034670837,-48.44272,0.03929144,56.031555,0.028492743,15.34891,15.382103,15.297403,57.29547,DA,1.0,0.0,0.0,0.0,0.0,0.0,0.0,0.0,10827.561,8.288359,1,apo25m,59391,59391,46.50622,46.435726,46.57194,74.06911,0.033540066,619.16125,0.08469963,12.007751,16.3565,16.25552,11.75365211,False,False,prospective extension target,
99816670,5606764386835758720,109.465775,-28.49113,59.88774,-7.3266025,13.140928,0.05041446,-80.32874,0.03614707,48.245068,0.05068997,16.42166,16.466314,16.374197,29.637333,DA,0.998,0.0,0.0,0.0,0.0,0.0,0.0,0.0,10811.282,8.247278,1,lco25m,60631,60631,75.81723,75.52781,76.11051,93.70322,0.04051402,260.6579,0.09211731,12.01479,33.802578,33.374615,11.738438069999999,False,False,prospective extension target,
55815824,585261071573582720,134.01016,8.281937,59.74214,31.417013,5.35243,0.21844392,-7.791325,0.23127918,-4.5989966,0.13659482,18.384214,18.459293,18.362638,26.634396,DA,0.97645307,0.0,0.0,0.0,0.0,0.0,0.0,0.0,10794.672,8.140509,4,apo25m,59874,60000,184.77934,178.23466,193.39561,9.047404,0.21092601,24.502537,0.09665489,12.02697,8.012986,6.6396246,11.73700533,False,False,prospective extension target,
87103895,4261223009274957952,288.96155,-2.1375902,185.86845,-6.4045444,6.143265,0.16721267,-27.034197,0.18537043,-23.485685,0.19631672,18.068619,18.129248,18.035686,16.10668,DA,0.9841995,0.0,0.0,0.0,0.0,0.0,0.0,0.0,12483.197,8.14677,1,apo25m,59731,59731,162.61183,158.45923,166.76227,35.810966,0.19015571,36.73923,0.09356117,12.010614,27.633646,25.14055,11.729930490000001,False,False,prospective extension target,
67207077,2084005719302831744,306.85513,48.97231,177.78862,6.108517,17.113956,0.030063678,119.736496,0.034384392,131.14114,0.0339495,15.833456,15.874768,15.783576,49.783386,DA,0.88309693,0.002,0.008300493,0.0,0.0,0.0,0.0,0.0019982143,10756.362,8.242588,2,apo25m,60463,60464,58.33437,58.238483,58.44516,177.58049,0.034147903,569.2569,0.091192245,12.000208,49.1888,48.902706,11.726631265,False,False,prospective extension target,
