sdss_id,discovery_rank,period_seconds,frequency,discovery_delta,validation_delta,prediction_gain,family_tail,known_control
57772249,1,676.3548902250778,127.7435873513796,1021.5891567124055,204.43300335801254,202.34374730111864,3.3479308847736614e-39,GALEX J0718+3731; published11.27-minute rotator
57772249,5,687.1275662048722,125.74084383952543,632.6891385811352,161.7278347635969,157.4865473880297,4.982294626335973e-30,GALEX J0718+3731; published11.27-minute rotator
57772249,3,665.9147559678105,129.74633648781386,665.1164535571818,150.09643469937976,142.5939237152248,1.5529316936849089e-27,GALEX J0718+3731; published11.27-minute rotator
89742308,1,6127.243541400159,14.10095737442426,200.36749169497352,119.39390133898814,61.28581651805439,5.757057910330501e-21,
57772249,7,671.1013156965636,128.74360097226437,582.5444394585916,111.36698544461086,102.84777234479645,2.975178091646114e-19,GALEX J0718+3731; published11.27-minute rotator
89742308,5,6596.319346378438,13.098213634462072,121.79405657405869,104.37189931360172,87.60231234065805,9.221826270590773e-18,
57772249,6,681.6913557102123,126.74357577849165,620.5706322520243,100.78327797699572,95.09161016272068,5.360085394144088e-17,GALEX J0718+3731; published11.27-minute rotator
57772249,4,681.7060782881106,126.74083853992661,642.2063122263655,95.51900361721553,92.10705077108872,7.07067951194624e-16,GALEX J0718+3731; published11.27-minute rotator
89742308,4,5720.4605459178465,15.10367903186668,127.31918677170916,87.20789121693679,46.33152644497795,4.1258201975077405e-14,
89728490,1,416.2430766158348,207.57102004543745,237.20025191280206,85.11666688747948,82.08795743635903,1.1463358340947402e-13,ZTF J1901+1458; published416.24-second rotator
89742308,8,6594.952672067626,13.10092798177916,86.75752579404298,84.15226234266561,69.19431361230136,1.8360947558888687e-13,
57772249,15,660.8214657065244,130.74635810691245,212.09230023259147,82.02754815878404,65.99390499064862,5.18114704482094e-13,GALEX J0718+3731; published11.27-minute rotator
57772249,18,698.2490025518591,123.73809297863343,175.19662473681296,79.30500970302273,67.666764564407,1.95574958451048e-12,GALEX J0718+3731; published11.27-minute rotator
57772249,2,671.0871670197922,128.74631530161838,675.3140132990736,78.01677280253773,70.03123476417744,3.665338266350556e-12,GALEX J0718+3731; published11.27-minute rotator
89742308,2,7141.548758676158,12.098216076034483,153.35732721932118,72.97562476073017,34.53611753765267,4.2709502360209224e-11,
57772249,14,655.7920237305791,131.74908640776022,213.99212795849917,71.5549262224664,60.8003783818358,8.525442896422297e-11,GALEX J0718+3731; published11.27-minute rotator
57772249,13,692.6361023263912,124.74082669067356,221.34392917674495,70.40489392913463,59.122898631328155,1.4914182282424192e-10,GALEX J0718+3731; published11.27-minute rotator
71014078,1,12546.682945318758,6.886282245000568,154.73080098350374,67.23156216284846,64.74435564309118,6.969729033318601e-10,
89728490,2,418.2636103767067,206.56829295329885,177.79350231718513,65.13650683962805,60.719635388185395,1.926664018291542e-09,ZTF J1901+1458; published416.24-second rotator
89742308,9,5721.4988640141455,15.100938067718612,75.56936445122938,63.41799465919621,57.04009560994655,4.433172713037853e-09,
89728490,3,414.2419591968421,208.5737528074598,169.45705182155302,59.75996410650146,58.01547722069324,2.6064878279780676e-08,ZTF J1901+1458; published416.24-second rotator
71014078,3,10951.919782460009,7.889027834039972,120.49808604471332,58.54084882517898,56.14398431548162,4.700290408540946e-08,
89728490,4,420.2983318935988,205.56826768913447,166.33299827693543,57.143199807333644,52.60788649947824,9.235844905701503e-08,ZTF J1901+1458; published416.24-second rotator
89728490,6,418.25814734814963,206.57099102024756,123.14811299182179,55.721807544195826,49.30329192563755,1.8346919047889344e-07,ZTF J1901+1458; published416.24-second rotator
71014078,4,17692.114215612117,4.883531665410442,119.26068887065753,54.19634924247703,47.38965715053399,3.829837846290809e-07,
71014078,7,9719.84320329846,8.889032280961063,72.74695958381858,53.48340533902635,42.42356476506234,5.400689306031549e-07,
65258778,1,296469.3727882832,0.2914297662096131,149.9893293119062,53.03843332804621,33.75488276348551,6.692318365347867e-07,
57829633,7,2822.432003109951,30.6118977905574,111.58747760689539,49.85056956096949,17.719503646010907,3.1038439803003673e-06,
57829633,1,2917.7444841630504,29.611914432179514,225.96551729123144,49.596996295455966,27.55575209941742,3.5061743342382935e-06,
61247086,9,9984.547256019547,8.653371833951772,83.14577038998686,49.53476179719837,39.229142978289815,3.612629374433829e-06,
61247086,20,8947.729578722807,9.656080823615222,68.35474213081807,48.23491101025286,23.158661135607986,6.745090563860164e-06,
71014078,11,8734.525206956532,9.89177979945464,56.11265890495224,48.22233179828527,36.25543407758906,6.785948541139572e-06,
71014078,5,14678.201830455706,5.886279600048093,98.09404610410184,48.20639665109178,41.557881446842885,6.838061701000955e-06,
71014078,2,14685.042934999321,5.883537445714931,125.05591616449806,47.67356674730689,45.17087982326237,8.830836639951317e-06,
56679906,1,477806.55186247494,0.180826319068283,161.2634322174165,47.20250512464668,37.79993233342731,1.107014865329818e-05,
89742308,3,5365.224215606478,16.103707231596744,144.33603360708685,45.84817312342193,-8.968264503449518,2.118951691602265e-05,
61247086,1,19968.90223999255,4.326727576790032,199.4026233723548,44.527146759808716,-16.302895297580903,3.988589536179926e-05,
65258778,10,121929.46386073844,0.7086064127919207,74.07216886587389,43.02075557087909,15.598196563241913,8.196612326351204e-05,
89728490,5,412.26531618748544,209.57377835953574,163.6292190953801,42.64349319906569,33.09066579937212,9.81524778760919e-05,ZTF J1901+1458; published416.24-second rotator
89728490,8,414.2473258991126,208.57105066996183,119.5285726218176,41.40330837625902,35.14534856263083,0.00017740613958850868,ZTF J1901+1458; published416.24-second rotator
57772249,9,692.6513987414526,124.73807193198307,251.66317381936483,41.29023238652053,30.215282087409776,0.00018723622115064884,GALEX J0718+3731; published11.27-minute rotator
57829633,3,2732.9134294798423,31.61461284064332,129.586809121055,40.82770371870208,20.039755028734817,0.0002334326304805169,
71014078,6,22263.542804415527,3.880783968617263,95.92631878548764,40.81766247731173,34.427282241054456,0.00023455254882190116,
61247086,5,16211.764675975104,5.329462999672071,125.62517847292384,40.16490962331102,-0.19693411523326176,0.00032011929910790257,
61937933,1,2554541.2172980797,0.03382212015799247,49.12712528410316,33.4866963038921,26.776336798781273,0.000428101033233138,
89728490,12,416.2377064035128,207.573698083569,55.11499528358263,38.27189166783927,8.283737441732342,0.0007878187986978546,ZTF J1901+1458; published416.24-second rotator
89742308,6,7786.944045561105,11.095495164017743,102.53502945989521,38.226083933509926,19.988229500660054,0.0008051542472780426,
61247086,8,25971.309386856297,3.326747939929659,111.85983487622525,36.96223352802815,7.018126154356651,0.0014670901672146277,
65258778,3,66760.54988506212,1.2941774767995473,101.54871326489729,36.93560518720176,23.56789709309993,0.0014857377614124565,
65258778,7,50485.80171494851,1.711372248534929,87.12378253747511,36.77731059335747,-0.08881287434860496,0.0016015708349445268,
71014078,10,10955.713395134744,7.886296116359602,62.14504519651075,36.3858140210487,27.7718175651317,0.0019281979717571212,
61937933,2,89432.9342014893,0.9660870547458925,44.791483059689085,29.87753544374499,18.487897719044923,0.0026017502139569575,
65258778,4,37660.14606453626,2.294202466765284,98.93356712836567,35.46982053168176,30.631703025035165,0.002975554702931237,
109631850,1,680.1403268274295,127.03260870153062,107.0582488819893,34.82261966803625,31.812745512986567,0.004041465631684237,WD J1459-0411; published680.1-second rotator (pilot rediscovery)
61247086,15,8108.051040926706,10.65607500050036,76.64375437746685,34.29320019750571,20.92386329663634,0.0051905269388747306,
56679906,2,105472.58522608339,0.8191702120015284,114.17641337484656,33.67460537147667,28.018441561837335,0.006951387881922787,
80364427,1,7044.361073244206,12.265129385284249,231.82880185931725,33.56819578470886,25.57839089249336,0.007309383169432591,
89728490,7,422.35851753597177,204.5655442301845,121.57302077048689,33.303457814082776,17.879789521922362,0.008281771760621233,ZTF J1901+1458; published416.24-second rotator
65258778,2,121468.91540144307,0.7112930885606109,107.15878354751749,33.15831353150526,27.26814396260886,0.008868531809517851,
109631850,5,691.0349679936088,125.02985232550358,76.36956404249463,32.73200598456569,19.348167703167775,0.010842391083073001,WD J1459-0411; published680.1-second rotator (pilot rediscovery)
79252920,1,5305.569074147065,16.28477526020898,97.59420053738882,32.22750806758103,28.962382179640485,0.013750573543869302,
57772249,11,676.3404265612186,127.74631917138485,227.16972231481168,32.12126625894712,-36.89919029770573,0.014455755264629389,GALEX J0718+3731; published11.27-minute rotator
57772249,19,665.89943088858,129.74932248358786,170.6641061616299,31.948809719616406,4.7318831962047625,0.01567792783581231,GALEX J0718+3731; published11.27-minute rotator
71014078,9,9716.853657224283,8.891767134494545,62.3262000576417,31.13380777757459,30.11485388872012,0.02299910206308173,
61247086,3,16220.09240796216,5.326726742788947,138.08183687400333,31.085295433668648,-13.594065278895187,0.023529292615768135,
57829633,4,3020.0076463303244,28.60919908762035,124.36827849944098,30.63051564087334,6.6206478937284885,0.02913077023123716,
65258778,5,66900.14353090031,1.2914770498226653,91.74464725109965,30.188153929051452,28.094468890580686,0.03584938632397614,
89728490,16,416.2484363814576,207.56834728580571,44.87983301469103,30.167366957952026,1.2906705515036379,0.03620053617772998,ZTF J1901+1458; published416.24-second rotator
56679906,7,73170.74389824808,1.1807998032676645,64.88912046759583,29.63323185174903,25.364634020139988,0.04649743743238382,
79252920,5,4998.62172369376,17.284764636311433,57.424859853747876,29.266803905296285,26.194187227047905,0.055199832732252894,
109631850,2,685.5515823106949,126.02990384586866,98.04843724675112,28.94798074193679,25.11986208001943,0.06407935918853146,WD J1459-0411; published680.1-second rotator (pilot rediscovery)
80364427,5,6055.5666841433085,14.2678636875127,135.71586931564593,28.746346146399162,19.453755782142906,0.07041476762521938,
79252920,3,5653.691648537166,15.28205027282574,74.46417596490687,27.74217414931718,26.927779275736896,0.11253720611696634,
61937933,3,43883.1723757836,1.9688640388195544,41.60993781362606,22.22063683395814,19.36780069107303,0.11965752242982897,
61247086,2,25992.817143575037,3.3239952223245854,150.30638106233937,27.590556351399073,-26.66402547020857,0.12078136515357474,
61247086,4,13650.40093325741,6.3294844175234255,131.70163095199314,27.52397775112979,9.651146037688932,0.12458880836839571,
56215388,5,1628.9904479854765,53.038985039383306,43.383934609192465,27.446840613076716,21.9999808342875,0.1291495760858238,
89728490,11,420.30382949581707,205.56557884243563,64.47918839620093,27.35504004910007,20.710686423534696,0.1347941969678795,ZTF J1901+1458; published416.24-second rotator
57772249,8,660.8077962620335,130.7490627210145,288.81455900444485,27.103602074997866,15.571167169690511,0.15154245712660558,GALEX J0718+3731; published11.27-minute rotator
89742308,7,5050.734019262104,17.106424466323958,93.86909299311583,26.486167437815766,-7.687556899971241,0.20197416972370408,
89728490,9,410.30216489560917,210.576515047105,111.01316307332286,25.31680788159406,17.686326188318503,0.3475481318545929,ZTF J1901+1458; published416.24-second rotator
71014078,12,12541.700535029899,6.889017941281439,53.79063200622761,25.299666003148445,20.441050581786442,0.3503197767817604,
65022748,3,5602.277426531476,15.422299436801119,60.68680432236215,25.07705278680578,21.74888453058327,0.38837257907779066,
56679906,3,72997.39863025011,1.1836038217969571,95.41449704966317,24.319385530321938,18.457640941237344,0.5513765193546648,
71864967,1,83347.49756459301,1.036623804248488,55.21384745132764,19.121483919003225,18.391270615718184,0.5635241220707015,
56215388,3,1660.3828608529502,52.03619119244324,58.837104311848634,24.237130805742083,14.498463389388974,0.5727304172582667,
61247086,19,19981.518351543556,4.323995728449018,69.7700461190002,23.871190487993772,-14.137487446650425,0.6781304600049606,
80364427,4,6511.945020677799,13.267925285862903,143.5305659626975,23.7344401118969,21.969546522339144,0.7222815635612541,
80364427,3,8419.080803489418,10.262402988719408,157.48362238090317,23.655587202808917,17.13689938908513,0.7490252467661325,
56679906,4,47420.8539535439,1.8219832161740959,79.33305911655248,23.42857663299185,22.53458968010881,0.8316321440479976,
61247086,6,37177.06119681674,2.3240137121811535,125.06488030493483,23.23272903244083,-6.957672432451659,0.9101253395869798,
56679906,5,105111.45885191682,0.8219845956255073,78.23292884215289,23.144979300264367,22.733014910684346,0.9476388932171126,
71134048,5,84.89194576383315,1017.7643971120914,34.50506909464502,2.50388601076736,-13.978235700348534,1.0,
71134048,10,67.38631371921544,1282.1594657931666,33.02008222212771,0.8629563423211266,-14.007078271755006,1.0,
71134048,6,68.34670392358764,1264.142892634532,34.195039271683186,3.397654928791326,-13.146508533186193,1.0,
71134048,3,103.07383085671974,838.2341015354557,34.98583026466804,2.539800776982588,-16.808024956808538,1.0,
71134048,2,111.8243153707144,772.640545247883,35.053225503811746,7.28058589137396,-19.413186089125134,1.0,
71134048,1,102.82814484491259,840.2368838833976,38.16342132188754,3.6764313780852262,-21.916074183307842,1.0,
116692803,20,745.5005486800081,115.89528693571162,32.05678654744247,7.180152729408292,2.138665692270365,1.0,
71134048,7,74.68742283009655,1156.8212789527886,33.93639176810666,4.948471277853741,-9.464966062542885,1.0,
116692803,19,338.8815800153895,254.95631835780617,32.155342542027256,1.987691955630055,-3.4054017429317014,1.0,
71134048,8,68.07758008164096,1269.1402940055473,33.85922795639806,4.007503452070637,-6.06387778605216,1.0,
71134048,9,70.79397916494068,1220.4427695567067,33.55383480657531,4.43674211809963,-0.6863632954381274,1.0,
116692803,18,308.92772854927586,279.67706364765075,32.17844847815854,1.5174547192035561,-5.096719225325387,1.0,
71134048,4,74.81695246709887,1154.8184890048126,34.5783091371776,6.3385239118277354,-10.16897814229202,1.0,
71134048,11,353.30445726220296,244.54828752946844,32.77428818824524,2.323865603945592,-5.551127049912452,1.0,
71864967,20,76.30653422292066,1132.2752485074536,26.237829660106513,0.649755957604583,-6.4942383912849095,1.0,
71134048,13,94.89214768173619,910.5073719037484,32.68130507242131,4.9170421190978,-12.673082222855896,1.0,
79018134,12,114.07224857728195,757.4147181070557,30.92038657325594,3.0564059342544,-16.018365377766543,1.0,
79018134,11,225.6570949447021,382.88182350824184,30.95659049588528,4.475989144583139,-13.831046443282105,1.0,
79018134,10,65.33546950597264,1322.4057415260747,31.027988598433296,7.995532364356535,-8.741743535233581,1.0,
79018134,9,72.44855592996252,1192.5703541078806,31.13885901060297,11.226217045564624,-10.682853551966332,1.0,
79018134,8,63.896657807575906,1352.1833999548562,31.25347696246888,1.6850145361802902,-15.82831564507893,1.0,
79018134,7,127.53897008407631,677.4400008330265,31.295886757234086,2.214517650977484,-3.810906014976581,1.0,
79018134,6,184.71997077171153,467.735024204711,31.543279350996215,1.369400744451525,-13.70662795690879,1.0,
79018134,5,70.53597965554242,1224.906784054442,31.752912828682156,3.0066252536856553,-3.5882262986213505,1.0,
79018134,4,71.8412843088984,1202.6511055746582,31.836210517045117,3.974008369467356,-18.660452433556713,1.0,
79018134,3,155.6657940409795,555.0352312933626,32.74099707961449,1.0058040813607363,-8.14386744619759,1.0,
79018134,2,71.961115279548,1200.6484288683012,32.85743086075473,2.921675695476665,-14.512201617062232,1.0,
79018134,1,75.48188998258946,1144.645424484322,33.26799950975834,7.5950239713358485,-4.129698898011156,1.0,
71134048,20,67.43890804103088,1281.1595340101428,31.730767585781223,1.5343701049473566,-7.210870579449022,1.0,
71134048,19,67.49173386746486,1280.1567695633032,31.81137645590013,0.7457105178530128,-14.040151431243544,1.0,
71134048,18,111.68722801393749,773.5889012234964,31.844669837984156,1.3426105538317188,-6.234832619630993,1.0,
71134048,17,174.07105562613066,496.34903223411067,32.24201743624053,1.2885692186519009,-9.551636808846808,1.0,
71134048,16,71.08107353594583,1215.5134370094643,32.4909046092755,6.138248712400895,-7.054192746846866,1.0,
71134048,15,188.76587606450326,457.70984566339854,32.6349998378779,2.6207333091334704,-0.5583222695451013,1.0,
71134048,14,8493.229399628195,10.172808944002185,32.67893181323757,5.387386957255671,-15.030961487190268,1.0,
71134048,12,70.67799518977151,1222.445540058326,32.709340778007004,3.996912252038328,-0.47838056464524925,1.0,
116692803,17,66.5034263550914,1299.1811811119615,32.26591484369419,1.4508100802460717,-6.68435523368737,1.0,
116692803,9,518.4634562648174,166.64626784393684,33.24682176314127,4.650847815727616,-10.702891891515037,1.0,
116692803,15,75.9378288020917,1137.7728513304573,32.37402456683185,3.4288000674275168,-5.270293409854389,1.0,
80122425,13,765.8908918844231,112.80980217354276,31.612449263654753,6.897935390284687,5.7397090053030695,1.0,
80122425,12,87.95301263429963,982.3427010879444,31.663209320234273,2.1025376453933404,-6.9624434139655875,1.0,
80122425,11,69.07016805229173,1250.9018355737628,31.683334074981758,8.593510134300544,-14.00854702301487,1.0,
80122425,10,107.96667100809735,800.2469576330654,31.684374864652227,2.9952282900237037,-1.2508659156477222,1.0,
80122425,9,4066.7933184831154,21.245239979942372,31.71703305483493,5.28880424135923,-8.081944970835337,1.0,
80122425,8,215.23158978667598,401.42806214289567,31.753555880443628,3.92024250683491,-8.662031485589495,1.0,
80122425,7,74.35240196359258,1162.033743607996,31.956670935966372,14.641995172365597,-9.535195795902865,1.0,
80122425,14,87.99776641907312,981.8431025684897,31.122147366034255,11.31732891766606,3.6141677149588816,1.0,
79365437,17,90.14658128924573,958.4390086050586,30.663658089870808,1.9816785947577955,-12.190292090375578,1.0,
80122425,5,94.22942934667736,916.9109969044566,32.66246520811296,0.8912026093661325,-11.040131544371093,1.0,
79365437,18,130.97506471060166,659.6675496279134,30.65716734061175,4.72952842458993,-12.037574361647302,1.0,
80122425,4,67.8613466266239,1273.1842837628406,32.841156962578,2.193662615347563,-6.732554118313033,1.0,
80122425,3,94.33230716027839,915.911023496958,34.36206833287247,0.8423655135349861,-13.491086458771946,1.0,
80122425,2,66.2838063852608,1303.4857940688864,34.51685104963133,1.0832912128454097,-8.825179211603682,1.0,
80122425,1,138.5688445134453,623.5167818810572,35.164126520218815,5.363354450008472,-21.707621464111014,1.0,
76727617,20,225.8781812439228,382.5070643131211,26.631646553133805,0.08435711085320463,-34.33857027043439,1.0,
80122425,6,138.12517895950342,625.5195515462927,32.07395708252261,5.226731744249321,-17.319791301703788,1.0,
116692803,16,619.4143397618434,139.48659960507155,32.32816345123206,10.795952165078575,-8.133629415003497,1.0,
80122425,15,920.7781442737244,93.83367810945286,31.073909053091256,0.1805459167781578,-7.8268473454973275,1.0,
80122425,17,772.7408816143892,111.80979556755878,30.778904459122487,6.989406431765104,5.618525104947224,1.0,
116692803,14,341.56473042440706,252.9535174566904,32.521425468928555,3.167242641920893,-1.1608412037426206,1.0,
116692803,13,7800.723861708555,11.07589520302238,32.643422853541324,2.669918441018808,-9.333756643170489,1.0,
116692803,12,185.9281934634152,464.6955278302147,32.714556620784606,0.37945044647165105,-7.83481390734886,1.0,
116692803,11,321.2058985355193,268.9863430090335,32.8695500685576,1.741176651396131,-6.746364018265979,1.0,
116692803,10,524.770137342815,164.6435150397244,32.953071617819205,3.2840195919720827,-15.61244812351191,1.0,
116692803,8,169.0800705245151,511.0004965811318,33.31440737679304,4.672661335150792,-7.248587096899655,1.0,
116692803,7,147.13789824951164,587.2042555174039,33.418020633636615,2.351956377997624,-2.185730595013922,1.0,
80122425,16,66.23285188273803,1304.4885965799403,30.962995406607433,2.7093599371303583,-15.008407860355533,1.0,
116692803,6,61.53033477688053,1404.185436554199,33.94497793788878,4.320093382057735,-20.926326384903007,1.0,
116692803,4,127.44211367959626,677.9548573497398,34.48808696495689,7.300112853815108,1.64752543727991,1.0,
116692803,3,650.7386958245978,132.77218729173057,35.926019816240796,4.464309864327333,-12.365574607930455,1.0,
116692803,2,211.62160838725777,408.2758876016668,38.230360589549036,1.4256510852411566,-11.724027837768745,1.0,
116692803,1,3013.19478370186,28.67388476421471,39.38392825070537,0.7101503828982345,-14.426851380142011,1.0,
80122425,20,892.2518674380349,96.83364434762622,30.623989712674415,2.338073696577368,-4.0821199523455505,1.0,
80122425,19,901.5364411952522,95.8363922432812,30.674720344477578,0.3734703368635621,-6.416907794873083,1.0,
80122425,18,94.12649465380889,917.9137108820802,30.748226536179914,0.5856400103959345,-8.360483531712362,1.0,
116692803,5,813.1868176256954,106.24864806867707,34.221307709299936,7.359501550638356,-4.970438672300929,1.0,
79365437,16,1134.6451008234578,76.14715820594125,30.8811597033324,4.347781579270958,-27.90379260230958,1.0,
79365437,8,386.6561264217531,223.45436706143752,32.77895616106423,3.272469278764703,-18.87140152924121,1.0,
79365437,14,82.23126134299532,1050.6953023572923,31.667057473091177,4.389770633630249,-13.048682321010801,1.0,
71864967,10,87.61862002083575,986.0917688438147,27.979833833247085,0.5225882200918193,-7.281677483592773,1.0,
71864967,9,87.7078064038912,985.0890535573448,28.09142162379669,1.8410046786099201,-5.80829524127671,1.0,
71864967,8,86180.16868473926,1.0025508341259453,28.225444454861645,2.3607804442377756,-2.483377203960572,1.0,
71097068,14,89.98680492255886,960.1407681309987,31.537882430967898,13.99078617666828,-15.11468017993053,1.0,
71864967,7,77.86683406870581,1109.586655645521,29.307091497547162,0.13087162764250593,-12.72550481669927,1.0,
71864967,6,43087.48994503268,2.0052224000567613,29.576435550445694,2.7205449058253066,-8.819454536927282,1.0,
71864967,5,77.9370740349531,1108.5866523710072,32.80166831005488,0.15003441956508823,-14.527645053380724,1.0,
71864967,11,76.23902313168081,1133.2778995707886,27.77898605473979,1.3054104665148714,-14.69327061133555,1.0,
71097068,15,180.40120641021923,478.9324956260696,31.493383095284912,3.131963815699578,-12.799694722331708,1.0,
71864967,3,2359159.3469628408,0.036623215007172166,49.29557414669807,17.792563603225858,16.900604093073184,1.0,
71864967,2,2546747.2802595017,0.03392562767012997,53.1795558750764,13.718976527024893,9.779895594094114,1.0,
99960695,20,129918.10816264657,0.6650343144762734,33.459348535743175,16.573180602352423,-3.6401951428982287,1.0,
99960695,19,220620.43014676395,0.3916228426466392,33.466719176440165,1.144627821088406,-0.9362784656197007,1.0,
99960695,18,40036.966969326146,2.1580056268047065,33.499097145695714,3.137389367061097,-8.710925784436888,1.0,
99960695,17,67.76308204566723,1275.030553388538,33.50838520465277,5.492873431900598,0.32647868474217745,1.0,
99960695,16,151.97704106632438,568.5069231101436,33.736017489420874,3.3756085090113217,-9.798338319630837,1.0,
71864967,4,89434.54967112967,0.9660696041710013,42.79712566358364,10.007067420867259,7.778213822686325,1.0,
71864967,12,797.831853229756,108.2934952399286,27.724350990780522,1.773343134723973,-9.319273380853645,1.0,
71097068,13,326.8240699059336,264.3624137746881,31.895766217667415,2.434820500738738,-6.419747448200781,1.0,
71097068,12,281.499571238861,306.92764333444387,32.17887485745814,1.8005505227237677,-12.009644847316963,1.0,
71864967,18,150.68000831629664,573.4005523721191,26.306874175362964,4.42339603500244,-14.698479101294936,1.0,
71097068,1,77.47878498862396,1115.143971510213,35.94414901327514,1.230373523094073,-13.613371937527063,1.0,
71864967,17,126.08038702396176,685.2770842429247,26.487005199861187,1.1849067140810803,-15.742467518319955,1.0,
71864967,16,104.35795769402274,827.9196135030217,26.50560108459615,0.06636725280361588,-10.864655666832647,1.0,
71864967,15,70.42835985581945,1226.7785332056235,26.56965827169688,4.31979241925626,-14.215809922715835,1.0,
71864967,14,85.03623454770498,1016.0374628480281,26.783184817192023,0.25702247941632095,-11.509223824191935,1.0,
71097068,2,1453.6193764797754,59.437842806715025,35.543680835474674,12.183910626170501,-5.200066684992237,1.0,
71097068,3,64.66434720809241,1336.1303984398298,35.38372629022001,1.654518111197774,-13.150312966597028,1.0,
71097068,4,1429.5039712426917,60.440545628488906,35.35746632525286,14.55905857339792,-2.896565375058458,1.0,
71097068,5,110.26128051353002,783.593294015826,35.18863964054583,4.986385640880599,-4.135260101812264,1.0,
71097068,6,63.982337236616736,1350.3726767667024,34.95130856566993,1.2805014329426854,-3.6207540310084596,1.0,
71097068,7,121.48776459965087,711.1827292626659,34.331770873513506,5.878263859830497,-5.713800842294347,1.0,
71097068,8,66.7175722789648,1295.0111499671702,32.98031054643366,2.3591118964375255,-5.28928311369026,1.0,
71097068,9,65.56638742452438,1317.7483676290367,32.91557333708852,6.106380191082536,-15.495140517199104,1.0,
71097068,10,80.69616878878443,1070.6828006437936,32.678270207143214,2.7612055111243308,-9.709197540976845,1.0,
71864967,13,78.00762532389015,1107.5840296543374,27.399047979917782,0.12819792656773643,-12.660257968208725,1.0,
71097068,11,79.70878944554016,1083.9457053733265,32.635670479462306,4.432820597298445,-11.79496144619344,1.0,
71097068,16,67.38057238426849,1282.268715487671,31.169128009644737,5.96180081796544,-18.488579563912197,1.0,
71097068,17,492.82268376490026,175.3166054369707,30.954003196486838,5.961640320679493,-4.1015955407698925,1.0,
76727617,19,382.8755573884135,225.66078803602056,26.799258468597145,3.2851558732535864,-47.71216407282077,1.0,
71097068,18,69.61795332613035,1241.0591790202873,30.918146450889253,0.27826802098269354,-9.060667459705087,1.0,
99960695,1,566487.750951183,0.1525187435296293,37.91199938183502,1.6578622700716537,-8.920432866797945,1.0,
79018134,20,103.80860999688383,832.300904545332,30.010387530906144,0.9294746877539808,-9.861632484473944,1.0,
79018134,19,67.92579858346437,1271.9762123051862,30.113897499394056,6.83389059796059,-17.129851283557173,1.0,
79018134,18,64.4326180347563,1340.9357346521917,30.26861093964544,2.9123309803080133,-2.344507754855101,1.0,
79018134,17,155.94752912934428,554.0325036399844,30.274763635373745,5.5069796574365455,-4.003648931017153,1.0,
79018134,16,165.71742598984034,521.3694304260853,30.290821609976888,3.250615045386894,-8.428704114038624,1.0,
79018134,15,113.77165052664893,759.4158966671788,30.341142786647254,1.4943102888279896,-14.756508685752891,1.0,
79018134,14,24600.950429900146,3.51205943226441,30.353427487671013,1.5264805826861618,-8.789995038148021,1.0,
79365437,6,99.22689468248612,870.7316728641906,33.52378584877209,3.4673672415699457,-6.219133505104423,1.0,
79365437,7,324.06848293755746,266.6103140201012,33.21767739429339,6.298239449710962,-5.85036025768585,1.0,
71864967,19,2388.149789598269,36.17863518290203,26.264394272052186,2.573683740594902,-18.53088497262479,1.0,
79365437,9,68.63405497834081,1258.8502898053405,32.72150493128777,1.504854940799305,-8.494717027732207,1.0,
79365437,10,131.3739171203342,657.6647929349662,32.273888234360754,4.807303552387864,-18.605443754194027,1.0,
79365437,11,178.40991230897666,484.2780251490141,32.05480374792137,5.577776258482032,-36.78146753699605,1.0,
79365437,12,567.230205578134,152.3191098611174,31.860081942633087,3.6372613085899985,-2.7335677775039358,1.0,
79365437,13,1059.8612829174838,81.5201021044626,31.694314812153607,3.091642870604403,-10.9290263093026,1.0,
79018134,13,89.75135128325081,962.6596008267985,30.691087053576894,4.865564322438388,-1.310489725459206,1.0,
99960695,2,74788.3997789058,1.155259375189483,36.98752660931018,2.411955026766634,-9.31469367751135,1.0,
79365437,15,71.91586020702852,1201.403970574434,30.923615829210917,7.9329642615148686,1.7246173045242585,1.0,
99960695,3,458427.4378570212,0.1884703943635836,36.971984083010284,3.6616612933771293,-3.0664563676835925,1.0,
99960695,5,61963.01134910703,1.394380262011671,35.747086472646174,0.7300970886910889,-3.088928216986126,1.0,
71097068,19,90.45274015178663,955.1949432931958,30.894760538154856,4.078836016725461,-11.937277026957474,1.0,
99960695,15,64457.92676488185,1.3404092302744166,33.81333855894184,16.249895268685364,-6.226776744883274,1.0,
71097068,20,144.72152367106278,597.0086398231846,30.83504766590579,3.865839400919725,1.9750688866347161,1.0,
99960695,14,70.68063891120704,1222.3998160025194,33.89997099969628,7.748217934053507,-7.012960239425546,1.0,
79365437,1,205.91907200723745,419.5823104572038,36.65240503749362,10.7515446043693,3.8398487275253217,1.0,
79365437,2,98.99919016848406,872.7344117962799,35.7920968737713,3.7152104386230747,-15.509870354637883,1.0,
79365437,3,321.6523400237052,268.61299996646216,35.16600822609877,4.536344217926256,-17.0060349022815,1.0,
99960695,13,213786.83126981326,0.40414088878541554,33.96818729269967,0.3957300899476053,-4.7224685638740524,1.0,
99960695,12,70.73866615985524,1221.397075889914,34.35297364116809,7.685954513386271,-8.154650320120787,1.0,
79365437,4,204.9408604134937,421.58503592537494,34.49395433242705,8.00779867006446,0.6376341479945609,1.0,
79365437,5,98.88557413555577,873.7371528182654,33.91884272157063,6.099370927007158,-17.72494075051685,1.0,
99960695,11,101622.04945651676,0.8502091865109437,35.11761271273713,1.1099765061982794,-7.25624949048251,1.0,
99960695,10,25412.67906175037,3.3998776669731003,35.177265816793806,0.14141419907042518,-5.851953053058445,1.0,
99960695,9,106108.03826781553,0.814264417761898,35.21932181023351,4.118221577624865,-3.2144857981281874,1.0,
99960695,8,137488.97953372667,0.6284140030205525,35.30170258038356,6.431024849827061,-12.010227102011108,1.0,
99960695,7,255858.62977668268,0.33768647973848387,35.31277735043409,17.668215791742348,-5.436625916715833,1.0,
99960695,6,72531.47551801488,1.1912069812855324,35.55117236545698,3.114178251277494,-2.5502554203514407,1.0,
99960695,4,36043.17149773457,2.3971253474581316,36.48192195811305,0.3557002587455713,-4.961404571602678,1.0,
76727617,18,218.84287675666334,394.8038029863327,27.025652209813074,2.9857745167132634,-40.31613370324567,1.0,
76530254,12,79.27477517079639,1089.8801013796938,34.44433780503107,1.54007146515886,-5.270119037874792,1.0,
76727617,16,740.9491267530284,116.60719593343777,27.46335133261357,1.2455624792938806,-40.27227443335073,1.0,
57037277,11,66.83680690471375,1292.7008934340117,28.2403153939332,4.217346227051877,0.9968544581408025,1.0,
57037277,10,99.38200985809479,869.372637194282,28.570176062192104,1.0030484030093163,-4.242017744412706,1.0,
57037277,9,85946.91390813747,1.0052716970425115,30.648336446639746,1.4985363472670485,-7.978848449730776,1.0,
57037277,8,86623.96292609346,0.9974145384426184,30.883221497942714,4.578757523192735,-2.896528794695044,1.0,
57037277,7,14349.122199870251,6.021274249151022,31.382824276557812,0.9669332483277344,-5.56053809909659,1.0,
57037277,6,17207.251690967085,5.021138851903673,32.035339452233984,0.9223656457817384,-4.97469658980107,1.0,
57037277,5,12300.97560240968,7.023833132639886,34.62412109564298,1.1339290652365719,-5.338104058793974,1.0,
57037277,4,43018.015042385305,2.008460871913099,35.864899560551976,2.9854701442302485,1.366931522174994,1.0,
57037277,3,85676.4297344734,1.0084453830273867,38.93484806137076,4.225790867499057,2.8850930289677876,1.0,
57037277,12,104.3289745511747,828.1496139657703,27.98238940721194,1.3603510400149332,-8.02727398375697,1.0,
57037277,2,86245.10623997384,1.0017959715835374,43.38967867638746,7.709460540149266,-18.303459430784073,1.0,
68124467,20,81.76089748949587,1056.7398677479064,49.01230161239528,4.200414941003942,-13.662413546135895,1.0,
68124467,19,248313.59179607796,0.3479471235346396,49.119912263056904,5.814079864385235,-16.17223502963691,1.0,
68124467,18,28755.993257802525,3.0045910508257823,49.56981106182957,1.5800776186101757,-8.717388702509368,1.0,
68124467,17,43095.46725484387,2.0048512176251845,49.722721070499574,0.903754995475083,-5.5282871271754175,1.0,
68124467,16,89170.58553545253,0.9689293782381748,50.087084305185726,15.938567857141948,11.881112720123895,1.0,
68124467,15,81.81262002580195,1056.0717890803558,50.43494789030956,2.125091989063776,-2.411996870550979,1.0,
68124467,14,21585.265783226187,4.002730421190415,51.19747890994449,1.357267946396746,-11.186614643828307,1.0,
68124467,13,29074.921401725693,2.9716331406788212,51.365235926158675,13.604214835883283,10.417145361158475,1.0,
68124467,12,81.89015136840285,1055.0719293619143,52.672468059950006,1.8236964647816194,-11.542803711635202,1.0,
57037277,1,86321.89232279123,1.000904842040727,44.855759730650334,4.847210573273486,-16.150108090579067,1.0,
57037277,13,85862.03747774298,1.0062654292637356,27.809931887923653,2.455740019141814,1.2786051012654127,1.0,
57037277,14,104.07729099299499,830.1522760216272,27.556511976285947,2.102251506272353,-13.031448506247528,1.0,
57037277,15,43159.573512255,2.0018733497324073,27.40435254882732,5.097727036987962,-10.514002437340878,1.0,
73075554,16,97.33106432240025,887.6919265344504,29.36190052877447,3.8609995048469727,-6.786856660064515,1.0,
73075554,15,87.39151828116506,988.6542961986877,29.407533646459797,4.900582763400763,0.171689039347811,1.0,
73075554,14,67.80316451847547,1274.276807190277,29.546150613483178,8.980666788982099,-3.3326313448517766,1.0,
73075554,13,94.28611688579088,916.3597235068726,29.589895452252165,2.6942639384707547,-12.985682168927028,1.0,
73075554,12,60.25999077191694,1433.7871428992175,29.69415365059774,2.983062192344619,-2.428698925043747,1.0,
73075554,11,69.85061790909941,1236.9253499294343,29.70368496942268,4.514139989443208,1.873124315300089,1.0,
73075554,10,103.18736606924953,837.3118075522593,29.766340748669222,3.7242395608653567,-15.384567082400096,1.0,
73075554,9,70.43900236064702,1226.593181397329,29.767341395084316,3.271849736037936,-7.961659162911701,1.0,
73075554,8,83.42552048739965,1035.6543117168758,30.149339637340745,1.3905675906965627,-3.99714016772937,1.0,
73075554,7,97.55145432910453,885.6864369086347,30.34982385712044,3.431286044799066,-10.331900024001996,1.0,
73075554,6,76.10113043987073,1135.3313610533899,30.48089967451631,7.803812146815659,-9.285652083659755,1.0,
73075554,5,66.47401668462479,1299.755969462637,31.044015427182217,6.204825517970278,-18.26959561920441,1.0,
73075554,4,103.31108880980247,836.3090641611949,31.175294866266427,3.586639426898998,-18.195358492546987,1.0,
73075554,3,76.03397477170273,1136.334122468567,31.30057275130264,9.166956566702034,-12.415859455389253,1.0,
73075554,2,97.44113499500469,886.6891791072558,31.399462444768915,3.7206269344857645,-9.146618794931584,1.0,
73075554,1,66.42277157920874,1300.7587299630902,31.801273177797157,6.606447211516141,-19.56907168573737,1.0,
57037277,20,88861.22919906475,0.9723025528540556,25.508785457863723,5.945999163946354,0.6292842498954769,1.0,
57037277,19,43123.167289715006,2.003563407565535,25.845855493983663,0.7329334747698226,-8.091557464564247,1.0,
57037277,18,73.5274704879436,1175.071023477778,26.07644328089259,1.2916517465679647,-1.4030900636499268,1.0,
57037277,17,65.67418108844716,1315.5854944523817,27.31273018836248,2.3261079208264306,-5.311331912798778,1.0,
57037277,16,86900.79323068335,0.9942371845864056,27.318514747263976,0.5880736763271415,-4.808313803369842,1.0,
68124467,11,81.86618030953821,1055.3808626873674,54.44144675523262,7.992209905289428,-22.34268154503127,1.0,
73075554,17,94.18305525121089,917.3624679041104,29.35683995550579,2.4696033042040995,-15.090928530161463,1.0,
68124467,10,86077.43538428991,1.0037473771641778,55.87152861765412,12.063165712942748,-7.83050739642124,1.0,
68124467,8,43883.76540287262,1.9688374324037445,57.549505302533134,15.722294930980866,10.698889346183876,1.0,
62654998,2,83.77654286091544,1031.3149367292463,22.806967584654274,3.3384700268937735,0.08034528390753337,1.0,
62654998,1,754.0656630156807,114.57888117391087,22.848338976220475,0.33302490795747985,-3.8171835817493474,1.0,
79815331,20,75.69090768614622,1141.4845275506436,27.600108948098978,4.273260625426218,-16.91527986989621,1.0,
79815331,19,75.42551402579626,1145.500976903523,27.763045502104205,2.966507507196326,-7.8804453906819845,1.0,
79815331,18,102.21917614640596,845.2425783225982,27.81257405700228,1.1150448796089734,-5.841237454330383,1.0,
79815331,17,75.36134834501323,1146.4763024733913,27.99350658536264,0.7137379614723045,-9.569735513240573,1.0,
79815331,16,225.01423074240634,383.97571440230246,28.052870250382284,4.253870573326594,-1.5686850413634374,1.0,
79815331,15,75.3595429374524,1146.5037688950829,28.17758578480607,2.9006018973146013,-9.17281553303215,1.0,
79815331,14,122.92270069866376,702.8807495191912,28.462352287721046,2.43709562906767,-14.795948702567358,1.0,
62654998,3,82.85464881183705,1042.7900092391249,20.72862227711846,5.135786866686232,-9.706678428093895,1.0,
79815331,13,92.31998085743614,935.8754106916683,28.686681317972898,4.374783531160816,-11.43727332802618,1.0,
79815331,11,71.04649963489484,1216.104951602207,29.034598686349227,4.165140936079325,-4.745721901222197,1.0,
79815331,10,273.97088415690905,315.3619782112206,29.28612530057535,5.0997965065975706,-16.88078958578535,1.0,
79815331,9,75.69127339722064,1141.479012337142,29.537970099086692,1.9247431615918629,-16.101131695937852,1.0,
79815331,8,162.41255308580068,531.978583911281,29.716410413149447,2.8171120918608494,-10.655366622334327,1.0,
79815331,7,258.3919487740555,334.37574355519246,29.785926279536284,4.505864521892576,-16.182233911818656,1.0,
79815331,6,75.62520164907716,1142.4762925052555,30.124139215582886,0.3417680034466173,-10.953156962368098,1.0,
79815331,5,75.75746141071684,1140.481721418633,30.75278082751845,2.01462299036163,-11.89969581804715,1.0,
79815331,4,75.49286310329369,1144.4790467382663,31.219449247597254,0.9270312803018044,-12.113529146903204,1.0,
79815331,3,75.82394013344579,1139.4818028176978,31.296690976317677,4.344299671442798,-18.06428464497114,1.0,
79815331,12,125.60315414871646,687.8808146625108,28.78960518857025,4.3018688152996845,-0.8145264640724008,1.0,
62654998,4,1778.3544323002077,48.58424081876983,20.2471195668503,5.930440487433785,-4.016736469487441,1.0,
62654998,5,81.32679510012446,1062.3804847299064,20.038328200653893,0.6450060414747725,-4.128741879018719,1.0,
62654998,6,341.8446678233334,252.74637322894222,19.755678444160765,1.1101513370953882,-0.9240072612868317,1.0,
68124467,7,86337.1825423299,1.0007275829002098,59.01596572648987,0.9451391284383703,-11.062454433259404,1.0,
68124467,6,86180.09065756616,1.0025517418322016,60.62404907286259,1.8557015550995857,-8.300637647724784,1.0,
68124467,5,43199.07846549146,2.000042664544767,60.78945592789273,1.839918546605361,-11.058982536279188,1.0,
68124467,4,86484.1218492465,0.9990273145237789,64.70497860977184,8.994734717910603,-5.832123860143497,1.0,
68124467,3,86379.02326474563,1.0002428452471623,70.13903608462351,0.9860665947794587,-11.92116370264614,1.0,
68124467,2,86235.12244512781,1.001911953623967,74.4601621719462,1.5739115994863369,-7.47696780944932,1.0,
68124467,1,43161.22526846947,2.0017967391467386,84.80027514302765,4.8997359532822315,-10.899015934956537,1.0,
62654998,20,139.19970598264925,620.6909661919075,18.26550960155862,0.6204162362808319,-3.1222403720703085,1.0,
62654998,19,178.60642201538136,483.74520370023055,18.304898841777685,0.6336927362143996,-4.688030522831937,1.0,
62654998,18,81.99852803695929,1053.6774509056654,18.333833810695467,0.9846281629010321,-4.414706198465325,1.0,
62654998,17,114.43736722605925,754.9981452240655,18.631362352817177,1.8229342263506254,1.1390248428090075,1.0,
62654998,16,91.27062937242393,946.6353041946315,18.75753523806486,2.012009324547847,-0.9824197679752587,1.0,
62654998,15,81.76073773589276,1056.7419325287058,18.893169138767348,0.24170900253255923,-3.3214550233365827,1.0,
62654998,14,119.03825876025893,725.8170683931808,18.901956670894037,3.6219396421096235,3.064523082150643,1.0,
62654998,13,78.23578360069966,1104.353992809338,19.147880988916484,1.8977594566904799,-1.758511637997188,1.0,
62654998,12,91.18033723634353,947.5727181842651,19.311787286969775,0.32610900644726826,-4.083110476108587,1.0,
62654998,11,248.0454726169141,348.32322915821857,19.31502932575046,1.8129005239008933,-0.02240993941792624,1.0,
62654998,10,166.66111033215157,518.4172829990565,19.34775898447367,0.5514814389181737,-1.027220137144056,1.0,
62654998,9,81.25010549369388,1063.3832347049176,19.37754944411205,0.37265302333644,-5.492990887172766,1.0,
62654998,8,82.61752758933098,1045.782929131826,19.5052765039394,1.6433916225407899,-1.2813174439647952,1.0,
62654998,7,234.55115595572002,368.3631387274472,19.59494477382424,1.2998190100901041,-3.0494315601127795,1.0,
68124467,9,28772.002701121237,3.002919223159708,56.777172575333,1.5755527458538836,-10.150343773588702,1.0,
73075554,18,60.30216356611165,1432.7844125406257,29.3322167865349,2.761631129505929,-2.119379507575161,1.0,
73075554,19,103.4351087234294,835.3063197431461,29.312780954531945,3.6070141789735573,-18.55672310108484,1.0,
73075554,20,83.3448238889959,1036.6570588123527,29.29582915517142,1.4675044703960367,-3.557811039978958,1.0,
76530254,10,28737.821962759954,3.0064908924539187,35.21187061423905,5.316340631612917,-17.375360482822316,1.0,
76530254,9,79.16256951581805,1091.424906094487,35.29753140129344,5.849972356463013,1.0353156508693928,1.0,
76530254,8,72.92282402379298,1184.8142355514062,35.31456028611842,3.5840234923988987,-6.143705251801123,1.0,
76530254,7,24819.261205363815,3.48116727911819,35.875310107705786,5.4811157162973245,-5.897097414468021,1.0,
76530254,6,79.23516897753198,1090.424884744042,35.98394467507774,7.36889634346025,-1.2694714872687314,1.0,
76530254,5,67.78730077639635,1274.5750164178926,36.06138294248899,4.368642847984091,-1.5371153220557972,1.0,
76530254,4,105.45153118769629,819.3337643074532,36.610506571283054,7.296782045754583,-9.094617030637153,1.0,
76530254,3,79.10449218524262,1092.2262138751003,38.84724491705367,6.074791068729098,-1.8695792713143646,1.0,
76530254,2,82.35838909037984,1049.0734575343006,39.645450438120065,9.697813681912095,3.9965278612405655,1.0,
76530254,11,75.1032759935484,1150.4158621179458,35.134925470780445,6.5496453419413285,-11.27910287976124,1.0,
76530254,1,81.93122100696218,1054.5430537726038,43.45471141372434,4.324865543704391,-2.3407606691458795,1.0,
74946891,19,486.8217632920503,177.47768591061856,30.724013634105177,1.81888603412537,-4.734536677283103,1.0,
74946891,18,346.86613272162487,249.08744858449398,30.964090173641353,3.8028917326171268,-4.928396331977382,1.0,
74946891,17,60.63732025928985,1424.8650769946123,31.00166407438587,5.120813033268064,-11.305385873653847,1.0,
74946891,16,357.285890556938,241.82315138534997,31.252828119663377,1.3491345587419232,-4.476512671044105,1.0,
74946891,15,93.77177427706911,921.385999850151,31.387243608399558,3.6165365888733447,-10.433265407345715,1.0,
74946891,14,100.79741600450461,857.1648304569514,31.621397763494087,7.4433075260903365,-15.743128981807189,1.0,
74946891,13,165.40495818103605,522.3543535220693,31.624506957146878,4.7506903286942475,-0.7371013042267691,1.0,
74946891,12,70.74247332123505,1221.3313437270642,31.64159525375021,0.3549667659358988,-6.791705659857001,1.0,
74946891,11,88.13584014662096,980.3049458230244,31.928544017296417,1.7907150277226833,-5.8139669285730236,1.0,
74946891,20,144.16342449710925,599.3198365077162,30.645946244707602,1.173627509477086,-9.74623867738677,1.0,
79365437,19,384.83039477059066,224.51449047184988,30.632834000260345,2.6905391419228124,-2.553561830866073,1.0,
76530254,13,21606.914927984406,3.9987198675965625,34.366368875659305,1.9213206957635975,-2.9989767009539037,1.0,
76530254,14,2064.267728332838,41.8550359597876,34.23165144054474,2.6802856265142623,-6.5699684450067934,1.0,
76727617,15,102.57009541979565,842.3507811549244,27.508185100434503,1.00822161490413,-35.52454949753724,1.0,
76727617,14,489.0788427739263,176.65863342188752,27.549274015693413,0.5834965980808988,-26.10090015018875,1.0,
76727617,13,217.8698988263725,396.5669441507151,27.660745593223282,4.565680539539926,-12.925385597776994,1.0,
76727617,12,149.38087747032938,578.3872839892852,27.767224421940682,2.1402215888584806,-38.737746660731545,1.0,
76727617,11,219.63726919045078,393.3758615669241,27.867032176082148,0.7722627864097262,-36.393724521032595,1.0,
76727617,10,60.500768579434926,1428.0810315088888,27.893288015591793,0.45805320072190625,-33.3195948659295,1.0,
76727617,9,223.03362868818098,387.38552795011094,27.90687887252591,4.150524550946102,-45.50541798660322,1.0,
76727617,8,511.45616588800044,168.92943278920217,28.236011083731682,1.237935130350479,-38.066567268710514,1.0,
76727617,7,7404.140901836834,11.669145839534972,28.445977637177293,2.721720849595499,-47.39963458172224,1.0,
76727617,6,86109.99902702696,1.0033677967280201,29.000791854173713,2.285965521617129,-22.421119533689875,1.0,
76727617,5,217.80693564602169,396.6815829061416,29.368462658837643,1.2251500371553448,-29.224137790241002,1.0,
76727617,4,129.24929249543217,668.475612762472,29.960512092612475,3.9764391764398397,-16.541481046854074,1.0,
76727617,3,753.8976033178272,114.60442322639351,30.285201682015668,1.9868033627278692,-44.68606899550184,1.0,
76727617,2,82.76006619303928,1043.981765293306,31.31680631326344,4.6453579116275705,-60.81419792401971,1.0,
76727617,1,517.5925223511906,166.9266773938765,32.29753745292419,0.36709099055985916,-46.52474126939114,1.0,
76530254,20,28838.941040072204,2.995949118934212,33.22445267150931,3.186720352832083,1.2374216636758035,1.0,
76530254,19,75.03805261256359,1151.4158082713102,33.22462350225703,6.465969516933001,-3.3058901682344413,1.0,
76530254,18,509.14878712059203,169.69499326242357,33.26346539075155,2.8512522857881777,-1.131190864742564,1.0,
76530254,17,75.99676690596242,1136.8904693920786,33.76709080448552,3.8834518584580735,-17.848379394734877,1.0,
76530254,16,81.82376917633974,1055.927890755044,34.133082571745035,3.384442808843886,-13.731727084783245,1.0,
76530254,15,2015.9692523939525,42.85779651520006,34.2273844005731,2.4707395819872886,-8.329350273430805,1.0,
74946891,10,132.13448200045445,653.8792803509294,32.88421674997733,2.7667610397683973,-14.97797717198975,1.0,
74946891,9,67.3345931110544,1283.1443097532524,33.059064989516855,1.2525471099647518,-10.892443974071199,1.0,
74946891,8,76.80886819713206,1124.8701097671697,33.101092693115675,2.274883329609196,-5.876784852970019,1.0,
74946891,7,131.93215916689633,654.8820283514241,33.59861684304201,1.9647375288681417,-14.546614353638375,1.0,
56191362,1,82.94325363437555,1041.676040113669,34.80398995819678,3.7963060005810405,-11.613225523596526,1.0,
75730136,20,190.63371242884259,453.2251871884955,29.814658024945174,3.9490922897929863,-2.4661121092947837,1.0,
75730136,19,63.500079729307444,1360.6282128827543,29.947956023978804,1.9088117722606626,-12.078927376007584,1.0,
75730136,18,402.60420426602155,214.60282601249494,29.99096930928863,6.385940161503925,-9.369837119280703,1.0,
75730136,17,137.21981124491302,629.6466903440884,30.144054538700857,5.189741599008528,-11.44574803986319,1.0,
75730136,16,63.31368682819629,1364.633846619123,30.8811272583157,1.639318251893826,-11.898411845159103,1.0,
75730136,15,187.19139508943874,461.55967777642064,31.00703178527283,1.4450493564550584,-14.192146447410153,1.0,
75730136,14,467.06643946431865,184.98438915691028,31.096882646872928,0.07354141622380439,-12.266419330509848,1.0,
75730136,13,460.97047237386283,187.43066026564634,31.20993325133395,3.240327202489482,-12.734424180234555,1.0,
75730136,12,137.51459542837426,628.2969435415474,31.29198331715861,0.396939809025298,-7.977019737205012,1.0,
75730136,11,409.694554601859,210.88881711880083,31.48500442644763,5.88811175054451,-9.566539585741737,1.0,
75730136,10,90.89441926788977,950.5534079639858,31.52720926547363,3.7500615431552546,-15.041685569110541,1.0,
75730136,9,63.14496482477833,1368.2801192423233,31.651446984100176,1.843036217228871,-8.682665677258626,1.0,
75730136,8,105.1880490172741,821.3860871762275,31.713698181879863,4.744118228124933,-17.42137132442525,1.0,
75730136,7,89.07725413158617,969.9445817264271,32.641632071041386,1.52425460255472,-13.765020346098424,1.0,
75730136,6,110.39434242968895,782.6488033571907,33.016619380164,5.15621352527063,-5.024292440313559,1.0,
75730136,5,100.73011373193005,857.7375404333769,33.01789345969564,1.6848542322989601,-5.917335668935436,1.0,
75730136,4,63.267195793519214,1365.6366291620973,35.136507461542806,1.0987548110888952,-16.70245055437823,1.0,
75730136,3,469.6120651612482,183.98164444589662,35.841629662307696,2.4495157469016817,-14.476595976796204,1.0,
75730136,2,407.75558804655486,211.89163933698296,35.95558604796679,3.4109272334307548,-7.500683943149795,1.0,
75730136,1,63.098719913742485,1369.2829286887427,37.8536202690002,2.994492181002613,-6.683997599983911,1.0,
56191362,2,79.13549027183424,1091.7983789979921,34.166315369121094,3.6014393193883336,-3.3475281545216546,1.0,
76727617,17,216.71280272089896,398.68433666687065,27.132061758347504,0.24528894768832288,-32.55620632838372,1.0,
56191362,3,76.85223144196124,1124.2354109815176,33.94580504176997,1.711654876173185,-9.9623821047484,1.0,
56191362,5,99.70153569664984,866.5864512145444,33.84538041666701,5.271298669595495,-8.43442307746355,1.0,
74946891,6,94.02448240125618,918.909605173702,33.8922885137265,1.5893752036095918,-4.429228718164467,1.0,
74946891,5,70.68444143760392,1222.3340560209258,35.4397465126749,0.5374467536207419,-11.075190040913782,1.0,
74946891,4,81.88742065997036,1055.1071129565516,35.55800364028971,1.4684910575552124,-9.324653407562579,1.0,
74946891,3,143.92263205384194,600.3225397356371,35.90358928082435,3.803864604087238,-15.731331820935708,1.0,
74946891,2,81.809675320072,1056.1098019515273,38.339319744140084,1.1669508146116243,-13.771638384763406,1.0,
74946891,1,93.92199539762815,919.9123127039302,38.67547140064835,2.9810173613159066,-7.970333136373512,1.0,
56191362,20,74.37826016269496,1161.6297532505962,31.071827181923254,2.1633767498418592,-12.778379304272818,1.0,
56191362,19,67.66776799416735,1276.826509298301,31.32193210950163,5.0758201145208375,-6.451252988768573,1.0,
56191362,18,214.2766781365315,403.2170031353024,31.47481350162616,3.666629073582641,-14.731498891148902,1.0,
56191362,17,275.6320227677841,313.4614009374038,31.57362777891808,2.1495582610669715,-9.786023656944877,1.0,
56191362,16,67.80784299166031,1274.1888871266167,31.712512027500907,0.9316325138511559,-4.225893910977703,1.0,
56191362,15,62.001624657920175,1393.5118712887331,31.804791018903416,4.657840577492124,-14.078269319947594,1.0,
56191362,14,100.12153005864309,862.9512548339391,31.971323738738874,3.2140316913231857,-14.853430684433732,1.0,
56191362,13,91.70777428148673,942.1229626051645,32.11568278556524,5.287411631193464,-8.468162349197115,1.0,
56191362,12,100.11859951364711,862.9765140514462,32.11899725447665,0.5628985677427352,-1.6049234043788658,1.0,
56191362,11,68.85537919525599,1254.8039239605669,32.35552938972387,6.651115908826199,-9.068333651747594,1.0,
56191362,10,60.89471850723408,1418.8422595259387,32.404010891782946,2.9590553841505027,-4.774769058152174,1.0,
56191362,9,67.50928985495969,1279.8238610660258,32.44263096863233,2.973303436090333,0.5355871907741232,1.0,
56191362,8,96.74073371322682,893.1087938212218,32.92204281968861,4.3219220011133075,-5.355244540149357,1.0,
56191362,7,75.74966488265483,1140.599105406523,33.06022922736042,0.545426841679955,-5.581545438399814,1.0,
56191362,6,67.61509518707008,1277.8211693847045,33.82068258995969,3.1005317841324427,-0.8060530762676592,1.0,
56191362,4,276.516611614904,312.4586240783486,33.93787535088427,2.8592095550504553,-9.955562581713423,1.0,
79365437,20,1086.554728641001,79.51739357672675,30.404901657834785,3.539814316042026,-8.317397143409721,1.0,
63596789,5,94.82480813645311,911.1539659080586,33.7841906055703,5.828784452909588,-7.176201916684647,1.0,
86742313,2,1568.4750413620573,55.08535215515485,36.46930615562246,4.977260320361381,-20.128201286444096,1.0,
94895837,14,76.91285260546346,1123.3493112419371,30.339636188522377,5.713373553846196,-15.6384847917694,1.0,
94895837,13,84.67207668273731,1020.4072391390274,30.375064733266072,3.8184403254271615,-6.731442537386101,1.0,
94895837,12,1006.774198301012,85.81864746415319,30.552391421699213,2.1730983380322755,-7.110486418522157,1.0,
94895837,11,461.2926009102945,187.29977422031493,30.957268945362557,1.094869404871588,-7.2383898514293605,1.0,
94895837,10,295.47515322384675,292.41037379053284,31.186855209364694,0.6381294919010543,-2.513288350227924,1.0,
94895837,9,72.11062559924345,1198.15906854241,31.819106808114384,10.903189936025399,-2.3766772558384446,1.0,
94895837,8,99.18080197958642,871.136331583435,32.11172370547831,4.690674470861524,-19.191371759885556,1.0,
94895837,7,137.93864861631477,626.3654230825992,32.54710928536599,2.933782169484573,-4.309960278950598,1.0,
94895837,6,134.39000112435514,642.9049726701875,32.91516824962389,3.4184808995536287,-3.8845759837697074,1.0,
94895837,5,64.67318825394194,1335.947744848249,33.26590143533417,3.9125565577461145,-16.820496279994757,1.0,
94895837,4,2040.03695702593,42.35217391647568,33.43700624759174,4.461815354335556,-4.301078208719787,1.0,
94895837,3,636.2836573596312,135.78849464487539,34.639500852666515,2.1949383699771374,-11.795132653247379,1.0,
94895837,2,64.62468126133169,1336.9505011655294,35.68169158507533,2.524456550524121,-14.971233181567328,1.0,
94895837,1,134.18071970561286,643.9077103592688,37.19726229220714,2.8418812169963417,-4.008708314631434,1.0,
55772685,20,1041.3471940973207,82.96944620366966,33.31712503020003,5.1434171166154385,-3.6065503648201513,1.0,
55772685,19,1094.210619814849,78.96103221390752,33.4378853207204,4.409124778033487,-4.88518428269802,1.0,
55772685,18,119.4870325154669,723.0910181723362,33.46559312077545,1.5312623991343628,-6.96496336184768,1.0,
55772685,17,75.74639705663603,1140.6483127560273,33.55876965463108,6.422315498025682,-5.348598097676728,1.0,
55772685,16,122.01082975768645,708.1338613268218,33.728666529688326,3.293231418697445,-4.153507343011739,1.0,
55772685,15,419.8467082002353,205.78939482548878,33.74281500213499,1.8576832762613265,-2.8541661945245664,1.0,
55772685,14,77.81547925088317,1110.3189343785914,33.78941076216586,1.653229215673207,-4.838617902052675,1.0,
94895837,15,84.75536668839194,1019.4044740276405,30.30835509622591,3.6397417201006874,-8.64130564685476,1.0,
55772685,13,1672.9856476235063,51.644196782400435,34.23136779295203,6.020627899980838,-8.156781772998926,1.0,
94895837,16,129.51613035505096,667.0983742576781,30.297044394769273,4.337719932371158,-14.849855072231662,1.0,
94895837,18,256.5580141217271,336.7659369198518,30.261064721046864,8.021218228186115,-1.0354331048907852,1.0,
71161253,19,89.20069763860894,968.6022899736076,30.917050950075463,0.38129738415938164,-12.941397027933704,1.0,
71161253,18,318.27000579783095,271.46761688527556,30.994736531131025,0.14508546501144792,-7.317656403471858,1.0,
71161253,17,67.67759102011841,1276.6411850314826,31.021376365435458,5.020417606802766,-6.887374929134182,1.0,
71161253,16,335.4884859204405,257.534918860045,31.23444019165879,5.376951760084864,-18.9051051205671,1.0,
71161253,15,175.17117417866683,493.2318368310749,31.26660007057319,1.4698364206046222,-5.055795513682881,1.0,
71161253,14,113.52479852106072,761.0671952346287,31.293930293848007,2.5920091163888515,-7.216215353490554,1.0,
71161253,13,116.96715504451917,738.668902112863,31.49361958066072,0.9828271382136791,-10.436728695130398,1.0,
71161253,12,262.5411961929371,329.091210266697,31.547770914455214,3.6195327228419956,-7.890324086979206,1.0,
71161253,11,935.275122967093,92.3792345998707,31.743447036299017,2.923500373606373,-0.4402064247565818,1.0,
71161253,10,66.69961096974352,1295.3598790732533,31.839566300417914,5.470176403367532,-1.0644153426812295,1.0,
71161253,9,5324.927031104499,16.225574453004075,31.929209851839914,3.496769873341975,-14.821912042916267,1.0,
71161253,8,137.89437475580283,626.5665307450414,32.039876690598135,2.1064696107513896,-15.761804892082694,1.0,
71161253,7,260.9531376121039,331.09393046819787,32.59881459148801,4.37262695981758,-4.91318570553932,1.0,
71161253,6,98.8303478007362,874.2253965775924,32.84896711812257,0.7370588105578122,-10.047445126013542,1.0,
71161253,5,66.8836845799745,1291.7948606238845,32.90813976486106,3.6535077543434795,-0.5090195877707515,1.0,
71161253,4,257.3995683033289,335.66489862245277,34.47435084662163,0.4116499124114057,-7.718000685770164,1.0,
71161253,3,168.9157050868099,511.49773169757617,36.119268359597754,1.6417579569920804,-7.785075296769264,1.0,
71161253,2,197.6044590944464,437.23709675349244,36.44665986800328,0.49139395437583744,-6.51320032509301,1.0,
71161253,1,168.2568969773056,513.5004956834167,36.58114256126942,2.92680897942779,-14.58325165371815,1.0,
94895837,20,64.576247300068,1337.953250806338,30.227204931489496,1.0218727462068955,-8.996842709922248,1.0,
94895837,19,444.6038438509305,194.33030369608932,30.25042364090052,8.915427575207104,-0.7231663755943032,1.0,
94895837,17,133.97208804376905,644.910453077158,30.293162704396536,2.3021885939092783,-1.57169029632081,1.0,
71161253,20,1171.0872000687914,73.77759742820581,30.91582540671152,9.531341020619209,-18.85802539370019,1.0,
55772685,12,77.67537048680697,1112.3216980944417,34.72348346969795,0.9554812533048676,-5.249224451202451,1.0,
55772685,10,1080.4887854091205,79.96381005221184,35.375861076669025,8.268795232846742,-4.489852321946188,1.0,
115232663,4,363.69987411805937,237.55850949773492,33.731130402424924,1.1091979823211773,-5.996876392115269,1.0,
115232663,3,127.16699187601478,679.4215914475529,34.70806667981742,7.851401584003668,2.002401847581581,1.0,
115232663,2,157.59434700771527,548.243015314313,35.36549089300024,1.5762541263198102,-12.051091505671053,1.0,
115232663,1,64.1845038149412,1346.1193101860104,37.92749212343472,8.471113358541174,-8.125661122779547,1.0,
56167454,20,78.47827861559067,1100.9415793026274,28.474377743710875,5.599284351887775,4.331044004079388,1.0,
56167454,19,546.5906364506783,158.0707649165818,28.668464996592775,2.6077634552704296,-2.249000606945458,1.0,
56167454,18,66.82910628731051,1292.8498494136768,28.668905246762847,3.919807867589526,-9.745393882672147,1.0,
56167454,17,77.16634140061383,1119.659147133192,29.283273729892585,1.4783569191870924,-3.6951275112033386,1.0,
56167454,16,137.41338619112722,628.7597038022693,29.651517029229126,1.6681662639901447,-7.469244727079456,1.0,
56167454,15,212.78983216183136,406.0344384044201,29.765877577912192,2.987855744658674,-3.007770685918331,1.0,
56167454,14,143.1148712447505,603.7108460394829,29.92476738762184,13.348148701268997,1.2291627454774527,1.0,
56167454,13,81.1595139061262,1064.5702006043957,29.935761137426084,2.14039938626766,1.8233098092739226,1.0,
56167454,12,475.24239103029083,181.80196386246416,30.01277295807688,0.9445783210540242,-4.8559592644809015,1.0,
56167454,11,77.2768923368015,1118.0573828388,30.304404045664683,6.727740472067154,-3.2723825146809986,1.0,
56167454,10,77.41556323053624,1116.0546587087272,30.318490106703507,4.798202554932601,-2.3740996726750154,1.0,
56167454,9,142.78218357379097,605.1175142264706,30.71059105546567,6.35488696394512,-5.879452418133781,1.0,
56167454,8,91.47899609168849,944.4791011195854,30.726888726604443,4.585876440303252,1.1482099403973507,1.0,
56167454,7,66.89491132157292,1291.5780631603423,31.116429794884766,2.76732936586356,-5.700754077520173,1.0,
56167454,6,548.2704698901913,157.58645549030638,31.148687189753332,0.7755958928839846,-1.753575251970119,1.0,
56167454,5,773.3378999226371,111.72347819580969,31.765852928878985,8.250559738465228,-0.2564091656286678,1.0,
56167454,4,77.02855942701797,1121.661895830483,32.49217041280292,5.452943706130213,-4.337437580608082,1.0,
115232663,5,62.875832557135766,1374.1368739966606,32.36392644737214,3.7923682777813497,-0.8216538760715366,1.0,
55772685,11,118.6682379744294,728.0802468695747,35.130568847564064,5.154325831870523,-5.196510159731844,1.0,
115232663,6,104.72007618923385,825.0566953739734,32.196684963346456,5.50353058035023,-21.26630827887692,1.0,
115232663,8,366.79205461914046,235.55581128853427,31.88455988384294,3.487233165926284,-3.6002334992729743,1.0,
55772685,9,119.53744725740377,722.7860556027447,35.52943686535821,4.026368019095088,1.117626075949147,1.0,
55772685,8,160.96345230226598,536.7678113523147,35.53060544985124,0.6920798941299324,-7.857625201721049,1.0,
55772685,7,118.8314419094463,727.0802963565806,35.5912475859094,3.3850680258533146,-10.361384326070038,1.0,
55772685,6,119.16011583570496,725.0748238540335,35.67724415589771,1.8174131231928925,-9.090806449357018,1.0,
55772685,5,1706.1100171099931,50.64151733095989,36.424603084274054,1.6225966531107474,-6.743441720643688,1.0,
55772685,4,1054.0880488180396,81.9665872285349,36.53798657593859,7.1168849075474725,-4.596147437213034,1.0,
55772685,3,1067.1437010340367,80.96379139592959,37.838615428658954,3.700471490067031,-1.9475540175571666,1.0,
55772685,2,122.3568780005117,706.1311257029513,41.49614591573402,4.000075729856263,-2.8901107099225953,1.0,
55772685,1,118.99555338638747,726.0775511455687,44.45173037419511,3.4954847109002287,-13.278061402914233,1.0,
115232663,20,167.8251631950739,514.8214865703527,30.212381160297696,1.3319603872911898,-3.3672155683019582,1.0,
115232663,19,65.54271155024662,1318.224375471004,30.215252160931527,8.651103407974972,-21.57082091445389,1.0,
115232663,18,76.43721077910914,1130.3395181396882,30.398308946355655,2.9905866361769142,-13.014902094780126,1.0,
115232663,17,6451.194177814069,13.392869229875807,30.64082490033593,1.803612604101204,-12.583507664576416,1.0,
115232663,16,77.45144617136263,1115.5375951126664,30.674026699048,6.692603707142041,-5.507997383053748,1.0,
115232663,15,69.07106594632336,1250.885574390054,30.76359909186624,3.0141245079692567,-10.776287075288963,1.0,
115232663,14,61.90477442570293,1395.6920253977473,30.85017637266219,0.8862753901495353,-7.205511461719823,1.0,
115232663,13,64.08915330457391,1348.1220385202657,30.966370998332764,8.37016967564577,-3.4249477170645832,1.0,
115232663,12,162.45703606590968,531.8329208280463,31.343509819100404,1.6193419001722305,-9.049826544018003,1.0,
115232663,11,1142.174969410079,75.64515272526474,31.35303310127756,2.269605141900911,-14.832797447855398,1.0,
115232663,10,81.9324611552497,1054.5270919701165,31.40911771168851,2.8038879325877133,-12.181664885238547,1.0,
115232663,9,398.79700189672434,216.65157859530458,31.808584240349205,1.1257800458791962,-12.175094188033,1.0,
115232663,7,220.94377913207126,391.0497065787653,31.996108884731825,2.7206225251212004,-8.675920621200078,1.0,
63357807,1,73.83972244106789,1170.1019064495613,36.40681067655646,0.8248295719513408,-6.2622582391685455,1.0,
63357807,2,321.99916257191325,268.323679198091,36.1376877240682,1.4113611636505539,-5.625011417715768,1.0,
63357807,3,464.2383530961382,186.11129266630755,35.239880167628144,2.1750493566166824,-6.012676177296726,1.0,
76530145,15,78.99111691028786,1093.7938768244865,32.98650519722105,5.195625005968765,-13.124600256950373,1.0,
76530145,14,53740.854117014445,1.6077154228303494,33.00428969098971,2.805953845694944,-14.611857738869531,1.0,
76530145,13,115.61835013639858,747.286221417891,33.022415898957206,1.6873386775075403,-4.784106108482689,1.0,
76530145,12,614.4804033766058,140.6065995355213,33.21502063994967,1.5672853211378026,-5.485736431779912,1.0,
76530145,11,79.0517646165018,1092.954729336482,33.28078925006287,1.845276290052709,-0.7598993649517354,1.0,
76530145,10,61.84611015757008,1397.015912235581,33.67090111384732,3.594970140395702,1.1253787583795258,1.0,
76530145,9,78.80696587985915,1096.3497837452135,33.907153676698954,4.405329480764834,-11.547072979522113,1.0,
76530145,8,2523.5438613076585,34.23756619598795,34.62674567190129,0.6664116400536102,-5.760240062850158,1.0,
76530145,7,78.95681189441537,1094.2691064519931,34.77940008308826,1.1353345506312564,-4.272558532948722,1.0,
76530145,6,115.77327935393264,746.2861938622725,35.163510173242685,0.23829893468302998,-11.058158403890758,1.0,
76530145,5,300.86896419099895,287.1682037139303,35.538205519184544,3.0496319254277466,-3.2289953281984367,1.0,
76530145,4,61.801873124159336,1398.0158793314124,36.977188341189276,1.851719687976498,-1.8358592093966593,1.0,
76530145,3,115.46340838387736,748.2890138904335,37.12007821742327,0.9132287257730525,-5.933825202218856,1.0,
76530145,2,90.67270441119064,952.8777217031666,37.26701097052671,4.280879929291643,-12.132659639357684,1.0,
76530145,1,90.76796273106213,951.8777044274527,37.31678388930459,1.5821771953356745,-13.25226607671621,1.0,
80119314,20,91.05776915158397,948.8481960959292,29.847058544322977,9.555916398796242,-16.046656885219278,1.0,
80119314,19,72.685134183299,1188.6887321706602,29.854478737911847,4.971912272735523,2.7177821518533847,1.0,
80119314,18,71.96268156166163,1200.622296515836,29.980418381481854,7.172059633946077,-1.545706803685647,1.0,
80119314,17,75.03988129945482,1151.3877488053504,30.07357674835032,5.14696079346713,-9.882736624489212,1.0,
80119314,16,72.81529414372397,1186.5639082561738,30.224248178493553,4.043641386274601,-1.7863794542314082,1.0,
80119314,15,346.2868297277193,249.50414680204605,30.429855396684275,0.8046117339033003,-5.4780507934921445,1.0,
76530145,16,78.88451733825487,1095.2719610303113,32.76812038774915,2.6622971724029014,0.032364414542797704,1.0,
80119314,14,93.09346928802383,928.0994752992311,30.456985786045607,3.112646137650799,-10.346890260888642,1.0,
76530145,17,80.5851802496161,1072.1574330710962,32.633697153741196,2.9531398799770443,1.4853760441927761,1.0,
76530145,19,83363.6940168805,1.0364224020891477,32.23464597791644,0.7929724217280238,-3.9030300638401627,1.0,
78896575,20,337.59618053477556,255.9270660679172,31.97435398709814,4.213114561827965,-4.677576790443894,1.0,
78896575,19,129.5830241932749,666.7540022150833,31.983975563442698,1.2728557474939208,-8.165917348121937,1.0,
78896575,18,66.8643959614503,1292.1675094442292,32.127557422046095,3.3082976180887016,-17.71010404210095,1.0,
78896575,17,130.16977210237897,663.748569307213,32.17753167903618,3.979320187856743,-2.6219187708964995,1.0,
78896575,16,305.5887639155714,282.7329084124007,32.19033623153615,4.075831491910961,-14.550753132815274,1.0,
78896575,15,63.89787830904703,1352.1575721516092,32.422960671163935,2.6962022287790433,-13.587150346214187,1.0,
78896575,14,63.94529812084181,1351.1548548373955,32.492890471235626,0.8216821100774183,-12.939626311405746,1.0,
78896575,13,473.722154060901,182.38539037989037,32.5441893153818,3.5916041619479557,-10.00528077819287,1.0,
78896575,12,99.88649705159766,864.9817798232424,32.56963977821516,4.399881387760544,-15.338382405467783,1.0,
78896575,11,225.96664707811954,382.3573129804879,32.84911201423222,6.02165619395943,-3.8529553941700243,1.0,
78896575,10,129.53936591879486,666.9787163707603,32.92651844696735,6.799471182238037,-14.027157491396466,1.0,
78896575,9,67.56483817354422,1278.7716560213846,34.46848842412186,2.4505170517757477,-9.190839150894206,1.0,
78896575,8,338.92051485862436,254.9270292358681,34.70450971499798,4.653463598901695,-2.8386703075092754,1.0,
78896575,7,80.24653898324478,1076.6819490874248,34.97084137759299,4.517522760577705,-5.254678958128338,1.0,
78896575,6,377.0329449619001,229.15769339130532,36.001023989949715,3.8701109329312544,-3.525794613866438,1.0,
78896575,5,77.06466553372474,1121.136378152319,36.027016723948975,5.255879519204385,-6.372982958149535,1.0,
78896575,4,67.61771198958161,1277.7717177610552,36.98398422565839,4.287941573726485,-7.0625287454830215,1.0,
78896575,3,67.51189814279266,1279.7744157223606,37.06219602951836,3.4241544018771464,-12.766006403154151,1.0,
78896575,2,340.2588357897991,253.92433909747206,37.10743422979141,7.2466425163615185,-1.2503763593633153,1.0,
78896575,1,67.67081730286633,1276.7689743321655,39.82922751466231,2.8507804261197265,-9.175057859963218,1.0,
76530145,20,2384.08418121516,36.24033105909969,32.21546016941693,3.465134477238877,-2.225436139392997,1.0,
76530145,18,114997.68939434337,0.7513194435039661,32.52566801341868,1.8790615977753475,-7.063315243344334,1.0,
80119314,13,344.90060660022345,250.5069528629354,30.510300168840274,0.33086474752545314,-3.429469475715507,1.0,
80119314,12,182.15458057974612,474.3224119042926,30.968243248869328,1.9133277644215525,-2.9953928836706893,1.0,
80119314,11,2220.1396583614087,38.91647071597657,31.005731233375684,5.893520751804118,-8.426786051621264,1.0,
55927487,4,102.0311476633078,846.8002367778026,33.24077432863942,5.565272129825104,2.254942362286755,1.0,
55927487,3,70.54799280933752,1224.6982027327695,33.365556077619885,8.606558431737852,-4.588692826598816,1.0,
55927487,2,62.86469440073209,1374.3803389743962,33.49607169723845,3.455512218104815,-4.620674034852868,1.0,
55927487,1,280.0632568247452,308.5017327141432,34.53373645695035,2.1492305650721732,-8.231457122018867,1.0,
63357807,20,69.1695778302566,1249.1040528254657,31.386454474549737,1.7610521513838648,-9.601269561834897,1.0,
63357807,19,63.94899599186326,1351.0767238784072,31.393298866338682,8.06087575727554,-27.691075022245116,1.0,
63357807,18,60.14515553358807,1436.5246749050289,31.410459401179423,5.665656748385345,-10.971521502316932,1.0,
63357807,17,117.15778935452548,737.4669706215535,31.462281831449218,1.9838638346094513,-9.853692505823119,1.0,
63357807,16,61.438680822696604,1406.2801942206124,31.679295688312095,0.7292597261057381,-5.0972616096347565,1.0,
63357807,15,161.1043131400704,536.2984908099913,31.695745580619132,16.763401911101425,-25.715504443216616,1.0,
63357807,14,194.01123343681485,445.33503792262917,31.866005516973246,4.07704568499264,-17.816693362158958,1.0,
63357807,13,73.90305783973102,1169.0991215460979,31.975990882495353,4.769350788651195,-12.767834708912801,1.0,
63357807,12,74.13837775432529,1165.3883267625095,32.026847888179645,4.297200001370129,-10.339085398195266,1.0,
63357807,11,153.45732565001103,563.0229748500363,32.20552040985103,3.3513376907218344,-19.64098815057946,1.0,
63357807,10,537.3533968447481,160.78804099374224,32.45463902393567,4.382051729774446,-7.334229393641635,1.0,
63357807,9,544.1309606424153,158.78530399739412,32.784086661237325,4.474253441452447,-13.446557382293122,1.0,
63357807,8,69.11409419731196,1250.1068125603872,33.48414256228034,1.3941687838064354,-13.0878091181022,1.0,
63357807,7,301.8283086417835,286.25545558929474,33.70094559592849,3.696314863177122,-7.1535512906335725,1.0,
63357807,6,459.2959778797756,188.1139921991999,34.39816734895453,1.527918421071604,-9.662138633224629,1.0,
63357807,5,150.36079161399803,574.6178845732844,35.00784979903574,3.7187805326794887,-18.553785775449455,1.0,
63357807,4,60.061419343086364,1438.5274431571597,35.16878474606415,3.7672595391453,-10.914710373888965,1.0,
55927487,5,295.67648684783063,292.21126414582164,32.7979158517137,0.4731530897093421,-5.901955298618475,1.0,
55927487,6,114.3096348675502,755.8417984635424,32.34364717920221,1.3080508157744646,-6.3551743533030844,1.0,
55927487,7,234.15924775853114,368.979661606605,32.29000780374952,3.5839695574830444,-10.213110329201669,1.0,
55927487,8,294.66819155081294,293.21115233132,32.19356207288365,0.8198209235820855,-7.273962708580996,1.0,
80119314,10,75.2248351829843,1148.5568534624522,31.137327399464482,2.9614568240066887,0.8807199186143464,1.0,
80119314,9,182.5405184740982,473.3195715791715,31.289964364142577,1.4363095025423291,-0.7755272828983664,1.0,
80119314,8,93.20984881753603,926.9406730734354,31.386075680215185,9.295357722471948,-10.236793765653857,1.0,
80119314,7,1769.659457531269,48.822952705562194,31.598827843205527,1.560253383913988,-8.7251507291937,1.0,
80119314,6,72.74650480017537,1187.6859271428764,32.33067313395537,6.208642537280312,-1.6344994184673851,1.0,
80119314,5,117.63974779314532,734.4456412123861,32.73782196334764,4.369603501900372,-8.409432650888078,1.0,
80119314,4,117.96140492863594,732.4429549840484,33.08054758328484,6.4253996496171055,-11.490373616258324,1.0,
80119314,3,63.22938859389237,1366.4531940191146,33.67428703357888,12.78188159721229,-1.088796841539164,1.0,
80119314,2,72.62403967242031,1189.6887089966058,34.46511696195853,8.527348622171985,-0.05957626691066764,1.0,
80119314,1,805.5794139706171,107.25199589466095,38.68718407932755,3.8634596884331103,-5.848514650604187,1.0,
56167454,3,360.5926951587285,239.60551935742288,32.63444374458561,1.8381110238684641,-4.326695138041998,1.0,
55927487,20,233.52460719846786,369.9824229939519,30.09675258859329,2.053194950237355,-11.9503816086889,1.0,
55927487,18,181.19002009756733,476.84745524877843,30.265419381156562,6.316568751956481,-4.651873420899051,1.0,
55927487,17,1397.5288744391198,61.82340957690447,30.451894789252492,3.8919367780843857,-3.7871413521932027,1.0,
55927487,16,293.6638425842008,294.21395306855646,30.80520899546036,0.5223567983362045,-8.501389425193167,1.0,
55927487,15,144.5995609765634,597.5121875646888,30.875380020851026,0.6453325890300334,-9.042763440006155,1.0,
55927487,14,70.60580226736442,1223.6954644722734,31.074659181381094,4.411508719577114,-1.4929274281701623,1.0,
55927487,13,71.16979673901596,1213.9981278411421,31.529446297835193,2.261322685670393,-7.832783217301767,1.0,
55927487,12,101.53054171034586,850.9754655548728,31.98764431436723,0.6576174207592658,-9.851245090312148,1.0,
55927487,11,68.18626654184585,1267.1173299534796,32.05206916388431,6.814462983976398,0.22006465009940257,1.0,
55927487,10,101.9107985888278,847.8002448846652,32.11562562698441,3.0289283577733386,-3.4448916974365034,1.0,
55927487,9,279.15583458522485,309.504546549689,32.13098803890648,6.727753934897692,4.499723967943368,1.0,
55927487,19,128.20156830627127,673.9387133985127,30.188355651363622,8.479886913042805,-8.475116371602411,1.0,
86742313,1,395.36635065602235,218.53149580544337,37.361688220289125,2.3547585644437277,-13.927743463425486,1.0,
56167454,2,142.70317876503458,605.4525256389727,33.62346519817925,0.5420106118179149,-3.53160687061893,1.0,
55186785,20,3996.243174363504,21.62030592989658,27.641862111158616,6.806396695214232,-1.2107233734379292,1.0,
70157423,13,86.92583024746759,993.9508170819811,30.230844914555973,6.61044754633599,1.5825028459922237,1.0,
70157423,12,233.9092435713427,369.3740302043594,30.260633496401283,3.5576067794695803,-2.474981362636754,1.0,
70157423,11,171.561219907315,503.6103150040383,30.488001668204788,0.46936534848757105,-5.130904909687729,1.0,
70157423,10,64.92160071733637,1330.835947440343,30.642344596544717,3.4710720813355067,1.2288584072139201,1.0,
70157423,9,138.22428239937597,625.0710692811675,30.90312192370891,3.9790158337070807,-5.977244832303256,1.0,
70157423,8,87.0121006422803,992.9653388693978,31.0749330316753,9.078275993973136,-1.6787209004775718,1.0,
70157423,7,204.78166878153297,421.9127645266629,31.21437592746497,3.39522624482737,-1.8214069450150419,1.0,
70157423,6,66.64907626548623,1296.3420476502786,31.24642167545278,2.6893722347158757,-1.6362441961363174,1.0,
70157423,5,61.17355834076647,1412.3749270675082,31.99096861590931,11.195535158057368,-20.085224301275133,1.0,
70157423,4,338.12196478590886,255.52909600151682,32.1823928480826,3.2823407655720303,-4.112787745183056,1.0,
70157423,3,171.22122088871703,504.61034883143685,33.16592308983354,0.5575612372612113,-3.7428067796977302,1.0,
70157423,2,66.59755882569331,1297.3448505242645,33.43656110012648,4.9157281680035965,-2.5430347637771433,1.0,
70157423,1,3388.049308327493,25.501399813644174,36.82387920714166,1.79233789592638,-4.4529363668679025,1.0,
84324624,20,20253.875291265646,4.265850300621701,56.15159353882643,4.988286110853181,4.210886298834112,1.0,
84324624,19,39032.01276778834,2.213567630089081,56.338971854081706,9.407687059762765,-16.016856158391647,1.0,
84324624,18,11692.197685880765,7.389543208317004,56.37576813502176,2.490264627977865,-15.450152638557483,1.0,
84324624,17,16230.730194920603,5.323235551474993,56.61729586903061,6.219045815600396,5.091278699534456,1.0,
84324624,16,111187.97927023056,0.7770624177818178,57.0202023672025,9.134972527859276,2.0626735402335044,1.0,
84324624,15,107076.49372460502,0.8068997871952751,57.19131710283034,2.9507852122750933,-14.401871320261534,1.0,
84324624,14,49088.012959459826,1.7601038378016016,57.23143865961288,4.147648260582855,-8.942079784306202,1.0,
84324624,13,16479.820955145868,5.242775406065402,57.68627688131585,0.8492583145203696,-8.170961924502706,1.0,
70157423,14,11405.399781427464,7.575359185628339,30.099002618315808,1.4937227897629555,-7.056831573567081,1.0,
84324624,12,16047.342921222593,5.384068903128885,57.7909364175199,2.4241300452434587,-7.308251318938119,1.0,
70157423,15,61.461548445779776,1405.7569681346454,30.01524614863274,6.381405844624396,-8.73201763603447,1.0,
70157423,17,4289.916902577068,20.140250257084748,29.927098155981298,2.0373084102543544,-11.897522047151028,1.0,
87504241,18,670.0339674369811,128.94868648301207,28.1576886122175,11.951174688499776,7.258902436086657,1.0,
87504241,17,92.93622311931651,929.6698004294304,28.23891452205703,2.7400130598448413,-5.233277734074562,1.0,
87504241,16,71.7915406175637,1203.484411349467,28.659420368856445,2.239680847493929,-11.841913238454623,1.0,
87504241,15,93.03574473550682,928.6753198529047,28.78005437167758,1.3061226831799502,-5.492145216005525,1.0,
87504241,14,617.0849976818592,140.01312675655726,28.79765682499078,1.5371995721046972,-0.8896115747625686,1.0,
87504241,13,200.3744850278112,431.19262409087673,28.817378906075646,1.2391397749667306,-3.676202513796426,1.0,
87504241,12,135.89524227931673,635.7838475493861,28.9328599079156,1.505650485946802,-10.357860850589361,1.0,
87504241,11,109.15070263460692,791.5661366764884,29.07703082889452,0.4709639127897276,-5.451392818203345,1.0,
87504241,10,164.7555404168417,524.413320373947,29.112419897984182,0.8203738067687425,-8.347961643237909,1.0,
87504241,9,92.73644421109418,931.6725558651931,29.129611157835825,1.8045412862654757,-5.840836904693987,1.0,
87504241,8,60.95899458908911,1417.3462108816425,29.21853728560609,3.1967300165131576,-9.702945179081581,1.0,
87504241,7,170.15833849361275,507.76236277861403,29.484259499968175,3.48185044877917,-2.5843538367782344,1.0,
87504241,6,72.38404666096683,1193.633182801747,29.514700334625104,0.9595950950774466,-8.990720238485011,1.0,
87504241,5,69.34560044265379,1245.9334038278255,29.82810063576244,2.0469137094550547,-5.9687436152377416,1.0,
87504241,4,92.83553703768155,930.6780868292991,30.648796303487416,0.9126326401228937,-6.146894425823945,1.0,
87504241,3,92.53670885331037,933.6835194448258,30.828965620498366,0.3178468185497252,-6.977650920637444,1.0,
87504241,2,109.28912794527052,790.5635411718824,32.760782193076466,0.9769305989878774,-3.59928960928616,1.0,
87504241,1,92.73562658194646,931.6807702124281,34.85727705690283,0.33394636076363327,-8.67122466442865,1.0,
70157423,20,98.11003662210068,880.6438461825747,29.766099766447724,7.580366665036223,1.1729911256149705,1.0,
70157423,19,85.01567796509127,1016.2831382168963,29.847288622888755,5.932477446516202,-3.744528243120527,1.0,
70157423,18,4086.4634765382857,21.14297619348624,29.896043742721417,3.3777401479634364,-11.611321580455922,1.0,
70157423,16,659.8775912831205,130.933374827893,29.95850470751907,9.86815031050449,0.12608196013306383,1.0,
87504241,19,84.6497951227317,1020.6758312259435,27.97053645387473,2.4655397511347417,-5.503214283239032,1.0,
84324624,11,26089.37499066451,3.311692979648469,57.87806301312685,5.829490975171751,-16.18178523967555,1.0,
84324624,9,382867.666938937,0.22566543863778346,58.191432926910124,7.505853350115899,-1.059996664536527,1.0,
63596789,3,686.3129876749102,125.89008448274562,34.52219028787249,1.667653743449364,-8.866401202446127,1.0,
63596789,2,210.66761435959376,410.124737314971,35.757395857823894,0.3162454700776607,-14.994328429869483,1.0,
63596789,1,106.92626705763023,808.0334456400021,36.34581209110638,1.4922316986151145,-13.31690949341629,1.0,
86742313,20,75.60587797186767,1142.7682915361254,30.81178837626544,1.3201654791253645,-13.54513353966513,1.0,
86742313,19,71.9364914619419,1201.0594101007837,30.93733371224539,6.892121553171705,-3.9385260904958272,1.0,
86742313,18,204.2604244830964,422.9894274362974,30.94718039371901,0.8760120076878479,-10.276666820343621,1.0,
86742313,17,467.3381682966817,184.8768319414271,31.196601992908427,1.1394808957373357,-11.017426088023171,1.0,
86742313,16,266.8902928447851,323.72852185466144,31.26377748593518,0.1489355305591289,-8.040442536450826,1.0,
86742313,15,102.59225029378061,842.168874867128,31.295144643938784,3.6589940010163104,0.806633474281,1.0,
86742313,14,388.25248639167677,222.5355999725343,31.41870074075814,4.675164601543656,-10.941368580924916,1.0,
86742313,13,404.6188645175249,213.53428516741297,31.817285690479594,2.1886515949559,-4.226355909502388,1.0,
86742313,12,691.4508718861733,124.95464755769831,31.919414747227393,3.5328655262470647,-13.476940081826797,1.0,
86742313,11,315.6988856095785,273.67850802884993,32.02565544046206,3.9362789184299345,-2.278230751583294,1.0,
86742313,10,208.99052600205877,413.4158693832316,32.05418054897086,4.6531002485083945,-4.265228345185619,1.0,
86742313,9,391.7783425935092,220.5328641395693,32.14458768011332,3.7670831553969037,-11.91108338923641,1.0,
86742313,8,63.60752041212149,1358.3299496695208,32.812931317241464,6.714138676440996,-11.787515514364486,1.0,
86742313,7,61.999973145981365,1393.5489906837188,32.83648324249884,0.6508240643818226,-9.085519795980531,1.0,
86742313,6,360.7667411812356,239.48992558766912,33.12810398183069,2.4910771637261178,-13.019352588138759,1.0,
86742313,5,410.3949327891197,210.5289151910567,33.43741674598482,4.202101749504891,-3.5320783759383403,1.0,
86742313,4,6079.81731559736,14.210953309130957,34.209586805160825,1.0894473990517781,-8.834810969663977,1.0,
86742313,3,101.73544902695639,849.2614995694075,36.314433654942604,5.876161278398968,-26.738706857914053,1.0,
63596789,4,71.97746193640148,1200.3757520144586,33.78529052388308,12.147058255116235,-21.998776417524027,1.0,
84324624,10,387406.6209569777,0.22302148524610502,58.180595702488176,4.944436617610165,-7.76236971196596,1.0,
79815331,2,163.02629533809633,529.9758534095197,31.42950255030621,2.8600543833254335,-12.27074763966607,1.0,
63596789,7,13252.141028963853,6.519701217423232,32.353695860562084,3.6524474255745645,-12.173016878130625,1.0,
84324624,8,69375.28232794898,1.2454003371340852,58.420715614022356,3.5065178653137536,-11.58897360287915,1.0,
84324624,7,37419.888168928686,2.308932608509011,58.81262941601301,5.889212724770658,-10.999234397886482,1.0,
84324624,6,16257.53294464197,5.314459475136727,59.0910210948864,3.16961360937529,-16.35379048666374,1.0,
84324624,5,26761.505677150097,3.2285178959034178,59.17034125646785,5.144610201301248,2.374151235922369,1.0,
84324624,4,13527.92743106797,6.38678766132168,59.418198073961435,2.62577515771639,-10.222766777120256,1.0,
84324624,3,356045.06952510314,0.24266590776061378,60.15076902165845,3.9590502823305656,-11.649069117305203,1.0,
84324624,2,38770.9257356295,2.2284740010889292,63.19708408131294,5.051086774652845,-4.136221032669596,1.0,
84324624,1,70487.33155049806,1.22575217559629,66.0448768069042,5.621404729234314,-5.087823891382868,1.0,
63596789,20,687.2689714130828,125.71497273091542,30.992924764248073,0.5831140890080633,-14.718143965902982,1.0,
63596789,19,93.22332150470086,926.8067110829473,31.145806201516507,3.969306847602752,-19.364806217779062,1.0,
63596789,18,210.83122527997696,409.8064690619885,31.22448311191124,3.0734937646685125,-7.718356872128311,1.0,
63596789,17,161.11260708292878,536.2708826102461,31.28217097170659,5.553891561113915,4.389469903193913,1.0,
63596789,16,381.17479203967747,226.66766482030744,31.48369030359595,1.414809434429742,-4.886029881343575,1.0,
63596789,15,131.02826586993413,659.3997060585798,31.70432647574512,8.059035829817162,-22.210607734944517,1.0,
63596789,14,316.79919143026376,272.72796881181125,31.774878665665483,2.2818249057446565,-19.87017320332086,1.0,
63596789,13,216.26421793455393,399.5113053151791,31.920233917062205,4.640871935192422,-15.797358689182431,1.0,
63596789,12,746232.92524977,0.11578154363944909,31.971985048190618,1.7539667586681844,-9.3215217204189,1.0,
63596789,11,93.11133195945024,927.9214267671199,32.10555402409068,1.5374286148441456,-18.659929493428876,1.0,
63596789,10,107.1919504585043,806.0306732961894,32.191961213471814,0.7064029315902758,-12.080929835749657,1.0,
63596789,9,202.89755069856548,425.8306702201648,32.22157946937568,4.70698599160653,-9.96357624868989,1.0,
63596789,8,81.88286575594596,1055.1658054753175,32.25107802644834,3.2453230018486465,-14.426608822115952,1.0,
63596789,6,211.70141787434946,408.12197134778165,32.675651930898084,1.416814203580202,-12.576549515605222,1.0,
87504241,20,82.79640142622856,1043.5236134867798,27.874817694137164,4.209327238760949,1.6580194079090518,1.0,
80474157,1,108.90487765554654,793.3528952970605,38.110513449900736,1.000285052453421,-4.8497800530763016,1.0,
80474157,2,213.2905875329424,405.0811664938363,34.1092930067357,1.517787753398295,-2.561589512050091,1.0,
62889403,14,72.37698238401501,1193.7496860753631,30.186285787266,3.277280343413281,-16.811142709631767,1.0,
62889403,13,68.87903678693107,1254.372941759739,30.582975489370824,1.981419382775755,-4.077875881399137,1.0,
62889403,12,76.5579961434762,1128.5561842303061,30.828116534008586,7.164164441775412,-12.033814009455199,1.0,
62889403,11,99.65992708730333,866.9482561863861,30.846813476760303,2.549321255711334,-19.702403282632673,1.0,
62889403,10,86.0625210329066,1003.9213232780429,30.96848704630031,8.794833415413024,-8.632971795074354,1.0,
62889403,9,462.6263808132806,186.75977761603627,31.289114417991073,3.5338968350267095,-12.083579827781548,1.0,
62889403,8,850.1621606899611,101.62767057273034,31.338964463387697,5.551653422681767,-17.4832110151159,1.0,
62889403,7,94.53565482743562,913.9408846081792,31.365955349055866,1.1771249232520518,-23.261985088279516,1.0,
62889403,6,103.35958285524576,835.9166863221815,31.52623865773569,3.0104296001655086,-10.634275832224375,1.0,
62889403,5,86.14833247067357,1002.9213279248569,31.849244639098742,8.29974996543939,-12.947639233409205,1.0,
62889403,4,75.61265397655318,1142.665882707832,31.898178594199692,2.421901666266834,-8.177358658471235,1.0,
62889403,3,77.64017724020823,1112.8258985382022,31.94485315308293,4.292798486207403,-16.440002267196192,1.0,
62889403,2,401.48900046318704,215.19892176453814,33.17517157892405,3.524835690535795,-13.569642892092972,1.0,
62889403,1,97.88733292578114,882.6474010228585,33.36632732649434,3.8269065217228047,-22.8612058261305,1.0,
54466325,20,77.38688396937927,1116.4682639785196,29.719759807800756,1.9881348836447046,-4.593167091506615,1.0,
54466325,19,109.35606272459215,790.0796521688435,29.777002071770767,2.58685774170425,0.37651458098824264,1.0,
54466325,18,68.65511799162412,1258.4640814475147,29.81718735703589,1.8898634331239066,-4.902044423106759,1.0,
54466325,17,60.6873091681221,1423.6913974987096,29.91996410016077,1.6957075981473224,-8.061222223376603,1.0,
54466325,16,71.73875856879691,1204.3698793190445,29.94853711007113,0.8793179032716409,-4.781848955714935,1.0,
54466325,15,87.97899917875742,982.0525444310957,30.132022522556326,4.788734803515069,-2.2290199173859833,1.0,
54466325,14,77.45625821108575,1115.468291336002,30.136163568748316,2.002241213567288,-4.312641390647684,1.0,
62889403,15,53006.40210093717,1.6299917854351487,30.136535660637946,2.041310332888429,-11.705045603402183,1.0,
54466325,13,68.71536027956634,1257.3607945659346,30.253125136482595,1.0414977410017343,-9.788468603336725,1.0,
62889403,16,83.93476075467585,1029.3708973869543,30.11935937049668,5.990022944341177,-0.7819553463038744,1.0,
62889403,18,327.6544555103084,263.69243130063813,30.056675463408624,3.028635320015127,-4.751271423208365,1.0,
55186785,19,134.42554128797426,642.7349979190998,27.642339937131737,1.4789001236596846,-10.823717517118155,1.0,
55186785,18,95.98107120663872,900.1774924348206,27.734114440855365,5.407482933649192,-16.602878802981706,1.0,
55186785,17,96.51951886945008,895.1557261372438,27.807984776580724,1.5188755015367974,-5.407939276370428,1.0,
55186785,16,63.812180971267736,1353.9734684652562,27.824941426838905,4.198937226005171,-1.3430799872936632,1.0,
55186785,15,236.14120639409802,365.88277547717075,27.942075225699,14.53879346463242,0.7249287998341174,1.0,
55186785,14,69.24900116316806,1247.6714255620795,27.97709836739955,13.345807837169843,4.113422678577479,1.0,
55186785,13,312.17024079820334,276.772058025389,28.019086272868662,6.692404647773685,-4.981230636100975,1.0,
55186785,12,111.73744252951249,773.241252386636,28.04013927994879,8.63203781694557,-16.205759176167362,1.0,
55186785,11,204.69693319670012,422.08741797306436,28.181921025539623,8.110683190932662,-5.329891136535878,1.0,
55186785,10,65.21895041976273,1324.7683295102363,28.51610571171409,2.1754579926957263,-9.13606203883836,1.0,
55186785,9,931.9472530035506,92.70910957840532,28.573049601546018,8.049324469646194,-13.277144995684068,1.0,
55186785,8,642.093674705622,134.55980552932786,28.676697540577152,0.9634042495208064,-7.312012493661825,1.0,
55186785,7,235.50972631884758,366.8638291525436,29.399409987398258,1.4326868509267001,-5.972967088796793,1.0,
55186785,6,89.75372634320048,962.6341269623001,29.541702927930146,0.7480466099610794,-10.201095001844521,1.0,
55186785,5,89.8412637731533,961.6961780297037,29.80714017513219,6.688605751559237,1.5211043566380908,1.0,
55186785,4,6369.856587941055,13.563884650647573,29.848296415156028,4.378738729064253,-16.056548304594287,1.0,
55186785,3,96.62776444253188,894.1529434988148,30.879206609336734,1.611641694817024,-10.406175171548966,1.0,
55186785,2,117.79075250377137,733.5041008183871,33.26148366531561,3.642757461934764,0.12719253185281332,1.0,
55186785,1,65.42072377932351,1320.682423071985,33.54805175114166,6.477944032074674,-4.032000767646252,1.0,
62889403,20,465.11723264007713,185.75961916005622,30.015519177010276,5.549010464895048,-25.34445092113259,1.0,
62889403,19,79.81065926039537,1082.5621640100205,30.04939157931409,3.9884634344544168,-20.5608456236927,1.0,
62889403,17,79.07746525610331,1092.5995126447422,30.06978614924998,1.3068511635004256,-9.042238291174954,1.0,
54466325,12,69.61026541298422,1241.1962443671998,30.282843582522673,5.02700976772482,-12.799771164134086,1.0,
54466325,11,68.66028498298147,1258.3693764366926,30.438669503873143,2.0608595063177404,-8.445457408798461,1.0,
54466325,10,68.70667207601792,1257.5197923195283,30.470993113807708,7.0691734687824805,-10.490398828343928,1.0,
60956312,3,72.35625380201796,1194.0916708652262,36.04890361671278,8.671001713492274,-1.555769124047174,1.0,
60956312,2,272.7781247636092,316.7409412865297,38.52062476721949,1.7030181709649241,-11.322005466010523,1.0,
60956312,1,2069.337804218654,41.75248711151011,40.2638229918507,2.841487113174594,-16.205819083561437,1.0,
80474157,20,1147.923432236113,75.2663440554532,28.294231505984158,2.324695774363846,1.1906376970788415,1.0,
80474157,19,635.3844287749988,135.98066947686533,28.38700103449105,3.6002309438295015,-3.4912338376117305,1.0,
80474157,18,101.22495115548102,853.5444968236145,28.405310528110476,2.8534187864772775,-1.39032651929665,1.0,
80474157,17,74.83716883252242,1154.5065286121921,28.46261925582212,3.816486735476758,-9.57581611108401,1.0,
80474157,16,204.46356281790736,422.56917960950693,28.765111434879145,7.3155938420411815,3.7428442993338535,1.0,
80474157,15,100.98962267061394,855.5334470532758,28.813658172011287,4.707740453552134,1.7140230316202292,1.0,
80474157,14,60.80258698202911,1420.9921697169973,29.12244292407422,1.9199672848199612,-0.5999392440602094,1.0,
80474157,13,72.13464406444601,1197.7601209594816,29.323003357859875,9.463596986011765,3.9359718597429776,1.0,
80474157,12,74.58562210591792,1158.4002058373217,29.41533284017612,2.3580243767331694,-9.958117771513997,1.0,
80474157,11,119.9213830466614,720.4720109538911,29.536478916608303,1.6560960220525658,-5.889855360561228,1.0,
80474157,10,626.1620339120997,137.9834536760317,29.956145943768888,3.518252092086726,-5.472592140296712,1.0,
80474157,9,179.37320418507414,481.6772961855216,30.06422634589819,2.2316351656412508,-9.550400967783844,1.0,
80474157,8,65.89718205115697,1311.13345534148,30.099804032052134,4.1151047116362065,-14.256360752972512,1.0,
80474157,7,604.2542145580201,142.98617687457426,30.23654921076991,0.8878519336442992,-3.5479895788382976,1.0,
80474157,6,111.19850533084853,776.9888609827477,31.53753339694981,2.6647539491647763,-0.3155238506392095,1.0,
80474157,5,71.89518905507559,1201.7493956906205,31.784074698220593,4.832757652590146,4.305961579921643,1.0,
80474157,4,70.20742858516073,1230.639004178851,32.559861368701036,8.631417445142318,-7.476590282658577,1.0,
80474157,3,109.18049460329975,791.3501428430857,32.6748462828599,0.49016239509168713,-4.548136812673079,1.0,
60956312,4,85.70727424008899,1008.082461681963,35.87073858888107,2.4308745668863594,-16.00655655776859,1.0,
60956312,5,76.13284538017902,1134.8584118792703,35.50300961247922,3.5025190777880653,-4.957993572078976,1.0,
60956312,6,101.50445991482445,851.1941255832594,35.41834421923204,1.7826873854123733,-2.1723844136963635,1.0,
60956312,7,131.02924194427598,659.3947940013583,34.75743746077387,0.9523975260648285,-12.89236616836854,1.0,
54466325,9,71.85825053088062,1202.3671514639805,30.54741627159251,3.616037749221249,-1.6326563977437445,1.0,
54466325,8,68.60045242822412,1259.4669122685357,30.967919180725403,1.1662047797642572,-8.67826782755455,1.0,
54466325,7,67.10610709465249,1287.513219596149,31.012955255932866,0.358459617004371,-9.616893433938145,1.0,
54466325,6,74.30908288029535,1162.7111606152096,31.32377030955695,6.475499477462279,-11.071133882471457,1.0,
54466325,5,109.49465520167777,789.0796116108149,31.414569811871615,0.6861718048415923,-3.2965537497962885,1.0,
54466325,4,573.3159411666703,150.70224599752132,31.471784353109342,6.340641333894496,-9.7397171125574,1.0,
54466325,3,68.65393867226669,1258.4856990135363,34.08735268800319,3.1863206401683897,-4.724655687749021,1.0,
54466325,2,68.66127313408954,1258.3512663866318,34.97721331574962,4.924327683263641,-0.45087625350041094,1.0,
54466325,1,645.9537275454787,133.75571084372598,35.56129373346448,1.9684313125613642,-4.23083690842185,1.0,
60956312,20,283.3016259291843,304.9753057950929,32.139005191091655,5.692463487907162,0.37653617923194815,1.0,
56167454,1,541.3900315127959,159.5891962742168,33.94030291636716,2.3297846152020156,-4.631465185832155,1.0,
60956312,19,88.65535038124206,974.560470726883,32.14559716917029,2.0066325242730727,-12.788655270434674,1.0,
60956312,17,505.01144675024364,171.0852309506751,32.53090851458455,3.2637761600888098,0.7541923933524686,1.0,
60956312,16,77.27589287245048,1118.0718434739993,32.53392060864553,10.5612329895431,-10.76343409661797,1.0,
60956312,15,315.5069823319796,273.84496964662753,33.11811142763281,4.526324442955456,-10.014938209743946,1.0,
60956312,14,750.9454824773218,115.05495673929863,33.20052085418138,5.573721626444694,-13.187644721248034,1.0,
60956312,13,65.8454506295772,1312.163546211496,34.01989350270833,6.842780356058256,-10.319262743182094,1.0,
60956312,12,97.16441050706514,889.2144721417063,34.20137373273883,1.8741249515406935,-6.452213956690912,1.0,
60956312,11,233.44371889897198,370.110621984186,34.5420193996315,6.18200396106613,-5.081411112137175,1.0,
60956312,10,2120.257412069627,40.7497691120736,34.65725627766187,0.7011130881420513,-6.454530832744581,1.0,
60956312,9,149.30298672998836,578.689026203158,34.66854769423162,1.8931292284429446,-6.385659280612231,1.0,
60956312,8,62.329690218999424,1386.1772727640387,34.722239786044156,3.431739737752423,-6.076084243007131,1.0,
60956312,18,85.53733858410541,1010.0852029087434,32.38750898319768,1.5512788628391263,-11.108712734828714,1.0,
79815331,1,75.89072834274646,1138.4789932413134,37.02889412227438,2.1555152682755363,-12.837431151286836,1.0,
116283878,1,110.78647774885664,779.8785714251276,33.11505346375543,4.959516652440669,3.070368069208101,1.0,
63766545,19,135.96563080230655,635.4547063855073,27.942077974143785,3.448819417953132,-34.666083505380925,1.0,
71872212,14,90.35287988103426,956.2506487204511,31.116260073158173,3.720518071933725,-16.62197840864667,1.0,
71872212,13,60.48573630207687,1428.435946757803,31.18934027481282,5.361416817734607,-0.5401720233135165,1.0,
71872212,12,114.41882071205053,755.1205252974644,31.39104227971461,2.0349276067317987,-17.047177468189147,1.0,
71872212,11,119.39609347480972,723.6417665392775,31.471749812759754,1.1195382381180252,-7.932241827223379,1.0,
71872212,10,97.90921753619055,882.4501121976962,31.7021356168666,4.161247436468443,-7.748518782434303,1.0,
71872212,9,96.09026345752615,899.1545749917791,32.19659555610497,0.9978754661667608,-13.124465506625711,1.0,
71872212,8,105.84198488670408,816.3112217943071,32.582008006327214,7.388462640526313,-9.351129968319015,1.0,
71872212,7,90.16404728647512,958.2533459870568,32.754596307712745,1.5629471938741517,-8.234552180740366,1.0,
71872212,6,90.25850553768872,957.2505049280087,33.0818549678138,2.4261296499707896,-9.942899082596114,1.0,
71872212,15,121.51623077043922,711.0161288924556,31.09869268474813,0.5010026238035152,-9.140578789811002,1.0,
71872212,5,105.97179510377943,815.3112808496587,33.523086251006134,6.854203566047886,-12.807116805212104,1.0,
71872212,3,106.77714793245849,809.1619009589207,34.21993212146572,6.424572412251678,-16.17949565765707,1.0,
71872212,2,70.62705485483166,1223.3272387980553,34.99043574968891,1.4755009137167008,-16.228233157688578,1.0,
71872212,1,62.48153968079398,1382.80843336129,38.184106276482225,5.613684568713893,-2.5557178250780908,1.0,
68457878,20,65.94999787405287,1310.0834387440202,31.02359659681656,4.726042475472809,-0.6403883115604572,1.0,
68457878,19,135.778051140219,636.3325977537716,31.02622329611131,7.5330539041555085,-9.60985121268402,1.0,
68457878,18,88.06452794815938,981.0987694257643,31.054658950491785,9.688052225113893,-15.657409941421633,1.0,
68457878,17,152.81069490825925,565.4054518361474,31.094467617112286,7.6183819648571784,-11.17739232910867,1.0,
68457878,16,448.05412063026756,192.8338475683765,31.17726068938532,2.9164178913937917,-2.279739480421938,1.0,
68457878,15,98.50943392195956,877.0733579531803,31.212369567120277,4.74489294881306,-10.365652727713496,1.0,
71872212,4,106.10229016180833,814.3085306475299,33.53687801591059,6.150059085908879,-4.289636123957166,1.0,
71872212,16,150.6401744488397,573.5521770080205,31.005045402500855,1.4947048344263294,-7.913438211398898,1.0,
71872212,17,157.55910174510663,548.3656548117085,30.886395128671666,3.1602674817612524,-10.078325366032459,1.0,
71872212,18,137.36828873568695,628.9661230784054,30.87631410296399,10.307824440482136,-8.707424428377522,1.0,
67201064,19,4194.735891842952,20.597244314716622,25.733317202852618,4.080573279383657,-4.435034590048247,1.0,
67201064,18,97.61320921082918,885.1261084285179,25.78563995527952,0.6005854416918908,-2.7813712680173097,1.0,
67201064,17,110.10506395386786,784.7050525868649,25.928416986283537,3.1716459731451607,-3.5497281843168196,1.0,
67201064,16,202.7502530056553,426.1400354335935,26.122392694911127,5.433003494771043,-2.2332998836320996,1.0,
67201064,15,1325.0085671968693,65.2071255529948,26.279948538003964,3.4885114754176385,-3.458882851395728,1.0,
67201064,14,88.66764397023209,974.4253498943381,27.129214474157607,1.7254249076240598,-10.09922873959411,1.0,
67201064,13,1304.9900852789958,66.20739956160541,27.271553884420655,0.5403660445385015,-2.6801763787274098,1.0,
67201064,12,82.41008659909255,1048.415352605046,27.28315789739213,1.6391374319123884,-1.6286171501510296,1.0,
67201064,11,118.47579349782752,729.2628937031285,27.703435143166985,2.5273291865081404,-1.0282433619861138,1.0,
67201064,10,4914.308694477805,17.581313135067692,28.52460982012076,3.542511752330995,-5.225841495457971,1.0,
67201064,9,1345.698972431375,64.20455225873782,29.049806535661446,2.6088358935904523,-3.8030411809011326,1.0,
67201064,8,4194.235616857644,20.599701088021277,29.524313519537372,12.589245094587426,-12.868430195178746,1.0,
67201064,7,4409.348458804771,19.594731694990642,30.285100821194874,9.752921424830518,4.785302874943213,1.0,
67201064,6,4645.952918349631,18.59683072954851,31.90311811120432,13.209105925332295,7.479075525291293,1.0,
67201064,5,5207.440651322343,16.591643723881933,36.14863254163629,2.5559761125088016,-9.669303374779076,1.0,
67201064,4,4911.348613046812,17.591909434097524,38.00241657863421,16.21978376583978,11.519422355969027,1.0,
67201064,3,4910.710005480695,17.59419715348118,40.240169081213594,7.606321422502091,-1.0527044284257556,1.0,
67201064,2,4408.831837020565,19.597027782848727,40.65883269003143,9.255030456142237,-16.4866156361754,1.0,
67201064,1,4646.551971454216,18.59443314758829,46.726131172314126,5.016106131113261,-13.598856326495735,1.0,
71872212,20,137.38712523166748,628.8798885216426,30.63035604454535,0.8872846883990633,-9.708373384352399,1.0,
71872212,19,187.35753081798012,461.150398507005,30.713122479005506,5.92536585972141,-15.670131541717183,1.0,
68457878,14,73.99642405398338,1167.6239913562272,31.619890550165792,1.3512388572322038,-9.605868674274404,1.0,
68457878,13,338.5886607703243,255.17688573335872,31.685658934922458,0.7724254666893557,-12.744385095474456,1.0,
68457878,12,440.7414119624976,196.03331489837794,31.732042860278398,4.617576534699424,-8.325239986371741,1.0,
68457878,11,72.5659598240539,1190.6409039374469,32.59726023512485,5.156368820861019,-20.2106275328116,1.0,
70366244,5,90.32881413721486,956.5054166298834,31.578227474096025,2.6839718708120586,-4.647203720321187,1.0,
70366244,4,127.52018339064188,677.5398035252551,33.066671835348984,14.412390107119762,9.98835936716739,1.0,
70366244,3,1650.6485609459085,52.34306202071764,34.18823594834976,9.636992716963306,-5.814903468941196,1.0,
70366244,2,127.14433999415151,679.5426363766904,34.56102500930035,4.761117995934768,-5.482495178933078,1.0,
70366244,1,174.31634967519673,495.6505810326394,34.73945084443574,0.22923142423783816,-10.998822375207766,1.0,
70499152,20,77.09632483047899,1120.6759879926587,31.007350338282777,3.867114341463605,-10.040288535925924,1.0,
70499152,19,90.40557581655219,955.6932658149298,31.0220796920471,0.5277112464274296,-3.577294992565214,1.0,
70499152,18,73.0940273879863,1182.0391225863777,31.15351164555932,2.550158405980625,-10.797213118015293,1.0,
70499152,17,118.60561443060867,728.4646718857406,31.386428585826934,3.470391290308271,-2.4327477621709477,1.0,
70499152,16,109.45377799487645,789.3743055999803,31.398400059590585,9.870838520039001,-7.895545923097416,1.0,
70499152,15,91.1233199654305,948.1656290922853,31.599988890508257,1.5020299551109417,-4.278549156464351,1.0,
70499152,14,90.08874481294465,959.0543211518402,31.722146439901508,2.776513350151845,-6.315616916857152,1.0,
70499152,13,90.31082659136167,956.6959273990772,31.872104168905025,1.9143057937703531,-1.4797250560036446,1.0,
70499152,12,109.73217635798254,787.3716066483063,32.09128241586586,4.889975219281894,-0.3157486891098529,1.0,
70499152,11,351.9075049393745,245.51906051246254,32.131908282169206,2.7638063519106026,-12.86298663621767,1.0,
70499152,10,440.0428938452878,196.3444955217863,32.226681932666,4.586889241988615,-9.85492406786932,1.0,
70499152,9,131.08806721209038,659.0988931144394,32.382872844593294,4.7101256427872045,-5.961445884844181,1.0,
70499152,8,95.08250677878367,908.6844986219795,32.750143047972415,2.9169820645029745,-4.656554559626841,1.0,
70499152,7,73.2803491075277,1179.0336843677044,32.78490350386778,2.7885978852723383,-9.112643267740566,1.0,
70499152,6,73.17810147940115,1180.681081543509,33.39084130301262,3.976949302978312,-8.12794408048103,1.0,
70499152,5,94.97770917637877,909.6871334257021,35.50358323111004,0.9183526232066299,-1.6240585200760052,1.0,
70366244,6,1717.261592760712,50.3126607875165,29.97417914287746,1.0934823057175436,-6.669543365953899,1.0,
67201064,20,84.64804519243425,1020.6969316725855,25.642801738790013,3.761861854420914,-8.232409307713596,1.0,
70366244,7,1433.385824944756,60.276862304906594,29.76252864559467,1.4281051764008907,-14.069255700451066,1.0,
70366244,9,415.689435213483,207.84747621894238,29.463862177012174,1.4684023298672457,-10.54163505949171,1.0,
68457878,10,136.80748397829686,631.5443971888739,32.60160400646646,1.4616216462757166,-4.479232006384677,1.0,
68457878,9,442.70851295187526,195.16227375865287,32.68783916648158,3.9173226739951588,0.5961552774545567,1.0,
68457878,8,63.31554623712083,1364.5937709583425,32.7131095346474,3.543638941195013,-6.71184259386996,1.0,
68457878,7,4160.443755147331,20.767015512012463,32.77037548577914,2.80599139009189,-13.331250512159727,1.0,
68457878,6,293.83165404479837,294.045923271518,32.91659793437134,0.9434232351180754,-7.261987406619596,1.0,
68457878,5,135.56443167903254,637.3353167190926,33.578369875377575,4.2601059616079056,-7.112343864277534,1.0,
68457878,4,444.9887064428652,194.16223097134585,34.14946694133164,7.972756107231021,5.746753828043438,1.0,
68457878,3,63.26905850052609,1365.5964233967788,35.68979569071212,6.573561761394274,-15.925344388337635,1.0,
68457878,2,63.36198446295067,1363.5936552858477,35.74525918390577,5.219614435478547,-17.88403317537791,1.0,
68457878,1,452.7562874396648,190.83114336985068,37.66309961323873,1.7130648992335864,-13.534456543925671,1.0,
70366244,20,1345.051732914157,64.23544751903916,28.619061805737147,4.68957907775021,0.40405742806322564,1.0,
70366244,19,97.91570704021869,882.3916265498789,28.784479901398186,0.8938096026485312,-7.015127793897619,1.0,
70366244,18,61.46769805210213,1405.6163275671133,28.81960812326281,2.8634302012975184,-12.209565722677581,1.0,
70366244,17,1482.6491985266566,58.274067854930024,28.845871609496385,2.4232462417055842,-7.676307528002241,1.0,
70366244,16,1284.0980732787918,67.28458035871658,28.906089268194023,3.1718351250906665,-12.560120637712117,1.0,
70366244,15,1683.7078266396322,51.3153164895826,29.163841083672196,1.2336182881761317,-5.514729647683026,1.0,
70366244,14,64.8901878041426,1331.4801963708326,29.188524283315587,4.824246536288655,3.6880677682078726,1.0,
70366244,13,250.1548788928304,345.386027977551,29.241164592606424,3.8921671512528917,-10.885981511259416,1.0,
70366244,12,133.41613207479313,647.5978478491951,29.27660463407244,2.411911183377896,-4.805155978853833,1.0,
70366244,11,126.95700458977065,680.5453569039352,29.32041225073999,5.197696552113285,-10.120255842801157,1.0,
70366244,10,76.79055602029284,1125.1383565599883,29.366267570705418,2.569042499396488,-9.234513635387572,1.0,
70366244,8,63.59957779424856,1358.4995843763813,29.615504373857107,1.0079772902707589,-6.147553350605023,1.0,
61220554,1,62.643795440984704,1379.22677564126,34.772043589850455,4.415708569288313,-11.18401744288542,1.0,
61220554,2,62.59841111997362,1380.2267254740573,34.1850286518993,3.9188627969008394,-2.814600156218262,1.0,
61220554,3,89.03974246262995,970.353210941307,32.05718260864478,7.989482762243256,-17.389644741337293,1.0,
62736503,14,96.01551884827886,899.8545343125934,30.479772892918845,6.129238744910538,-2.8457641424978988,1.0,
62736503,13,131.1140440733327,658.9683096928661,30.495575127078837,0.7962625154793272,-6.025333008688278,1.0,
62736503,12,79.41926888185156,1087.8971969451563,30.939416616816516,5.719772631424462,-17.737819073374794,1.0,
62736503,11,171.7527049415213,503.04884589397085,31.14574012726166,1.810643020869918,-9.0776691178134,1.0,
62736503,10,92.416814268383,934.8948098242179,31.867369504952876,4.221447882450036,-15.812582943125335,1.0,
62736503,9,135.3797573328873,638.204719096591,32.01652808682957,1.383602957416656,-6.7830568811294825,1.0,
62736503,8,96.04753856466559,899.5545465418645,32.37173842044399,6.552145697618585,-5.360393592352182,1.0,
62736503,7,107.93696278986245,800.4672150003722,32.46726506469349,1.2877951317606744,-4.453161829184808,1.0,
62736503,6,79.34633759255115,1088.8971390673364,32.808274140349795,8.18278432102079,-14.54136028803947,1.0,
62736503,5,121.12628053106116,713.3051524507426,33.74374793756874,5.393388302080609,-11.274239609595895,1.0,
62736503,4,144.96642681479088,596.0000663490496,35.34640196402438,1.5952241743663649,-5.594835136789129,1.0,
62736503,3,171.40123231664845,504.08038980947185,35.69422659441284,4.0758796733212534,-9.752029221848488,1.0,
62736503,2,909.0575136531941,95.04349142089777,36.16701555555278,6.821112638035288,-7.9180542835409256,1.0,
62736503,1,928.6249793963749,93.04078817281197,37.85506130056979,4.721295889238263,-12.530863264334641,1.0,
86751463,20,90.01970524504475,959.7898567297964,29.804560810591283,0.39426429404909413,-9.249517216111315,1.0,
86751463,19,89.92369344905835,960.8146272255319,29.896943491752154,1.2828142656885575,-7.097981065318322,1.0,
86751463,18,166.37535056118776,519.307696173567,29.941842788372014,1.9131377775796068,-10.278907265307112,1.0,
86751463,17,270.42536676808805,319.496654594889,30.039079731177708,3.15270073286257,-14.031417934696435,1.0,
86751463,16,228.04962826785544,378.864901715687,30.101141576632017,2.25724037644909,-6.543815195200182,1.0,
86751463,15,90.14916979488858,958.4114883873157,30.102210593651307,3.1235312714983365,-8.30995845341937,1.0,
86751463,14,116.60930820476946,740.9357051349537,30.494799100902583,1.4401845678820564,-18.23392558838367,1.0,
62736503,15,299.8799731406173,288.11527190408947,30.373902701130646,3.5491949318769116,0.5282816194338693,1.0,
86751463,13,233.05399840695628,370.7295330292051,30.648042654661822,1.3883043553071275,-16.270710535186026,1.0,
62736503,16,13601.215572411198,6.352373399275751,30.344900356594508,0.753431052301778,-6.880754146862216,1.0,
62736503,18,95.30910902253915,906.5240551096508,30.07682205978722,3.272350869897707,-12.223729534870927,1.0,
62995072,19,1580.2897279207914,54.67351870576141,31.472733005960208,4.36203277119489,0.8874165896087334,1.0,
62995072,18,458.6253243867071,188.38907362025347,31.489180873073565,3.577132996803357,-13.358192724666083,1.0,
62995072,17,115.38215624073209,748.8159592002768,31.534250016761007,7.372733615334937,-11.119503712625715,1.0,
62995072,16,109.73998015084152,787.3156153412832,31.59872096701133,0.3474853981437036,-3.9856095482963383,1.0,
62995072,15,124.24911711636432,695.37717454429,31.618124988006684,1.6054519016590802,-11.952428736226238,1.0,
62995072,14,121.539030421504,710.8827485323857,31.639751458878663,2.4221595179079713,-10.107562613460459,1.0,
62995072,13,228.234150959879,378.5585971101588,31.943997252351437,7.091577630541451,-10.256397761681,1.0,
62995072,12,62.83210291366336,1375.0932404525904,32.351342822523065,0.8546238493216833,-9.371740886963721,1.0,
62995072,11,765.0300998960964,112.9367328314723,32.78374753605385,1.928528284177446,-11.952565036872784,1.0,
62995072,10,71.57304819132652,1207.1583114504024,32.943243961685084,2.273296714075059,-1.1660607894814348,1.0,
62995072,9,303.53158949780004,284.6491205180679,34.12413475087237,2.525664986540164,-6.907297417094924,1.0,
62995072,8,69.80756514086919,1237.6882050770266,34.14296074197841,4.489684816586532,-15.386016023310162,1.0,
62995072,7,163.4218452544378,528.6930879129438,34.58587609443225,10.592560449007124,-24.683766622667008,1.0,
62995072,6,1609.8140352810392,53.670795574171024,34.64290190419183,3.819595346360529,-0.9501894873606034,1.0,
62995072,5,466.0606356370603,185.3836033199832,34.660010393973835,3.865005965188402,-12.0936791917361,1.0,
62995072,4,109.46153976500293,789.3183321327975,35.34008071521089,3.490146494099122,-4.331068137745433,1.0,
62995072,3,70.9285925499817,1218.126525478649,35.377102451870314,11.378449013756835,3.9959859594221143,1.0,
62995072,2,269.79744803389536,320.2402418170588,35.572049452327065,3.5910448848338774,-3.2718909384320796,1.0,
62995072,1,463.55328487893996,186.3863396471539,35.67031105281444,7.580294001378888,-18.834843185474483,1.0,
62736503,20,79.17377082954782,1091.2704939368043,29.855310395792685,4.498234264309929,-4.947059747953688,1.0,
62736503,19,80.2477553037687,1076.6656297480556,29.920534974157135,6.986382974072626,-8.855542117251957,1.0,
62736503,17,202.5530544998889,426.5549103336153,30.2420036228782,3.345436921067801,-11.897113594657469,1.0,
70499152,4,73.21808255491118,1180.0363651315618,36.041403838484484,3.4195819501073856,-11.979948897867189,1.0,
86751463,12,121.8738914136457,708.9295254120865,30.779621327654695,2.6091486294548645,-21.217838357189407,1.0,
86751463,10,70.62368158818089,1223.3856697504614,30.998514388878903,3.9137420823736306,-17.696649989648733,1.0,
58890282,4,126.79021216089592,681.4406138098341,34.459015876142985,5.739778958666591,-0.8875354198306695,1.0,
58890282,3,4296.493139076537,20.1094234770663,38.06024641192198,17.89662695604369,-19.852392989564407,1.0,
58890282,2,437.83609469766833,197.3341189690182,43.1372271180735,1.7249142431589917,-13.916355579807487,1.0,
58890282,1,84.24997574199682,1025.5195831104725,44.75326393287469,8.61582889391235,-8.747425287785575,1.0,
61220554,20,73.19107287762816,1180.471833558944,29.604452775633035,8.535624758509016,-16.212135888939542,1.0,
61220554,19,1553.2638059413134,55.62480736982062,29.61191823206991,2.9669450358563836,-7.762968142550449,1.0,
61220554,18,77.12019141104027,1120.3291695620878,29.613043197208754,1.3407973494942098,-6.319848011810677,1.0,
61220554,17,60.11469447864362,1437.2525844025458,29.74422153706837,2.7527731595547493,-3.462068614181021,1.0,
61220554,16,344.7889452301983,250.5880806077325,29.75887057286718,4.112419161470257,-3.3317654114653124,1.0,
61220554,15,354.40540764938385,243.78860518256036,29.928895516765806,4.38088230666483,-8.937330376275781,1.0,
61220554,14,103.30174152341547,836.3847378160189,29.969911832959042,6.440914529737256,2.0911703288737726,1.0,
61220554,13,172.07269994120853,502.11335109822755,30.005509179798082,2.3526528907467537,-3.2375216522674464,1.0,
61220554,12,360.2037808643327,239.8642229481254,30.144727229385808,1.9526420759842722,-5.21754733373632,1.0,
61220554,11,268.7311553679209,321.51091629740296,30.727555101206235,5.723471171744791,-6.684143193532805,1.0,
61220554,10,101.20446714481892,853.7172561401424,30.9110218304113,2.409361427946692,-15.46438601290788,1.0,
61220554,9,224.0754838433295,385.5843509431389,31.231570668066524,3.667629181111579,-7.023476795394004,1.0,
61220554,8,116.1848412072551,743.6426224129899,31.29837596933703,5.890551876951804,-20.89945555057068,1.0,
61220554,7,126.6080102320551,682.4212768342277,31.34806960975766,1.7924538927555886,-14.113389624720753,1.0,
61220554,6,114.03885194971356,757.6365293303622,31.64366477238491,8.136457020784292,-0.9534253424060353,1.0,
61220554,5,63.10283611770814,1369.1936102338534,31.707030854062396,5.436992394048616,-4.562499869880412,1.0,
61220554,4,378.9117242004601,228.02144795680903,31.720040968894864,6.133915078024529,-18.16865466687284,1.0,
58890282,5,161.96093661794652,533.4619680782101,34.44387366880801,1.1675845403370317,-4.679305422865355,1.0,
86751463,11,62.41586575644987,1384.2634232958899,30.84631141975592,0.6573340466456443,-11.014032682326445,1.0,
58890282,6,2437.2078501917335,35.45040280138724,33.90331575726577,7.584012154848779,-2.2867860853076536,1.0,
58890282,8,71.33470087999811,1211.1917332539922,33.596652894509134,5.227412516596132,-5.16664335899668,1.0,
86751463,9,71.38150981153782,1210.397485681014,31.424143303279834,1.5091132851716793,-20.82531470439858,1.0,
86751463,8,709.2153724250254,121.82477052714161,32.607087628979116,6.549371633477449,0.3310863070296364,1.0,
86751463,7,392.7041502208477,220.0129536482124,32.65806338573657,6.654207751377328,-10.780330068456976,1.0,
86751463,6,443.98986622116485,194.599036089174,33.14256571516853,6.239544494583697,-0.9662898599210052,1.0,
86751463,5,91.48351480807072,944.4324497289401,33.300814409770965,2.060586688930357,-21.5390208227617,1.0,
86751463,4,383.8964599282867,225.06068437343717,33.58698790395965,1.7632584647603835,-9.029438469958109,1.0,
86751463,3,239.04589987828862,361.4368623096693,35.512856405429375,11.543993522828487,-6.1133586220724965,1.0,
86751463,2,106.21005806626873,813.4822781670222,38.68306455904235,4.808602824253171,-22.630680473752022,1.0,
86751463,1,119.5815475746246,722.519500310717,39.798515753107495,2.203612195860842,-8.247979800476742,1.0,
58890282,20,321.0365837331422,269.1282064969236,31.918787617128146,1.5017243272824885,-12.339317856773107,1.0,
58890282,19,107.1054954209717,806.6812973546315,31.935918558238427,3.0083092140816348,-15.644881831072553,1.0,
58890282,18,107.23842338187112,805.6813712407311,31.985517223072748,4.490318608670634,-18.254730765705176,1.0,
58890282,17,70.80951140439025,1220.1750624513295,32.308142295465586,2.2888102787255207,-1.8049904809628856,1.0,
58890282,16,1928.288643169903,44.80656996349235,32.450743743380826,2.630078641147577,-7.74306345840165,1.0,
58890282,15,226.95409195073572,380.69373086586427,32.454850326455926,7.725189990241233,-2.302902062099122,1.0,
58890282,14,106.97251681499684,807.6840909466879,32.88175867030441,3.2650513727670045,-17.17105826696138,1.0,
58890282,13,2071.133607702077,41.71628507146905,33.08784933795414,3.36991570532399,-0.19159150678905235,1.0,
58890282,12,351.7488479458431,245.629802356318,33.10729723021268,1.3596957304627608,-8.32470949870418,1.0,
58890282,11,435.62850264472644,198.33412982727367,33.16152603176033,3.828775108283594,-13.92481938628515,1.0,
58890282,10,212.46395274930615,406.65721823384536,33.18312954802332,0.29697148312760646,-4.904260810625317,1.0,
58890282,9,76.63958302515296,1127.354776599498,33.19106597932432,2.5757171039129503,-15.758497331943943,1.0,
58890282,7,159.3330672396384,542.2603198245948,33.712086329769136,1.0146483758703084,-6.574562329896423,1.0,
70499152,3,488.35354002271754,176.92100685085808,36.14085026074736,4.192325215558867,3.8342255511968517,1.0,
70499152,2,198.52079278375405,435.2188946480499,38.53451792977353,2.815811842657183,-9.212132111052085,1.0,
70499152,1,90.27727042826393,957.0515323528209,38.62273516928872,0.7830721787087498,-4.827537722501745,1.0,
68331598,15,126180.02354456874,0.6847359635297752,32.342158222668104,2.1415145981659407,-0.5197753237713414,1.0,
68331598,14,29932.151560073664,2.88652821453866,32.516762366289186,2.761459922849326,-7.9057373225898,1.0,
68331598,13,51281.99164264119,1.6848019593716022,32.71591257949649,3.600064656577615,3.230357156365244,1.0,
68331598,12,97756.66465751365,0.8838272081264101,33.17042841103353,2.5909495481777185,-4.631698533729036,1.0,
68331598,11,12498.41111832408,6.912878699703505,33.785333835392294,9.87827632260786,-6.176388489674878,1.0,
68331598,10,187098.9908002087,0.461787632474518,34.12373292209577,5.195918131519306,3.6266006222103897,1.0,
68331598,9,32149.753788433307,2.68742338024015,35.13222540317361,4.5730986277352486,-8.504249852242538,1.0,
68331598,8,43145.13698729712,2.002543184077456,35.18908548669242,0.8429033835767541,-5.408939181075823,1.0,
68331598,7,86290.4937027547,1.0012690424234043,35.27657736873334,2.113931767904262,-8.298931380429678,1.0,
68331598,6,21571.396892944766,4.005303895189948,36.44249849219318,2.130123198824208,-4.579590167775336,1.0,
68331598,5,17368.28562841535,4.974584242134148,40.848013136744385,3.522470119756008,-3.332249480332848,1.0,
68331598,4,21753.268486514207,3.9718169273533817,47.407873745977895,1.2593812542861542,-6.800305778019606,1.0,
68331598,3,29073.600569328133,2.9717681438861643,50.487995990722084,2.0577671917538964,-8.521000572065816,1.0,
68331598,2,89417.31699392752,0.9662557869620217,53.999210232380165,4.279908363214815,-19.554302129446114,1.0,
68331598,1,43880.37705018647,1.9689894619907975,67.24081504069682,2.6445000139312924,-18.45750501729293,1.0,
115094299,20,62.48499445516187,1382.7319783472033,31.807800954194363,6.42800885515544,-14.600031929262542,1.0,
115094299,19,93.93112514343817,919.8229007484184,31.841234862620468,6.346722989282398,1.7886356349984567,1.0,
115094299,18,712.2401000933763,121.30740741594408,31.863161807029428,1.641844529913385,-10.749709600269426,1.0,
115094299,17,273.7331457581392,315.635871427642,31.91290336577049,4.277915884227184,-16.106819095649485,1.0,
115094299,16,76.13905910699188,1134.7657958130173,31.963907902426627,6.800321174619171,-18.068793804892664,1.0,
115094299,15,94.13609374313792,917.8201109104143,32.399123743894506,7.633413019314332,-0.47063497152686296,1.0,
68331598,16,50090.73777743946,1.7248697829903792,32.15897715217193,0.5170876027619897,-7.368249306046437,1.0,
115094299,14,133.54657765844348,646.9652874293433,32.40303698577759,1.0199884632718863,-8.147655964699766,1.0,
68331598,17,14380.665397635745,6.008066915610498,31.58291936044475,5.422338960890613,-3.9180076235299452,1.0,
68331598,19,52368.49198312152,1.649847011593286,31.298522983691555,1.174450103411914,-9.1306778650669,1.0,
89993902,20,618.7104173057012,139.64529702966075,25.67905502458575,0.2959467057960694,-3.946435199258218,1.0,
89993902,19,118.38981715550972,729.7924946240113,25.70013841823652,2.486980804890152,0.5762564799581753,1.0,
89993902,18,2050.20028902828,42.142224085311405,25.765224341211592,2.8172268529247333,-3.96359213186102,1.0,
89993902,17,72.55188411756718,1190.871898791664,25.772930651462957,3.396047780830031,-10.589225426711607,1.0,
89993902,16,363.1294015871912,237.93171145700924,26.02287651931738,0.0035732055968935583,-4.737849565919674,1.0,
89993902,15,383.4174300990383,225.3418682027119,26.395941691542248,3.1086410966541678,-0.7323673513339202,1.0,
89993902,14,72.48905703741393,1191.9040408458643,26.537323561444623,4.022156987935574,-13.542013435158111,1.0,
89993902,13,120.37043857218204,717.7842086883223,26.548103151668215,0.28620464678255075,-6.321977238158553,1.0,
89993902,12,78.08963196854728,1106.4208886885258,26.594689948606288,3.022608108543807,-12.602340254041565,1.0,
89993902,11,533.0236333847621,162.09412601717105,26.916658187398525,1.7726697569971748,0.09388327546224673,1.0,
89993902,10,746.8530355944287,115.68541049208334,27.183643543557082,4.771532299600267,-0.4430009719950192,1.0,
89993902,9,601.470445144796,143.647955934394,27.21842688749973,1.8142796973269242,-11.413601264545235,1.0,
89993902,8,1927.9023079678534,44.81554881848332,27.240303031407507,0.26380508781858225,-8.197432135858719,1.0,
89993902,7,113.10189695758439,763.9129167957442,27.747115230449367,2.4132274236211515,-8.94202329096882,1.0,
89993902,6,110.358673932817,782.9017595173143,27.9078638554696,2.845799241226672,1.8249262084376596,1.0,
89993902,5,61.94697485212389,1394.741231613794,28.78303468062495,4.956377868451398,-15.22857726421907,1.0,
89993902,4,125.90175196411087,686.2493861453881,31.04485597819621,4.290207903895094,3.7673968119688652,1.0,
89993902,3,62.03605675771478,1392.738425290955,31.47087737587924,4.302932844814677,-12.727846847690728,1.0,
89993902,2,2018.0868477054603,42.81282547291546,32.03986519420255,0.8468215324689652,-10.474386933266828,1.0,
89993902,1,627.7127961905524,137.6425660339285,32.4109822592784,0.6516546865180999,-4.8989572222719175,1.0,
68331598,20,53854.39682458005,1.6043258321401455,31.274158597897213,1.2861149385014983,-7.710309416652819,1.0,
68331598,18,60904.846869686306,1.418606308704196,31.560677364104322,1.5800151259660993,-6.290051096126149,1.0,
73480084,1,66.31614451533292,1302.8501676544765,38.16392941927484,2.5414857595526996,-14.548134091543147,1.0,
115094299,13,359.6277125397305,240.24844856875376,32.59288509705584,2.867489742711655,-0.6590231838380589,1.0,
115094299,11,93.75679090208743,921.5332475514194,32.80379851157841,5.6185768138120125,-7.314989871433113,1.0,
89964796,5,4467.84751085232,19.338171186491028,34.844996094728,6.941784845863708,-9.583975004631839,1.0,
89964796,4,224.10301790093442,385.5369767407302,35.79294029647531,2.156680612720095,-4.922040828302897,1.0,
89964796,3,79.50446610829222,1086.7314030172272,35.932332560653094,3.3115034721972165,-17.244174326916436,1.0,
89964796,2,1689.211748110921,51.1481169229511,35.93654381559895,3.1884481914160574,-20.357876395558264,1.0,
89964796,1,86.81472326663058,995.2228924884452,36.95631327041315,2.420294712171142,-19.458746375330122,1.0,
70261664,20,147.29831503415386,586.5647545253083,31.35227412766426,2.5480771291117037,-12.451593414518328,1.0,
70261664,19,356.3340786389214,242.46909060738585,31.39332140272745,0.9173972262523762,-10.888890585272435,1.0,
70261664,18,60.51640850648073,1427.7119566794415,31.476923671257623,2.511103525334221,-5.533688007655314,1.0,
70261664,17,162.11649594662578,532.9500831824406,31.67059201370057,2.570824274441179,0.7116385699520436,1.0,
70261664,16,139.74498551524184,618.2690540303963,31.916585961464307,6.2715820181558115,-5.488083267462429,1.0,
70261664,15,207.7775468504752,415.8293391642399,31.937581456600356,0.8842087612968896,-9.470164595226862,1.0,
70261664,14,189.5051833042446,455.92420478171044,32.07824986617652,6.2395755663782495,-0.44095029561447063,1.0,
70261664,13,83.58554161058397,1033.6715936175694,32.29035660964132,5.826516095956805,-8.150660141452278,1.0,
70261664,12,144.73416545416273,596.9564941966854,32.36240496206017,4.197889781759187,-4.084126708448736,1.0,
70261664,11,665.3668830019993,129.85317154677261,32.39110076061547,4.382585317272429,-10.785185971510742,1.0,
70261664,10,133.9100085421208,645.2094278884558,32.51795047170242,1.8837595877338629,-7.488369988261127,1.0,
70261664,9,143.86309151445883,600.5709948984131,32.756696941234395,2.3537058691652817,-1.5271379435133383,1.0,
70261664,8,86.63490328335945,997.2885837640847,32.87081967367192,9.590366707382401,-6.307386573922486,1.0,
70261664,7,61.60823521653942,1402.4099164068402,33.00956686292591,2.706967407869257,-12.8665935665625,1.0,
70261664,6,86.72209437319749,996.2859018163076,33.31298506244218,10.285441834163208,-13.059655009724764,1.0,
70261664,5,142.7482384483059,605.2614094519173,33.48869295399663,4.936760011804125,-20.12817552769181,1.0,
89964796,6,868.5392286077496,99.47737206815334,34.81702999851473,2.826875268845413,-7.57421041944832,1.0,
115094299,12,64.19029490020161,1345.9978667231305,32.62838544091983,2.486294441418181,-4.370925987292225,1.0,
89964796,7,451.16741477240475,191.50319187742141,34.18744753555052,11.131030824084519,-5.10415193464388,1.0,
89964796,9,80.89950836305509,1067.9916571589063,33.10377958321692,3.335272131078682,-3.6157331991461206,1.0,
115094299,10,131.83815295474548,655.3489870997928,32.8108244633961,4.737073301726582,-1.2796841348465193,1.0,
115094299,9,645.7203371949057,133.80405575474515,32.926678324693285,2.2775941396279222,-6.445031817421494,1.0,
115094299,8,133.33992221250548,647.967979629561,33.02289501606947,0.5397469852172492,-8.188651779787847,1.0,
115094299,7,420.47351760784727,205.48261990801657,33.08091732635421,5.209527387450123,3.713390122820016,1.0,
115094299,6,358.12239707255674,241.25829801841488,33.0829178976428,2.5588695725268735,-1.5646867217433282,1.0,
115094299,5,314.55870772758414,274.67050784944286,33.23503377933321,1.5585115868580033,-16.16420913543925,1.0,
115094299,4,85.58780561701138,1009.4896040053069,34.7527032464759,0.7967916080863802,-6.5130745782669806,1.0,
115094299,3,131.63674556575722,656.3516868231912,36.3789674058105,0.5837036776696607,-4.843659946234709,1.0,
115094299,2,93.85891376826483,920.5305764918536,38.7500322679698,8.396568592188657,6.114592008004934,1.0,
115094299,1,316.1690025089436,273.27157094584555,42.87186250935201,19.343388326995807,7.1269051736792335,1.0,
89964796,20,468.9315589368519,184.24863576229245,32.15016100360663,3.433792282798663,-9.561127362375942,1.0,
89964796,19,876.263482927641,98.6004799735956,32.24301696732323,4.3433188062450085,1.5481691269179692,1.0,
89964796,18,119.4381025584085,723.3872453537014,32.35376661788723,2.380243811468233,-17.93740930491532,1.0,
89964796,17,386.7200592216976,223.41742544694037,32.43757835829706,2.538942295292202,-3.467116508977824,1.0,
89964796,16,96.01185107066301,899.8889099264542,32.58853596468589,2.1703289879008594,-8.625155154658216,1.0,
89964796,15,85.12405705301178,1014.9892168108672,32.640976810105485,6.624648924145561,-21.358670502238112,1.0,
89964796,14,73.66226315584149,1172.9207914398487,32.74871804699069,4.6239313026343325,-21.34438877211454,1.0,
89964796,13,74.28305970117411,1163.1184868739915,32.910914200536354,2.6479559652293005,-2.7919010088420464,1.0,
89964796,12,83.3412507133807,1036.70150448232,32.97566207349223,2.234196585415418,-13.512928664033552,1.0,
89964796,11,60.05344165241168,1438.7185417295775,32.99567022772521,4.765464631769419,-7.754260073443845,1.0,
89964796,10,79.35820741713852,1088.7342697378106,33.03601239994509,2.960546525403572,-19.080629281579263,1.0,
89964796,8,1138.2147260051893,75.90834842142614,33.800168589132454,5.918675026131268,-7.434268381854281,1.0,
62995072,20,461.0794830884732,187.38634697267875,31.30508356718292,2.145780965508834,-10.098298368528503,1.0,
73480084,2,156.72543700509198,551.2825591750807,37.18979389581983,0.644746370977316,-11.964497575817063,1.0,
73480084,4,157.01102549296908,550.279827347978,34.2922726372002,3.1238333729510828,-0.28553232953171914,1.0,
56286810,15,442.1553089427324,195.4064516529201,32.66162072689076,0.4209598587461869,-4.351404215346406,1.0,
56286810,14,829.5185169324195,104.15680691434036,32.85208275209834,1.7765225728724658,-3.893375153621605,1.0,
56286810,13,439.8980163912035,196.40916026128212,33.093292700588336,0.9451435546682774,-5.851477710460557,1.0,
56286810,12,14871.852985620853,5.809632470381301,33.200115555683624,8.275549306843146,-11.200094416733293,1.0,
56286810,11,72.36024872008026,1194.0257465702111,33.22142796560274,1.7311578386716633,-0.06810075899653611,1.0,
56286810,10,72.27726500498653,1195.3966436615874,33.61130184765284,4.941589207787189,3.369229982434234,1.0,
56286810,9,837.5824077168763,103.15402902923117,34.16091001847235,1.492586370911397,-1.0613714287379707,1.0,
56286810,8,189.39132321458717,456.19830166192827,34.16868124289135,6.305739907596262,-2.227592191481847,1.0,
56286810,7,72.33794574513101,1194.393884288807,34.39106878644225,5.669447280727468,3.7999014624110714,1.0,
56286810,6,93.75978056202827,921.5038631926054,34.89144280877122,4.795560506894191,-0.5489804203988911,1.0,
56286810,5,83.752916351282,1031.6058683570543,35.005457313890474,8.088954634925557,-1.6606743692132397,1.0,
56286810,4,74.15202405584164,1165.1738587059308,35.724423650716744,2.8596828203306472,-0.6757649659240599,1.0,
56286810,3,245.59432442714015,351.7996606865077,35.8291408069108,1.313136867923106,-5.6898042736634125,1.0,
56286810,2,77.86620568689439,1109.5956100316562,36.675780704330464,5.046608673021979,-7.971194174595922,1.0,
56286810,1,188.56352127414988,458.2010317593945,38.917301100545046,5.00412770224051,-2.391907799833916,1.0,
61386525,20,89.96993961228871,960.3207512678923,29.0019834220534,2.2771922876261215,-11.486560651659431,1.0,
61386525,19,107.3517857708825,804.8305799439682,29.147672940792972,12.66847378090688,1.0197025662719454,1.0,
61386525,18,107.3514217851384,804.833308802633,29.289980951818393,3.267531708737067,-4.619555906864036,1.0,
61386525,17,74.82683503598413,1154.665969213456,29.39494350228199,6.305264103375492,-19.385833566336544,1.0,
61386525,16,368.5467835963407,234.43428038333278,29.56082474589266,1.75377516838671,-9.246483933755826,1.0,
61386525,15,77.8272358570508,1110.151209259124,29.72692472535141,2.780248030170867,-2.458092599310703,1.0,
56286810,16,96.05473614521608,899.4871410544505,32.3503971679188,4.57691023075364,0.2899553231162031,1.0,
61386525,14,87.87609751536063,983.2025140271778,29.81126713574463,1.8056976783849166,-5.0532851369747505,1.0,
56286810,17,151.8373532577584,569.0299399076573,32.295629574284476,10.679967950346935,-14.342070463157995,1.0,
56286810,19,79.05205431289669,1092.9507240636574,32.1566476759549,2.627427511750227,-2.766800469583444,1.0,
65464627,20,1377.9191818065647,62.7032420629507,30.64280100066776,3.459631867231167,-1.6062836480323313,1.0,
65464627,19,331.90962720777014,260.31182260921577,30.66885977445122,2.591800960771934,-0.39301595516258203,1.0,
65464627,18,68.5866344041558,1259.7206547689248,30.888466987463516,7.919745227289695,-10.448767063266644,1.0,
65464627,17,74.88981307427976,1153.6949613467964,30.889499158137824,2.422162547753203,1.0064685927677033,1.0,
65464627,16,68.50923280195495,1261.143884792336,30.96414199813171,4.462315529115358,-13.510971876123449,1.0,
65464627,15,68.61819730767546,1259.1412102039515,30.972038329911356,5.4756589493160845,-4.590774082507437,1.0,
65464627,14,77.8625281497371,1109.648017514208,31.072516667916716,5.969688964382669,-18.44630502531959,1.0,
65464627,13,121.46321385321231,711.3264770386693,31.086631356870157,2.359082381750568,-9.470717052913528,1.0,
65464627,12,471.5172610818685,183.23825473909545,31.630924038566036,6.584357071095383,5.152127808291425,1.0,
65464627,11,11363.779501587042,7.603104230237269,31.880303045603796,3.2519060133005837,-9.75339988619271,1.0,
65464627,10,102.79078635183872,840.542261290469,31.927598780797098,4.963156995105976,-14.12909761622609,1.0,
65464627,9,304.34820555727896,283.8853603286297,32.029887911935475,4.976898827324703,-6.37370899575609,1.0,
65464627,8,121.12219423717467,713.3292171938066,32.059967536963995,4.770177376561605,-7.377801694189316,1.0,
65464627,7,193.88167842733392,445.6326183104629,32.56717023862643,1.471951257357773,-5.6620220975005395,1.0,
65464627,6,102.90258943853472,839.6290168344892,32.87494972850459,2.981263517810021,-1.0176912031758434,1.0,
65464627,5,164.7071664713689,524.5673388171542,33.049225435310746,3.20195629867618,-18.253895309809764,1.0,
65464627,4,86.82181701787252,995.1415780922243,33.279944227366286,4.713438150106754,-4.481027674427821,1.0,
65464627,3,92.7391171643551,931.6457029333079,33.29778630401847,5.273476632543975,-6.8931291676549336,1.0,
65464627,2,87.96479854520483,982.2110824888586,33.473056689726036,4.907313046553952,-13.351820919322336,1.0,
65464627,1,87.7858025110815,984.2138196446223,37.33793495904183,3.9599576091683275,-10.826232575482607,1.0,
56286810,20,845.7808123233438,102.1541263896267,32.11629660801873,2.109878653166419,-5.570089487450957,1.0,
56286810,18,74.0882582287116,1166.1766933875253,32.18046982207488,2.1918379056444337,1.3369872111352947,1.0,
73480084,3,68.62829061543077,1258.956025644814,34.482019829230865,8.127799168182705,2.154334036154637,1.0,
61386525,13,81.7069738698653,1057.4372774790227,29.825517432199376,7.697210975888709,-0.7229647370755572,1.0,
61386525,11,76.59014070075682,1128.0825339852945,29.994149493508758,0.6740961649083488,-10.584272506835248,1.0,
67548632,5,137.76865942954575,627.1382791830428,34.95415329102843,12.73518281243804,-3.9824446369547672,1.0,
67548632,4,78.10428741318762,1106.213280494147,35.244327196530776,8.267815587220923,-7.384971218695853,1.0,
67548632,3,13459.877660299291,6.419077660329851,35.77633532048776,1.2031478046777124,-4.836786148489807,1.0,
67548632,2,71.70779432583855,1204.889939961065,38.11146806003535,7.654515025971875,-10.533828270031279,1.0,
67548632,1,78.17495287048607,1105.213330197212,41.91710114746502,5.764116056096327,1.362408007929787,1.0,
73480084,20,720.2319409570393,119.9613556227349,30.95598576345037,1.4921447185274417,-7.292390200231239,1.0,
73480084,19,68.51929353166418,1260.958710265639,30.978162019795377,9.807007918109903,8.701060674706042,1.0,
73480084,18,61.23315258762203,1411.0003543646603,31.145642630449288,0.9117697561418083,-13.85197818963212,1.0,
73480084,17,66.3672251528815,1301.8474073757282,31.24745794423916,4.119898011375824,-12.758226574853808,1.0,
73480084,16,114.06068926913771,757.4914771567834,31.44926884361729,2.7490327583691396,-17.838379034751597,1.0,
73480084,15,145.61949493427053,593.3271505920212,31.525958233553297,1.074083051069067,-6.518009976898895,1.0,
73480084,14,65.13447846376438,1326.4864022526265,31.539197956585213,3.815423153831233,-18.919608050103108,1.0,
73480084,13,68.57367308488466,1259.958758415184,31.768469666103613,9.556655782483318,5.3682843725779605,1.0,
73480084,12,65.08527919309311,1327.4891199847357,31.779355900334906,2.4589500136242464,-15.213601882745905,1.0,
73480084,11,198.74106230427248,434.73653103313717,32.36975374177075,1.779073664877643,-19.130100869993356,1.0,
73480084,10,66.58661085192836,1297.5581561303904,32.44447072177775,4.803311613605729,-9.187971399136046,1.0,
73480084,9,69.36077080118456,1245.6608973919367,32.52553786729544,2.7973357289691307,-12.996115114270992,1.0,
73480084,8,95.14321762847666,908.1046674013284,32.65709205089058,7.749031720306817,-3.146026203596307,1.0,
73480084,7,198.28373036902403,435.7392300376927,33.53784302814233,2.748434652034888,-16.70979379332539,1.0,
73480084,6,85.45587902745635,1011.0480517348644,33.80566581329413,2.9162774777107643,-5.267678128489678,1.0,
73480084,5,66.26514308155667,1303.8529154560506,33.946463081959564,0.3139587624475553,-12.495190563197411,1.0,
67548632,6,82.53107019636153,1046.8784640067474,34.70918946460051,0.41486671786776697,-5.427031095676227,1.0,
61386525,12,353.37473726638626,244.49965118720033,29.9780238319388,3.0490491072920065,-14.262494625019656,1.0,
67548632,7,78.03355164671842,1107.2160394692662,33.68084905079013,6.996426564373621,1.3222670973609638,1.0,
67548632,9,63.584909823896666,1358.812967405183,33.33218473483839,6.097113927434691,0.007177494970562748,1.0,
61386525,10,547.7043681080888,157.74933528181953,30.42095463907731,0.9510112882886972,-4.52071319091732,1.0,
61386525,9,347.83917730467704,248.39065187967907,30.592274533557998,0.292537520653525,-6.323879939804073,1.0,
61386525,8,328.69667150249757,262.8563277049902,30.650254754063212,5.487253369240193,-16.840073010699257,1.0,
61386525,7,351.935294663538,245.49967369030523,30.817606339197823,1.06017880320195,-10.371017961687926,1.0,
61386525,6,291.1122665404531,296.79271514996026,31.46880495043365,3.411330815989629,-11.276128488241966,1.0,
61386525,5,77.62592983365685,1113.0301457920689,31.61932140362137,5.4289922735814,-10.13037791091142,1.0,
61386525,4,84.52000393517625,1022.2432084393374,32.21461538680353,1.7339634472464809,-12.377696115343781,1.0,
61386525,3,192.71049412241484,448.3409188142936,32.27450149514334,4.467264786241742,-14.342850578619618,1.0,
61386525,2,107.48533293258883,803.8306031408691,32.36828006756582,3.375082940434652,0.6111131004500407,1.0,
61386525,1,107.21820638358834,805.8332900187842,33.07833104441079,3.457001031299967,-3.119593194352859,1.0,
67548632,20,148.39715092711631,582.2214204262887,31.847145583807105,1.9104900942091376,-6.245228035265882,1.0,
67548632,19,366.13434275932264,235.97895610900065,31.87590985118686,5.947257770230692,4.51671551319248,1.0,
67548632,18,71.8271837906316,1202.887200086343,31.89718827067827,7.339751165864698,-6.389748094020376,1.0,
67548632,17,165.6968737677814,521.434098515864,32.450953810245664,3.5539585435317917,-1.6352807442337394,1.0,
67548632,16,67.12688031557626,1287.1147831363103,32.63639341352291,6.7866083816034575,-8.456750633595618,1.0,
67548632,15,76.90393382376331,1123.4795894576514,32.68279302420842,4.214250379440671,-5.797129140103323,1.0,
67548632,14,68.96540366896157,1252.8020631145093,32.87388748468811,0.4918026615162603,-4.6657373124990045,1.0,
67548632,13,94.07976023695716,918.3696874055134,32.9680849993033,1.9006211247528313,-5.7207037297980605,1.0,
67548632,12,622.6385700157766,138.76429145372535,33.01520142207892,0.6719330630170361,-5.054002915817534,1.0,
67548632,11,90.57233790759435,953.9336401821587,33.07265401237919,2.4327403600721027,-1.2253955744839118,1.0,
67548632,10,60.1696639684313,1435.9395466348415,33.110010746094304,0.8907149157290064,-6.770854022538799,1.0,
67548632,8,282.95707925189095,305.3466632763973,33.41785347779387,3.1590362208582405,-0.33753288058829867,1.0,
56282874,1,64.63168756485574,1336.8055710026213,35.25308791143152,4.337126807580802,-2.895762876441438,1.0,
56282874,2,68.83273517163208,1255.216718971933,33.83377999706613,3.0574205294802255,-10.817407184648545,1.0,
56282874,3,473.24147755210686,182.570641201852,33.661468462542416,4.448975548812712,-6.895878835792502,1.0,
75824122,14,75.56512534045277,1143.3845919097143,31.102611663863286,0.7578176429574341,-5.372858243533813,1.0,
75824122,13,72.73998994835702,1187.7923005122923,31.237188884426814,0.9503249519189012,-6.000725396447194,1.0,
75824122,12,147.95331088197437,583.9680064268598,31.48628826291008,1.9568267901111085,-4.083402140688349,1.0,
75824122,11,83.31531822697552,1037.0241852119066,31.4907156823881,0.907591396179896,-8.964155347643157,1.0,
75824122,10,84.42834402928433,1023.3530100985018,31.5498129729649,2.5970499758559527,-9.181494492684948,1.0,
75824122,9,157.3149484894974,549.2167198959366,31.786826420424518,2.6591592610842554,-9.840881820741771,1.0,
75824122,8,78.37500824125941,1102.392228579262,31.94155665338394,0.32806565530214016,-5.432327451993501,1.0,
75824122,7,613.3991674664601,140.85444614615366,32.24309632935615,1.6155278643486781,-1.207235135992704,1.0,
75824122,6,209.14442056138515,413.1116659391881,32.25534121286182,0.9332841491125237,-3.125438581640367,1.0,
75824122,5,157.60269377346586,548.2139799221274,33.06675554895037,3.7240727961687696,-8.136078579553754,1.0,
75824122,4,84.51093266984341,1022.3529343539085,33.100073824672904,3.1124245958810093,-3.7677479637896454,1.0,
75824122,3,259.5515374268425,332.8818656077227,33.93053957770405,2.248415909832403,-4.476787397088458,1.0,
75824122,2,617.7969533628775,139.85177416252316,34.72782367868149,1.179540846847459,-4.365361163368277,1.0,
75824122,1,258.77206030493835,333.8845774083407,37.28032112282972,1.8821337349761507,-3.673773245034056,1.0,
86179829,20,109.79783664757082,786.9007499421576,25.74953261004444,0.6516801493888238,-11.072468092029595,1.0,
86179829,19,65.55012680318596,1318.0752534532194,26.10487699231669,0.5931294428452816,-6.494659240690211,1.0,
86179829,18,1358.443604424947,63.60219866217754,26.350080953424083,1.335355649251511,-13.345532478888174,1.0,
86179829,17,108.8861023240242,793.489693871952,26.372853632164436,0.5827649202923055,-4.063853405132761,1.0,
86179829,16,103.41564467385572,835.4635342890493,26.713269554621775,4.097779277844737,0.4754496847486678,1.0,
86179829,15,163.86638213468808,527.2588487917218,26.73440346703734,0.446025261780278,-4.903420112186609,1.0,
86179829,14,164.17860972611084,526.2561313202484,26.750817652537535,0.5945388764003212,-6.728772396804203,1.0,
75824122,15,86.66139040887474,996.9837731930969,30.804525817275362,6.001692773954517,-18.84742095407651,1.0,
86179829,13,163.87426836123606,527.2334751758846,26.889715272220855,4.385310978234855,-11.71455671686536,1.0,
75824122,16,503.03936658875233,171.75594146021226,30.74340777349437,0.7122434683545009,-7.221868896029491,1.0,
75824122,18,151.94694454077003,568.6195287514805,30.270709437103733,2.6266489041921375,-3.2972491320845734,1.0,
67184761,19,81.83151164953844,1055.827984334777,27.357853396949167,0.6140673903321101,-2.531578079992073,1.0,
67184761,18,80.26937691150543,1076.3756157625764,27.66577455354559,0.9782246587786574,-10.794653214053596,1.0,
67184761,17,70.59862450181475,1223.8198776490194,27.694870998197075,3.4734872270198593,-12.533730842506202,1.0,
67184761,16,155.98414691315807,553.9024427149122,27.998184607100256,3.7496709912535096,-1.0331954399136407,1.0,
67184761,15,509.0964158329171,169.71244996616917,28.014154190761474,2.6147251176838324,-9.158882065886587,1.0,
67184761,14,183.40906890293454,471.0781234363357,28.31549135560317,2.7175253054954567,-1.138845504964081,1.0,
67184761,13,75.21760030448034,1148.6673285275438,28.52105251853891,3.5546123714405553,-3.827589595772565,1.0,
67184761,12,93.77204986653915,921.3832919613958,28.573618215645183,2.3342536863706016,-10.048453977251086,1.0,
67184761,11,81.75708444428662,1056.789152735471,28.608201718479904,2.6347655286897123,-3.8499556307374974,1.0,
67184761,10,930.4155481583551,92.8617327720053,28.812119600943788,3.1290580359363673,-7.112908584757633,1.0,
67184761,9,9840.21023523257,8.780300210522684,29.194880387113926,1.7389203306149454,-8.04023362129817,1.0,
67184761,8,62.86763084807989,1374.3161438481156,29.20501472443948,2.5576670465673033,-10.405924288852475,1.0,
67184761,7,65.84748575948046,1312.1229915382223,29.255603960548797,1.1800095377484467,-0.8958714546210444,1.0,
67184761,6,62.95938229393058,1372.313336821431,29.966075730580997,3.1307407339029965,-10.495014709085467,1.0,
67184761,5,82.12079767303582,1052.1086308002248,30.156159403225274,2.738573012516639,-4.9718392113422,1.0,
67184761,4,155.42217917142526,555.9052154628704,31.00976989814717,2.1677159788104916,-5.192782393183052,1.0,
67184761,3,89.22672605033273,968.3197380935151,31.920080891027737,7.121382591624439,4.076242916340391,1.0,
67184761,2,86124.9336878703,1.0031938057929493,38.19902524120948,1.0902559936223497,0.723318169300768,1.0,
67184761,1,86189.43037288636,1.002443102665868,38.69976907654768,3.477804224262229,-15.348294491770389,1.0,
75824122,20,76.07099727077693,1135.7810874025574,30.131290625618362,2.4980602578910407,-10.100256369427143,1.0,
75824122,19,247.6749165382303,348.84436909324074,30.17382635412639,0.7823603461420987,-10.646978940776478,1.0,
75824122,17,657.1159536300527,131.48364382679716,30.30630840731351,4.51868233655199,-14.359139356392575,1.0,
67184761,20,82.19914222731946,1051.1058590010975,27.34324751129907,1.057455899917585,-2.6386265373180606,1.0,
86179829,12,223.99011936679364,385.7313003102437,27.13965935792683,0.27301275506115985,-4.562063639619737,1.0,
86179829,10,101.97338763567645,847.279883538674,27.495368032921277,0.9163532264459207,-5.1864036846706085,1.0,
79081048,4,71.95209271937996,1200.7989863056277,31.826165873672835,1.5701185892083345,-13.450905682741691,1.0,
79081048,3,75.99708120395552,1136.8857676010723,32.30981077968272,2.1551328898244293,-10.045726538478178,1.0,
79081048,2,239.59381138904405,360.6103158470429,32.61312752881156,5.128391692376397,-0.5688240856526221,1.0,
79081048,1,240.93187715945365,358.6075907374378,32.77929049074794,6.250330209547826,-4.4880898779083225,1.0,
68468529,20,87.72556830769803,984.8896013640107,29.357715213436677,1.8995936631075665,-9.536293817412115,1.0,
68468529,19,114.22241647443407,756.418947057897,29.455740062918494,3.1249833551746633,0.13305639179384343,1.0,
68468529,18,441.4942852458353,195.69902235968985,29.527283510811685,2.691771293568422,-10.32856827503673,1.0,
68468529,17,86.56534279466517,998.0899654604572,29.65952245236167,0.21683464625448323,-4.950137513165203,1.0,
68468529,16,66.86735129706774,1292.1103995304925,29.93656610954099,0.4800700930597941,-4.131296695868286,1.0,
68468529,15,85.1659415420819,1014.4900465558563,29.96164739900223,1.5353217344978702,-11.606831085462545,1.0,
68468529,14,89.5637739430661,964.6757410526577,30.029229216524072,7.057623179953623,-2.304330539519185,1.0,
68468529,13,75.26410886294678,1147.957523250973,30.062738963268202,1.4457307133586141,-2.9792016827907446,1.0,
68468529,12,103.90529129387102,831.5264691923962,30.07581195974126,5.5709547363160254,-10.283875131216973,1.0,
68468529,11,10461.51550574881,8.258841651816267,30.24983362610692,1.1531961209413453,-5.478981397764528,1.0,
68468529,10,89.47078092347073,965.6783936411896,30.27936078812013,5.802601582955788,-17.18625196311848,1.0,
68468529,9,43210.90204380183,1.9994954030910637,30.31833578044143,2.7129204653220995,-5.200420621764806,1.0,
68468529,8,74.94293885463844,1152.877126524008,30.32729307059276,6.84891929259777,-12.328408124393377,1.0,
68468529,7,70.25111970249554,1229.8736356928243,30.448280535950744,3.1258975699502116,-6.122095868318809,1.0,
68468529,6,522.3402135958305,165.4094357491944,30.49788188196385,4.261793417674028,0.12243717995636416,1.0,
68468529,5,16372.543139477151,5.277127643760732,30.984843518426715,1.580416194851182,-13.266899131172408,1.0,
68468529,4,86442.23445418733,0.9995114141315989,31.04303460377696,2.5973017601756965,-5.455093791960053,1.0,
79081048,5,242.29715180530036,356.586940276654,31.72451707462028,8.170674596082875,6.757612219272076,1.0,
86179829,11,97.12997343568539,889.5297398306174,27.27629545426052,0.17422911640920802,-5.1014931762272795,1.0,
79081048,6,66.75408259506223,1294.3028597084033,31.719693918483586,0.584667052349161,-9.742693837413029,1.0,
79081048,8,66.80584014164226,1293.300103955194,31.209764215452083,2.9807975845490944,-5.807188744507698,1.0,
86179829,9,130.14418248786157,663.8790789442967,27.603783493937584,2.3054111320931554,-4.777143853449104,1.0,
86179829,8,367.65325979825093,235.00403626887967,27.794436040281226,2.355573103434608,-3.4939491288614164,1.0,
86179829,7,101.85284550315708,848.282633373477,28.260074619543957,0.6645328564737554,-4.79061460596229,1.0,
86179829,6,366.09118247753264,236.00677682342828,28.32896479068495,2.8217495609936094,-2.8125703240006175,1.0,
86179829,5,103.29167240092941,836.4662706266975,28.73195907661369,4.111189640521644,1.3710644330121653,1.0,
86179829,4,130.3410461804239,662.8763734211652,28.900412185716732,2.78108923922089,-6.172490925855982,1.0,
86179829,3,101.61294368242369,850.2853757492794,29.86989233648461,0.1501544111198143,-10.235736196366219,1.0,
86179829,2,164.18653690673202,526.230722858114,30.055021185527977,3.2797063119485586,-13.231977699895921,1.0,
86179829,1,101.73291985332754,849.2826129886606,30.448019693416143,0.3750236093031276,-9.808314890321,1.0,
79081048,20,155.68321348495886,554.9731282258471,29.85634594934811,2.315038611515263,-9.369026644947851,1.0,
79081048,19,60.77474649292725,1421.6431163568066,30.062538979896885,1.535889234461692,-6.450916950023981,1.0,
79081048,18,65.15983953366919,1325.9701162301922,30.144310206430532,4.61370668566984,-1.5888214748334377,1.0,
79081048,17,72.01222740240172,1199.7962445627452,30.28129608694246,0.5073553890056388,-13.123149749720866,1.0,
79081048,16,1075.3048228287023,80.34930948483587,30.30420939354849,3.633338311178136,-3.6338911669774348,1.0,
79081048,15,64.65037624473108,1336.4191365714053,30.522618675946774,6.636752081655061,-11.709514392588076,1.0,
79081048,14,66.85753279565562,1292.3001550786248,30.751922536574398,2.036035478217485,-6.524792317026879,1.0,
79081048,13,72.13263619154482,1197.7934616249,30.84758218205286,0.33918836038010625,-6.206532661552458,1.0,
79081048,12,76.94857113671775,1122.8278670241907,30.863509276825425,3.0430544818475056,-15.32056289570211,1.0,
79081048,11,174.9221014704832,493.93415282390345,30.92248670673291,0.9979028321258028,-13.991994288577857,1.0,
79081048,10,1102.791983657386,78.346597799393,31.04746793476636,2.740301455547069,-4.770198835403278,1.0,
79081048,9,107.94671333625459,800.3949108748086,31.199930660947643,1.4818871944670349,-11.60353587329287,1.0,
79081048,7,94.82348354584944,911.166693830896,31.352223505008965,8.278403841242792,4.928175098000807,1.0,
68468529,3,87.8717237561962,983.2514523070065,31.24975400566018,2.5178505406171325,-4.559515632361581,1.0,
65905383,1,72.48951186377238,1191.8965623933188,40.39930942287299,3.450124546011409,-15.331774859048863,1.0,
65905383,3,85.91314053860292,1005.666880041224,37.06139702759765,0.6976406884478763,-12.82522417359985,1.0,
70102486,14,121.22102617007371,712.7476373511338,31.104155271372747,10.35654712244147,-0.5002977327285123,1.0,
70102486,13,134.37427644692042,642.980206365086,31.282477451730074,4.351525248749226,-12.914490191891872,1.0,
70102486,12,88.20203351674367,979.569252035424,31.327121314006945,2.7532697433490796,-7.2981176989343055,1.0,
70102486,11,148.8948617345853,580.2752290674313,32.09120767387526,3.502098288483978,-11.342929528207407,1.0,
70102486,10,317.60489242856806,272.0361117215223,32.304439550844336,1.6747981560163225,-12.541083557767791,1.0,
70102486,9,134.58415248952377,641.9775166821778,32.52915743356937,2.7693759510297866,-10.086633286088556,1.0,
70102486,8,533.1953433102009,162.04192531691797,32.55446318573331,8.327817939739532,-3.3512029103816303,1.0,
70102486,7,318.77989543378396,271.03340341595276,32.79084785376722,4.125909340878394,-12.698465131310286,1.0,
70102486,6,170.69127992530073,506.1770000073293,33.01339475479847,2.826398297152622,-15.139514901632253,1.0,
70102486,5,72.36533537224484,1193.9418169702567,33.37833166344876,5.646888060004329,-15.621703932193753,1.0,
70102486,4,104.17210232806639,829.396720130528,33.475269609874886,5.1220528375800995,-3.259899656325757,1.0,
70102486,3,654.6064283205133,131.98770476738457,33.86273846439701,3.4418132802774437,-3.2060346966385964,1.0,
70102486,2,170.01857459269277,508.1797692221882,35.98605631059536,6.783982314381291,-19.836733335654486,1.0,
70102486,1,86.77635963822392,995.662878233277,37.64483594919534,3.558215805794049,-1.7317100645327343,1.0,
62198018,20,117.36755017346873,736.1489600174936,26.33739793267614,4.772682127454573,-6.14114773290504,1.0,
62198018,19,130.17402381106749,663.7268901313183,26.440520431003733,0.4999694837546258,-3.5998035178384953,1.0,
62198018,18,171.58240614989842,503.5481314122552,26.45406251599684,3.0217033688977324,0.9723925770329913,1.0,
62198018,17,283.43999442559283,304.82642428459855,26.556657308378817,1.6223444837924603,-1.5324393433582486,1.0,
62198018,16,93.34666289429062,925.5820971108814,26.564150033881106,4.637610963865541,-1.0114636227106644,1.0,
62198018,15,352.0451840718813,245.4230420103082,26.60924002367392,0.5475738032690174,-7.165615889291928,1.0,
62198018,14,78.96735955698517,1094.1229450333997,26.876721276621538,9.458546912628918,-1.9215698568276025,1.0,
70102486,15,275.63783055782966,313.45479619087706,30.660231476674312,11.204747264473326,8.565488895818902,1.0,
62198018,13,6519.050174349536,13.25346449087898,26.89072460733132,0.3128194297135565,-3.7868627019453243,1.0,
90320469,1,157.2731876134306,549.3625538535326,38.29871971416378,3.679887409793082,-8.693546810515954,1.0,
70102486,17,208.2061969858426,414.9732392733485,30.310582878555806,5.780335305417168,-3.870001499602921,1.0,
63766545,18,134.70410904791692,641.4058235540967,28.056549500417987,2.7091436179347284,-28.354878868601077,1.0,
63766545,17,224.05972102626956,385.6114771734013,28.29242632793921,0.7890118562728503,-23.95746050993887,1.0,
63766545,16,209.8421751721897,411.7380118134162,28.310388193794097,4.742919789474286,-12.547140080466647,1.0,
63766545,15,318.4665081029676,271.30011414595873,28.417653777687292,2.232261191947032,-14.4911383197433,1.0,
63766545,14,824.8340609097879,104.74834162971061,28.420888687564002,13.971862642253996,-23.459352774080912,1.0,
63766545,13,99.72152194693209,866.4127694117898,28.716798385392167,0.6616307162081512,-34.0658752076514,1.0,
63766545,12,87.76049367374436,984.4976524539379,28.768105150547854,2.67140703344171,-32.462917184403636,1.0,
63766545,11,228.5331642410086,378.06329023162476,28.824417500509753,6.537338299023418,-52.35317840776554,1.0,
63766545,10,103.12380063803107,837.8279259049779,28.849142396474235,1.560332262489169,-18.03617546581893,1.0,
63766545,9,73.0933541083502,1182.0500106196337,29.445260085089785,5.983135784643196,-29.85379874017451,1.0,
63766545,8,29101.611992137285,2.9689077025473254,30.050270754789153,14.336543432138,-33.133598725116485,1.0,
63766545,7,145.66123960935886,593.1571105100545,30.663868572134106,1.1483008034762179,-25.77918966208142,1.0,
63766545,6,80.2825282030594,1076.1992918492504,30.76931647664719,3.911178213422545,-19.029702157560564,1.0,
63766545,5,445.943444930613,193.74654114142993,30.781959186433824,6.477966620580105,-43.352416725866306,1.0,
63766545,4,80.43220623099542,1074.196569367568,30.94474917504658,5.2394176934348025,-36.72368900269555,1.0,
63766545,3,83.0082682409612,1040.8601676786352,31.216222366764214,2.24814844858804,-39.838406030067176,1.0,
63766545,2,83.16828986120784,1038.8574797460099,32.056884000636956,1.600469833374632,-34.58281884892256,1.0,
63766545,1,89423.85456404589,0.9661851462477478,43.31692269007635,5.958648827628053,-35.70709157808221,1.0,
70102486,20,131.11584472111647,658.959259910752,30.258840858424833,4.806704915469851,-6.051226524968939,1.0,
70102486,19,69.19018879295253,1248.7319590722147,30.272825946845614,2.0751433959390226,-3.1362050572521127,1.0,
70102486,18,170.35381317239577,507.1797243103937,30.290822724498412,3.961004326052546,-14.435682289868254,1.0,
70102486,16,98.5673065828669,876.5583944140983,30.61687350491286,7.9604291758778345,-2.9413475656542403,1.0,
65905383,2,281.0607242077378,307.40687886415594,37.12494380014277,4.883977207426028,-24.466249501932566,1.0,
62198018,12,388.947572178566,222.1379079860504,26.934888377504194,0.5429912429312935,-3.060064607733466,1.0,
62198018,10,150.10939429777574,575.5802320313555,27.502117105164416,1.3473997859626365,-4.4908161529489234,1.0,
116420217,4,90.96417867332656,949.8244392474802,24.11798822845776,2.898832679742327,0.6883306278793668,1.0,
116420217,3,61.12443696550844,1413.5099526357055,24.342779874394296,1.5400991080302617,-3.1077680468280846,1.0,
116420217,2,390.76872117436005,221.1026505405701,24.7645022103992,7.3052934149671955,-10.046866588523244,1.0,
116420217,1,701.244258343745,123.20956495824502,27.47772666559547,2.950860704659931,-4.401342422866975,1.0,
65905383,20,86.16050874439604,1002.7795942606889,32.12376875146697,2.968454256836594,-16.868181550633494,1.0,
65905383,19,78.59083371556746,1099.3648484846865,32.304343293255556,3.6571484898818767,-15.784522801852688,1.0,
65905383,18,71.52383399001728,1207.9889343188595,32.391691417638185,4.087236488520716,-11.231799920872902,1.0,
65905383,17,60.690573020828424,1423.6148334000463,32.522064377443485,4.288613166787627,-20.197278347500855,1.0,
65905383,16,67.66425142409007,1276.8928670840148,32.58086644723198,2.2131125343340727,-8.272618159967237,1.0,
65905383,15,103.42609129495392,835.3791477394388,32.712492935494765,0.9924736076046372,-15.27451113727949,1.0,
65905383,14,393.0249903373813,219.8333493395225,32.89058898231019,2.6443948458883426,-3.5243607523493097,1.0,
65905383,13,189.18044031852784,456.70683425055023,33.03604897162643,5.216672792450055,-23.34132741416994,1.0,
65905383,12,281.98045731153996,306.404212631455,33.437684703565196,2.8287303136708033,-21.758087534054198,1.0,
65905383,11,63.46746880495177,1361.3273323617882,33.604194506872545,7.465710596842712,-9.143251636564372,1.0,
65905383,10,171.7633332890182,503.01771830789244,33.753203294337254,7.607634139897158,-31.307987511697036,1.0,
65905383,9,92.49656973874941,934.0886937108178,33.86186014028192,3.4754609755407273,-25.759194028692548,1.0,
65905383,8,89.86670943044675,961.4238748428878,33.91184756383859,1.3165309244598404,-14.534746326124036,1.0,
65905383,7,70.04190884921445,1233.5471922388792,33.983303775715285,4.336749749741557,-26.861055033717093,1.0,
65905383,6,67.77054214100659,1274.8901996420818,34.5620979129892,2.7854008045897842,-10.638142122469844,1.0,
65905383,5,199.56812100270022,432.93487740374616,35.24124353015873,5.1335084041106995,-3.420935737098091,1.0,
65905383,4,119.89002952376782,720.6604280873204,35.49754549933232,7.300890378778405,0.8685980442990058,1.0,
116420217,5,103.67334529648333,833.386824288487,23.442191228143884,1.3642194233034957,-7.145270379356873,1.0,
62198018,11,64.88587290482415,1331.5687395734535,27.084987979985044,1.1331876155199154,-0.43181399395120934,1.0,
116420217,6,61.08122273430801,1414.5099939440306,22.804976837241043,3.1524477585628574,-1.1166571628105544,1.0,
116420217,8,17490.96020921751,4.939694503133586,22.366222846398273,1.2240805027469719,-8.623132370026099,1.0,
62198018,9,81.78586442269554,1056.4172746705608,27.625191396021364,3.6905928373406027,-9.059503136379249,1.0,
62198018,8,64.7884271957183,1333.5714994129376,27.84501919623108,0.7993553842279084,-0.8902313460405935,1.0,
62198018,7,145.99425051401928,591.8041271885794,28.034964315002526,4.145091314328766,-9.82242851629644,1.0,
62198018,6,78.82308317001461,1096.1256084546023,28.160714726705237,6.427895381740171,-9.3405792703482,1.0,
62198018,5,873.9993072468338,98.85591359582052,28.16205014880643,5.204937428021964,-14.196915257983619,1.0,
62198018,4,146.24202528295862,590.8014459785252,28.53966941937597,3.2716982362052818,-0.41927556793001486,1.0,
62198018,3,211.97510881614684,407.5950260506182,29.391524927805676,6.451458167892838,-0.09113442188549925,1.0,
62198018,2,119.7594329402337,721.4463017966875,29.789060399325535,1.860867319849092,-3.4136632190070486,1.0,
62198018,1,146.48996041746517,589.8015109962377,31.360052249478485,2.9162948216285827,-3.046248654729027,1.0,
116420217,20,1227.0252435341781,70.41419926385841,20.313118512970846,1.914265866955219,-6.604177061371047,1.0,
116420217,19,6100.733425954096,14.162231647826486,20.39795605693496,3.6873441316139406,-1.52691588551059,1.0,
116420217,18,392.54394722284866,220.1027441927423,20.50675677200877,6.874590540608324,-14.851783273659237,1.0,
116420217,17,190.13573463495845,454.4122132847849,20.538909677656534,3.0038909335076767,-5.600035481957832,1.0,
116420217,16,74.2024132087645,1164.3826159254181,20.556529399392844,2.9366344054684532,-2.9955540322309275,1.0,
116420217,15,1963.027624483859,44.01364449607134,20.558837277465273,5.244856756837635,-11.794358343440763,1.0,
116420217,14,61.16782690544521,1412.5072668276957,20.560284109042527,2.7524448069161735,-2.3146513702400853,1.0,
116420217,13,582.1489386164892,148.41562746010433,21.022102034695422,2.508758917040609,-6.090796134977239,1.0,
116420217,12,578.252576666121,149.41567662029937,21.15514133602244,0.7770363656024699,-2.7821015668595237,1.0,
116420217,11,1255.4013955833668,68.82260948885688,21.86037259382158,2.731520988721627,-2.8041579416844513,1.0,
116420217,10,61.211164750191436,1411.5072038345716,21.87915324188225,1.714395709227972,-4.402254645192073,1.0,
116420217,9,550.9546784652475,156.8187064690655,22.295144618901418,2.1057374235570876,-3.257491287381299,1.0,
116420217,7,185.9266774483573,464.6993168798938,22.636384516715566,0.26046374252555893,-3.802473090945398,1.0,
63766545,20,81.76860222636675,1056.6402952665348,27.930979773227364,9.888064015066107,-14.459391194301702,1.0,
68468529,2,443.76794567625586,194.69635164463142,34.16943671979652,0.7978545013573921,-7.148281837423269,1.0,
76163048,20,580.5734299761798,148.81838461595612,30.997871497983738,9.6041221820077,6.519245756346237,1.0,
56645982,14,121.08474391820239,713.549842896531,30.70087690209334,2.1286795335340685,-5.712549272466163,1.0,
56645982,13,169.65733459536102,509.2618023621978,30.7424024809211,1.5678276053246805,-9.181928054622404,1.0,
56645982,12,85.12318209229474,1014.9996496409271,31.027613156796633,2.038662516513682,-0.7553863999588089,1.0,
56645982,11,74.65719623929871,1157.2896432255784,31.12542441932419,7.428115463937047,0.7156978427925651,1.0,
56645982,10,121.58050898408091,710.6402228609912,31.362163404642615,2.276484892029657,-1.9288248337823006,1.0,
56645982,9,1654.8470309736526,52.21026377837796,31.883708404434856,1.794933243308833,-4.90904633812022,1.0,
56645982,8,136.67732957595308,632.1458011219526,31.99373926293083,3.7407048977682393,-7.664464273544809,1.0,
56645982,7,92.19365961997708,937.1577216496385,32.25350227661579,0.3631369419891257,-5.30242415617397,1.0,
56645982,6,82.28357891701225,1050.027248901502,32.85337198482648,2.677632184874142,-6.947758945507417,1.0,
56645982,5,76.96219540512298,1122.6290978992627,32.87612645523495,4.357596927549366,-11.841194931949303,1.0,
56645982,4,1461.96026077843,59.09873360989701,34.675788629633416,3.502691181458772,-6.900488244919529,1.0,
56645982,3,99.94908541606243,864.4401260935899,35.61144023204065,6.136164010926848,-5.120301837742431,1.0,
56645982,2,111.08480958791213,777.7841121618284,35.861292112044566,6.734151058580551,-6.552460665516037,1.0,
56645982,1,100.18118670731918,862.4373781119091,39.088938712149684,7.184875801396174,-5.63669732671849,1.0,
101359381,20,85.84271144662195,1006.4919728650997,29.46137760920203,2.1684781531023702,-13.39403268730473,1.0,
101359381,19,83.7603267269707,1031.5146009593982,29.532938339204577,4.476428317024798,-8.515837295751425,1.0,
101359381,18,123.5060885761308,699.5606532121847,29.550680843451175,2.744152904642789,-5.795338208823338,1.0,
101359381,17,105.66272767564497,817.6960968225602,29.59032877787547,8.74798909796769,5.913680679341724,1.0,
101359381,16,105.53331061192279,818.6988496714404,29.861123050816275,6.313913579070373,5.8123284864186076,1.0,
101359381,15,63.10128247491929,1369.2273217163406,29.991752698808284,0.41123265130622144,-10.530219552393532,1.0,
101359381,14,127.05438119899459,680.0237755255283,30.029408540056295,3.3832345942020794,-8.896028080529305,1.0,
56645982,15,61.981516718140874,1393.9639520746396,30.43139647568978,2.5947456876461956,-11.427796531905756,1.0,
101359381,13,93.30992788511446,925.9464877775692,30.10965968425421,2.541070769786529,-2.0405516314243073,1.0,
56645982,16,143.16278251117896,603.5088064403428,29.92195795811017,5.150678258557036,-6.7712686511272295,1.0,
56645982,18,228.39114255738085,378.2983833459869,29.719037737517738,3.0507347005937504,-6.656326515927674,1.0,
69740054,19,98.35913891760853,878.413546019082,28.269209354658983,4.199889284281994,-3.6137287556609294,1.0,
69740054,18,98.24698392714456,879.4163092484372,28.28414479905257,2.302655184868854,-3.909196335761038,1.0,
69740054,17,525.1752396529208,164.51651463442994,28.33488261659761,4.201543244959225,-4.659229824408385,1.0,
69740054,16,68.61129302491493,1259.2679162689067,28.624243959187083,4.265206685658285,0.17402386624294763,1.0,
69740054,15,61.340688831310416,1408.5267323554808,29.01959130271439,2.4792116666056074,-1.2863815082064605,1.0,
69740054,14,61.775553650543365,1398.61150397379,29.220133314297414,2.2972081778787867,-5.185976746935893,1.0,
69740054,13,139.86640147192577,617.73234379911,29.231913603926273,1.3963230147354864,-5.288414043422392,1.0,
69740054,12,324.29266496473423,266.4260075367283,29.45463990277574,0.9766406282703599,-4.2145678921014,1.0,
69740054,11,323.0767353268555,267.4287268397381,29.56747448092358,3.97515728305612,-4.2091658381210095,1.0,
69740054,10,61.297050409273794,1409.5294867063997,29.66084661161051,1.169455509159576,-3.129180319828464,1.0,
69740054,9,427.9476154002429,201.8938694615541,30.321665948016403,1.869414665378315,-2.7411354963778365,1.0,
69740054,8,4274.79306101366,20.211504689659154,30.558680029517404,3.063517970399573,1.2429853002580842,1.0,
69740054,7,62.97123529358278,1372.0550279375698,30.708701100808412,4.140562793360317,-10.65997318165293,1.0,
69740054,6,80.52276548478656,1072.9884831926674,30.76034090936639,5.2417786704805,-5.700426272415569,1.0,
69740054,5,61.81987617816343,1397.608752094508,31.19777304597335,1.9444076738201943,-5.341572314532698,1.0,
69740054,4,432.24105773472996,199.88846143585096,32.61311187036688,2.1383428755146667,-3.3936542239460152,1.0,
69740054,3,68.01045728134245,1270.3928697697847,34.00719997026579,0.8056751056234646,-0.7070583727239352,1.0,
69740054,2,68.06418005328638,1269.3901540040415,35.32619093777123,1.7206603807173053,-1.71927227958804,1.0,
69740054,1,430.08358119688165,200.89118435899604,35.876373724855625,1.4004489165112375,-5.045432115632934,1.0,
56645982,20,135.60942272155802,637.1238684306034,29.39439606276187,5.114649258596899,-15.34990253595845,1.0,
56645982,19,73.45822239627616,1176.1787473416987,29.539295639926195,5.90837730798728,-14.038438007903608,1.0,
56645982,17,168.99275300470475,511.2645274060635,29.891552143993977,2.188465695277614,-11.056160475213233,1.0,
69740054,20,434.41439810261795,198.8884355062064,28.245970479168932,6.558548500232433,-8.563053972201033,1.0,
101359381,12,63.227037025852525,1366.504015753141,30.20198302851975,0.834894486204476,-7.672997485557829,1.0,
101359381,10,140.81433643678625,613.5738887551859,30.50293496781626,1.4763705360186634,-16.443264081935297,1.0,
69926480,4,64.97887157506861,1329.6629797607989,32.07891698621688,2.9539152523384473,-7.13009334584109,1.0,
69926480,3,677.6784494152648,127.49409410104494,32.13602264603901,7.44061305395627,0.42530132487922856,1.0,
69926480,2,211.9395927586574,407.663329326043,32.765181424973434,0.97014684718431,-19.544951386937242,1.0,
69926480,1,397.2089964534383,217.517731902953,32.914896943854046,2.946233993885471,-1.3204982542009418,1.0,
56282874,20,144.0078305217871,599.9673746000115,31.33926690454723,0.7495244796323277,-3.261335788527475,1.0,
56282874,19,517.9575019743748,166.80905223045596,31.36248867642098,5.914157802360506,-20.29675856328592,1.0,
56282874,18,143.41645301698696,602.4413390684425,31.440529251605994,7.959193943592112,-9.69287959610989,1.0,
56282874,17,60.66379068963414,1424.2433421616613,31.537974267341724,7.983276437435251,-10.97818434405471,1.0,
56282874,16,204.13588264527843,423.2474902520446,31.63446249728736,3.5483594321923704,-7.517989768215358,1.0,
56282874,15,144.49015536879463,597.964614125259,31.65518023028062,0.5465258420539669,-4.2817888439782905,1.0,
56282874,14,96.76011172502969,892.9299321762796,31.8269065942211,6.503045048062603,-8.589966334566839,1.0,
56282874,13,90.13964195714296,958.5127933066233,32.10573730616329,3.9893094936912235,-0.6321022018627218,1.0,
56282874,12,220.57364743044448,391.70590415722853,32.41930151071551,3.5495047576219463,-2.6800455304809248,1.0,
56282874,11,70.35173541784107,1228.1146937860628,32.490570228852675,2.249584109743296,-6.272202240617929,1.0,
56282874,10,228.8972480559547,377.46194300631885,32.507350239193784,1.9267948735063953,-2.638753936059146,1.0,
56282874,9,2233.875069627069,38.67718529775433,32.546647646502606,1.1084447513340479,-6.069996559840661,1.0,
56282874,8,69.28257955636165,1247.0667309624819,32.76256133816469,4.2816367400807565,-1.3407453746722524,1.0,
56282874,7,3704.5103014637225,23.322920701789307,32.83169745418968,4.24616030061415,-6.141702915868876,1.0,
56282874,6,122.37162763246171,706.0460146815972,32.9532309831186,2.6608444321335867,-0.3264587585567824,1.0,
56282874,5,231.6644651377957,372.95318446274723,33.10728979489136,2.848819828326441,-1.7231444699576457,1.0,
56282874,4,64.72866026739092,1334.8028468855348,33.25035908303721,5.003777398798576,-1.2814564786758922,1.0,
69926480,5,395.38633612308155,218.5204497636058,31.753427859809108,1.3781881246611647,-4.152388879147992,1.0,
101359381,11,71.83747109178387,1202.7149437041035,30.431707129263316,3.397981704139198,-6.3483337905513935,1.0,
69926480,6,688.4940297131205,125.49128426865353,31.55228186483555,8.255813464576875,0.6506667412349998,1.0,
69926480,8,393.5851823368088,219.5204592993635,30.95792315903259,1.020845161725532,-12.288011204682562,1.0,
101359381,9,177.13797536466376,487.7553772539925,31.29960256052533,1.524635450764734,-9.499873479141215,1.0,
101359381,8,76.39896374702009,1130.905391414684,31.29961620677102,5.151835393892682,-6.146330309341479,1.0,
101359381,7,151.44817436049144,570.4921856261037,31.464915557324503,4.340758233226211,-4.335932561868802,1.0,
101359381,6,87.12809782064258,991.6433637499879,31.69888835005304,3.0583981264107933,-1.6327788438101436,1.0,
101359381,5,126.86731735123547,681.0264597997241,31.919707170432446,1.8534950167233006,-9.44588796485678,1.0,
101359381,4,99.346818526167,869.6805925118082,32.198209589475425,7.703921780495165,-0.2659973341539654,1.0,
101359381,3,154.90792883476854,557.7506629254462,32.35121619862878,7.271388076528709,4.6555112906302725,1.0,
101359381,2,238.5778115064224,362.1459994726884,32.925221230651175,4.27487012814683,-13.905123171613084,1.0,
101359381,1,99.23240383115363,870.6833318984363,35.89087237355892,8.663540291633453,-0.7808976980674487,1.0,
69926480,20,174.92661423957986,493.92141027589076,29.41108570079382,3.1838276108489083,-3.932277762742899,1.0,
69926480,19,64.92990472362587,1330.6657443555723,29.420591881400696,3.614416755278853,-3.2076705124607656,1.0,
69926480,18,683.0505191935182,126.49137592635607,29.531315389217525,8.56203130459474,2.392258001905816,1.0,
69926480,17,388.75858736481587,222.24589451684875,29.67231309049157,3.160262363574816,-1.5756372222926416,1.0,
69926480,16,98.1849396448667,879.9720233317591,29.681541919922893,2.291053634037297,-19.85266699120163,1.0,
69926480,15,62.01945649797922,1393.1112086223325,29.926456828728078,2.2314972467859207,-11.719355003399329,1.0,
69926480,14,3467.369625916617,24.918024128206323,30.218350117222826,1.3257069896864664,-5.861766454282247,1.0,
69926480,13,211.41956909681727,408.66604907530615,30.247376964279965,0.8872503993054579,-16.12743170118995,1.0,
69926480,12,98.07347987504322,880.9721048960783,30.25532352150185,1.6523079421689317,-18.38937696035498,1.0,
69926480,11,246.50732822416643,350.49667943920275,30.2636520500007,5.904554225260881,3.173769639744137,1.0,
69926480,10,65.03936052250862,1328.4263453066849,30.708062459672192,3.458980867428153,-13.67801683197132,1.0,
69926480,9,245.8059843362459,351.4967311853997,30.809166827977606,3.2748297086487526,-3.1397058948002154,1.0,
69926480,7,64.64464450111045,1336.5376307161198,31.080266824024875,4.00144862055231,-8.523681242040652,1.0,
68468529,1,439.2493903440883,196.69919161940808,34.179589362323895,2.6062106367735396,-6.320734295576472,1.0,
67840113,1,132.72104938009798,650.989427853002,33.384917441967445,3.1892841759668045,-7.174668023458366,1.0,
67840113,3,79.39885250343224,1088.1769355075392,33.13773212602473,1.7159542780375432,-9.820455674742675,1.0,
80416257,14,335.3151809622587,257.6680237144549,31.001775950905312,5.433593069267829,-8.281863449975077,1.0,
80416257,13,218.6112146712862,395.22217618119447,31.01726579863498,3.048450127357569,-0.3652002619649579,1.0,
80416257,12,1693.7098039944683,51.012280732055196,31.201653607249,5.189633223408407,-11.809308779626576,1.0,
80416257,11,200.57270428588976,430.766490922156,31.253346796536107,4.976177267391904,-2.6501489047987548,1.0,
80416257,10,345.0904160002109,250.3691670183828,31.295433506047516,2.6572784247200616,-1.326676820470965,1.0,
80416257,9,627.0471851063254,137.78867372692147,31.892909318899683,5.501240755445281,-6.3318457465973665,1.0,
80416257,8,297.3849930470441,290.53248153087594,31.908844039754513,9.719414474875066,-10.188781022088932,1.0,
80416257,7,186.54746409829335,463.15290544220505,32.68691874267938,2.1626315517719377,-6.864151795957639,1.0,
80416257,6,331.38601465882647,260.72313307775477,32.783519347887704,5.518952745857064,2.779243594218457,1.0,
80416257,5,233.60693714141982,369.8520303260326,33.26174045518826,3.9213306982227323,-6.1853753464694705,1.0,
80416257,4,197.6092542297249,437.2264868706917,33.285986509112604,0.9053567116062595,-2.8083542267044663,1.0,
80416257,3,82.16312753652537,1051.5665918582656,33.441018805649605,4.604753911222701,-5.172825365321302,1.0,
80416257,2,1385.250102645892,62.37140848065775,33.91055037953231,10.825227540731618,-14.007439848758963,1.0,
80416257,1,112.35716768768299,768.9763081262815,37.041217246151746,4.035003928885942,-0.2791703365126068,1.0,
78995986,20,191.91660196338023,450.195549087963,30.738989320488827,2.970713134843095,-17.946183539453443,1.0,
78995986,19,151.58755800229767,569.9676222681178,30.740991313838776,1.3544213208792826,-16.151864432043965,1.0,
78995986,18,95.77766580994181,902.0892216297007,30.854327392475057,3.3973771644065778,-25.952289035990248,1.0,
78995986,17,77.25060132531898,1118.4378958572881,31.200391068000158,3.610079810971172,-20.17213560933058,1.0,
78995986,16,135.90530278883975,635.7367830911082,31.283027402446578,1.4149169346248982,-7.719209931914094,1.0,
78995986,15,472.80872096092577,182.7377460897984,31.421345443219025,7.492571542414169,-4.8636509173928175,1.0,
78995986,14,368.85179985562576,234.24041860123302,31.600961147290604,6.266609564939984,-4.947514387513337,1.0,
80416257,15,202.43265267977964,426.8086144021084,30.548730173061585,3.81754545939728,-1.5496030631742883,1.0,
78995986,13,151.32204486375647,570.967700560686,32.02599723474896,3.3408868021335536,-26.093498031107487,1.0,
80416257,16,613.6148687425177,140.80493221596748,30.397215666276225,5.321047900926516,-11.201662501634019,1.0,
80416257,18,198.19164438463267,435.9416879973133,30.246102092614592,1.5448358068001369,-4.709240824496135,1.0,
76163048,19,107.30705262069235,805.166090111576,31.301107465617292,1.5677705871079297,-4.074178536310768,1.0,
76163048,18,79.19037706558126,1091.041654321814,31.36516504208521,1.8713556685040942,-9.660907297271308,1.0,
76163048,17,989.0941093647907,87.3526585407401,31.662391418230754,3.127896988505455,-15.777615180390995,1.0,
76163048,16,62.151159526815476,1390.1591001326728,31.77524959489972,3.8582254151839948,-4.086752811472451,1.0,
76163048,15,94.75810084306792,911.7953951302796,31.9069774623556,5.686480544293062,-3.221627073172016,1.0,
76163048,14,114.01994123083624,757.7621867483779,32.1521581689542,4.45783821840098,1.7202730802815438,1.0,
76163048,13,94.86242758447518,910.7926309714204,32.363539073269976,3.158181876012833,-3.7664488378203487,1.0,
76163048,12,133.81439223238283,645.6704586002772,32.49270589183709,2.5268583754264284,-12.18506049317665,1.0,
76163048,11,149.7545498314395,576.9440734672168,32.58036649428186,2.380663331441383,-4.4575549889067645,1.0,
76163048,10,123.64740688520678,698.7611157928532,32.70204906756976,1.5411218972894005,-6.626786023340685,1.0,
76163048,9,977.8992792512669,88.35265740880038,32.704157322585274,3.928981914512974,-17.194001335973468,1.0,
76163048,8,228.49976952362562,378.1185433146212,32.76242654630562,3.9009298907216987,-12.015210978703351,1.0,
76163048,7,584.501172333737,147.81835193765454,32.87281641228037,10.94530217644973,3.251462699081287,1.0,
76163048,6,125.79424264537086,686.835885196845,33.24475613969787,6.101377382613975,-4.637928122360279,1.0,
76163048,5,97.41697675445971,886.9090673771566,33.5364893489467,2.9713632983735465,-7.967025669362556,1.0,
76163048,4,1931.0761309516588,44.7418921580378,33.712446675308456,5.510343694690903,-0.607305495792076,1.0,
76163048,3,193.1373505132367,447.3500323495354,34.88598588648961,2.378743930704644,-3.855498664094455,1.0,
76163048,2,97.52723761977732,885.9063591736464,36.137516929062826,1.9112458117347444,-11.558272346879676,1.0,
76163048,1,192.7054107737296,448.35274553576994,38.466798876950975,0.2988767397366132,-7.261867946820701,1.0,
80416257,20,152.90254669689833,565.0658008415804,29.988898239437844,4.39024468795543,-8.24723864911175,1.0,
80416257,19,180.25324934215038,479.32561723754867,30.224801770754993,1.5889959752719847,-7.2675290043663665,1.0,
80416257,17,376.47375241875136,229.4980711003124,30.283790080403833,3.427014336056857,-5.12353137663041,1.0,
67840113,2,462.4908802250224,186.81449449978896,33.22215389537541,1.4994556702700947,-2.194138639554353,1.0,
78995986,12,100.9838853257543,855.582053723626,32.08481204892087,8.222645551241442,-9.715830418216967,1.0,
78995986,10,86.32253462842183,1000.8973945437494,32.099581335038465,0.4673691354764742,-15.374989117136693,1.0,
86602351,4,2121.8536116519967,40.71911442219247,33.326407711500224,1.9662038209935986,-8.425704723789721,1.0,
86602351,3,126.2161477852064,684.5399857000453,33.95440744684129,6.086570667475883,0.7673545422414918,1.0,
86602351,2,85.99640674628384,1004.6931408995598,35.79763036471445,1.0668985160222633,-9.44955294127476,1.0,
86602351,1,397.71105452956493,217.24314427769374,45.156233944761425,4.910960195664302,-16.63150649674199,1.0,
67840113,20,67.17403963801841,1286.2111682665618,30.97797428151671,1.8789684245657554,-2.4699025471845744,1.0,
67840113,19,67.2263102417248,1285.2110979961951,31.058581154655712,0.42383162749632675,-3.6266325146970075,1.0,
67840113,18,81.57760906735713,1059.1141489408094,31.05906690040547,3.21502003627819,-8.730442934681037,1.0,
67840113,17,125.07765109430116,690.7708870776563,31.071433991264257,6.896691962698185,-8.318216204059127,1.0,
67840113,16,139.59043981737648,618.9535623860451,31.07838523773944,5.188454587041747,3.4578383759508142,1.0,
67840113,15,68.5330099507553,1260.7063378959,31.128749429364234,3.361359618348274,-5.308377294409183,1.0,
67840113,14,76.36666728423263,1131.3836661016494,31.143809113214502,4.717239341224911,-5.560876091269847,1.0,
67840113,13,132.8943227072807,650.1406398699869,31.231954666610363,1.9426801119684,-1.7623770525678424,1.0,
67840113,12,1060.276378349742,81.48818719745181,31.246180470802756,3.7983642148829517,1.525712273284853,1.0,
67840113,11,96.62972148905301,894.1348341750947,31.284866186605086,5.601942919454245,-10.86841835680184,1.0,
67840113,10,66.24481391256563,1304.253041061245,31.305721957520745,3.325723612722072,-7.050051823881006,1.0,
67840113,9,126.37078967381429,683.7023035387681,31.499706545514982,9.35736353422351,-11.169146123185783,1.0,
67840113,8,123.16755108815043,701.4834608359139,31.6998144758104,1.0244392206511748,-7.511255417406176,1.0,
67840113,7,132.7267611952281,650.9614129204436,31.848428987807438,1.1455457898642862,-7.276872740990825,1.0,
67840113,6,81.20101599377493,1064.0260955186034,32.00144867097015,2.016853822731264,-6.339415434962234,1.0,
67840113,5,381.823740569048,226.28241992295827,32.50195428400684,1.2658086641501995,-8.541761421554895,1.0,
67840113,4,132.70179712991916,651.08387277839,32.629550868248316,3.8756144985840137,-9.763786951224972,1.0,
86602351,5,69.53206012725549,1242.5922637970643,33.18407341995294,3.5052354615338572,-4.829213132537404,1.0,
78995986,11,134.8575526096087,640.6760194596914,32.09009764573523,3.440929001633748,-14.007351610663648,1.0,
86602351,6,104.82796679581212,824.2075339331268,33.146707924306156,5.9083063983378565,-17.77030486444056,1.0,
86602351,8,69.42017143746433,1244.5950249176722,32.04942110615616,8.30387819919747,-0.9812182554052811,1.0,
78995986,9,136.3347948255795,633.7340376720132,32.5238110349045,1.3513436804457228,-9.863331252708576,1.0,
78995986,8,117.96244728280631,732.4364828822374,32.68577906973678,1.1407747042441372,-10.769724648136076,1.0,
78995986,7,228.2490266971784,378.53392520542155,33.05086019935425,4.32078000603866,-3.097841527841098,1.0,
78995986,6,399.330115740267,216.36234432215085,33.337566759082165,5.96835304440512,-16.96077398436239,1.0,
78995986,5,61.20096037569223,1411.7425522347899,33.45689019953056,13.86345299638765,9.999140131192803,1.0,
78995986,4,3042.792406989731,28.39497029160675,34.19248899232639,3.278970766096279,-24.912581530919,1.0,
78995986,3,61.287906138936755,1409.739791144689,34.3619686823821,8.416537328011515,1.7262786903125686,1.0,
78995986,2,69.48488525562391,1243.435887994174,34.9361209037902,4.679677599136653,-8.179770049706036,1.0,
78995986,1,151.85468805056203,568.9649829660311,37.56255734340357,2.048917001846263,-28.45850467500017,1.0,
86602351,20,71.04105814030734,1216.1981009539368,30.7287467892952,2.6176472500067973,-10.731665895599662,1.0,
86602351,19,71.04577863273487,1216.1172931418978,30.78434829566322,2.4246087590260856,-13.204634239084328,1.0,
86602351,18,164.52620724198357,525.1443004026934,30.88519168795642,4.178910592071787,-3.4772283840229363,1.0,
86602351,17,94.81533626955239,911.2449884095937,30.896714718191106,2.9084836751295597,-10.658033378401853,1.0,
86602351,16,316.5767490299757,272.9196009016412,31.148729116046752,2.265288165321209,-10.213871803983551,1.0,
86602351,15,96.4803566023708,895.5190781071066,31.176413828086652,6.271085865826933,-22.2511823203198,1.0,
86602351,14,110.47024233396152,782.1110751147354,31.331425877452602,1.8556315273688995,-14.333009178280406,1.0,
86602351,13,71.69527693942034,1205.100303510991,31.351006721100703,0.2098391630331662,-9.523845118492318,1.0,
86602351,12,94.91978480873132,910.242265867973,31.37165553751811,1.652084414865783,-15.990769128488523,1.0,
86602351,11,2070.858530296537,41.72182635171507,31.401268659379753,2.225124890547221,-11.570754257608996,1.0,
86602351,10,266.34418121822614,324.3922942292819,31.85241514000552,3.787767934667386,-23.12600976736286,1.0,
86602351,9,399.55528675390013,216.24041243938473,31.87878141417832,2.650961163323359,-10.620432365968611,1.0,
86602351,7,65.2273511834995,1324.5977098922351,32.553656453221265,2.102329220152569,-14.653340787640559,1.0,
90320469,2,106.01072310806536,815.0118918812151,37.15423166072651,2.49166617956314,-14.148069459889257,1.0,
80118640,19,4630.609179278533,18.658452193856156,30.28036507777847,6.864512009611161,-9.565782347359786,1.0,
90320469,4,96.16650705143473,898.441699185236,32.83392608673489,0.9063455482792051,-7.882099237785951,1.0,
79877372,19,197.29110733011623,437.93154779871395,28.862697287506023,0.8953943561794091,-2.05976860041568,1.0,
79877372,18,455.82732096897684,189.54546168126745,28.93937644928559,2.8929137233833586,-5.237017289442221,1.0,
79877372,17,1104.2547237330257,78.24281675510298,29.047182714690337,2.563122604336556,-5.141456271867909,1.0,
79877372,16,99.04258065445393,872.3520674550861,29.067137291906306,3.7063712501695107,-8.3468688788749,1.0,
79877372,15,89.29390027274177,967.5912882749824,29.17181909925995,4.331383661149076,-2.7483733700405963,1.0,
79877372,14,615.0172816506664,140.48385724724355,29.63337640038526,1.9388517486943613,-3.8864701866510387,1.0,
79877372,13,63.991655303080954,1350.176043904277,30.408502829618044,2.091819278655308,-4.220434967840177,1.0,
79877372,12,89.38653759707977,966.588507874173,30.44489586155953,5.394559271523093,-5.021225554338287,1.0,
79877372,11,78.98200649193495,1093.9200437864606,30.574085735408232,2.0987746169277983,-2.0212185111036547,1.0,
79877372,20,151.4731017628243,570.3983017082769,28.825238095284305,12.60680320267086,-0.03359603420794599,1.0,
79877372,10,1713.1932971081774,50.43213754445619,30.749736792848353,4.491056104895151,-9.728220137315816,1.0,
79877372,8,451.06138557031244,191.548207769454,30.810122088386322,3.073598644058521,-5.239211980344166,1.0,
79877372,7,114.7445979528714,752.9766240976916,30.925163192665707,2.907866456217832,-9.592206161131372,1.0,
79877372,6,79.47480838577836,1087.1369400553456,31.118817251631526,4.638668797963163,-1.4145439729694687,1.0,
79877372,5,267.57938328011863,322.89483195927374,31.163502794179294,3.926865026819925,-7.146726267394158,1.0,
79877372,4,266.7509508852056,323.8976270310715,31.35429767341867,1.7458306418143792,-4.737364438996835,1.0,
79877372,3,161.48103014921205,535.0473669889552,31.449072381628696,5.482302374369482,-7.020884884675766,1.0,
79877372,2,175.29380794858392,492.8867768412122,31.58114433641157,7.533766211947025,-1.3886335713143012,1.0,
79877372,1,196.8403897370499,438.93430670106795,33.33475458542017,1.032825669941431,-2.3319044661354553,1.0,
89992600,20,120.42679567537554,717.4483013971513,31.991691457940306,1.1358770716775553,-6.754793401224788,1.0,
79877372,9,265.11167098486203,325.9004014385073,30.799783700392027,0.7788148092635652,-5.764378531779968,1.0,
63128870,1,287.6352644400561,300.3804146483783,37.27775537384423,4.045692146260535,2.1319733110159405,1.0,
63128870,2,94.57773960346016,913.5342033152061,37.269711508956334,7.645462068558288,-14.121525145268947,1.0,
63128870,3,1474.4165264754008,58.59945168041461,36.93722903941898,3.07081396787612,-5.767852596196235,1.0,
89932486,4,65.3410643763869,1322.292509688952,34.39652938618383,5.625543981669466,-24.378903932252797,1.0,
89932486,3,67.73945769880541,1275.475224265394,34.83507131454007,6.324815202212903,-9.947691891630711,1.0,
89932486,2,483.65057821036896,178.6413660864464,35.3730273870699,3.5794989908716843,-0.3525902545242161,1.0,
89932486,1,1507.7465488664998,57.30406086152488,35.67922407066931,2.9615234768353957,-18.76000767422778,1.0,
63128870,20,276.107131100189,312.92201565286143,31.72855674494417,6.235778808502744,2.431375525551516,1.0,
63128870,19,188.4042487859794,458.5883840557511,31.77820073814064,4.524708606854176,-7.29272174887717,1.0,
63128870,18,187.99427491315265,459.5884637439839,31.950028147128705,4.491083063715223,-13.819524617166906,1.0,
63128870,17,102.19480404085517,845.4441574687029,32.16045525134018,3.3966884451236865,-3.345370379603821,1.0,
63128870,16,186.3135589749496,463.73436520321496,32.272639242202786,0.3542972664922672,-4.438657458933619,1.0,
63128870,15,152.92057827019127,564.9991713171668,32.40691667278497,5.010761766703922,-12.6218991778033,1.0,
63128870,14,95.1724782931116,907.8254717073336,32.50832512795023,4.147632148143543,-12.027682119385872,1.0,
63128870,13,641.0696796829016,134.77474093414753,33.122682548357716,3.8448710540776574,-12.62289037969822,1.0,
63128870,12,134.08920728982915,644.3471607170397,33.272841537189834,1.4721886590393751,-4.176600542617621,1.0,
63128870,11,81.65352065063178,1058.1295125004692,33.53944869140605,2.390532290769272,-4.377497046494511,1.0,
63128870,10,114.516023432622,754.4795689734661,33.599496831177476,6.211983349991328,-5.728103894294804,1.0,
63128870,9,101.31886632591453,852.7533235722882,34.010215137981504,5.843731349768859,-4.115267037954254,1.0,
63128870,8,1526.591411130682,56.596676340532504,34.04519158220228,2.7832337600891606,-6.88372379430615,1.0,
63128870,7,107.94950140238494,800.3742386724091,34.065498035996825,5.28678038635303,3.4476629021719987,1.0,
63128870,6,187.5850025216788,460.5911924649463,34.23421608984586,4.402896549813647,-13.400125032178039,1.0,
63128870,5,645.8750938634339,133.77199526797162,34.28186638281386,3.290097792377196,-12.594282834366027,1.0,
63128870,4,1449.610320330023,59.602224672579524,34.772791198657615,0.7528683466632629,-9.628066491686297,1.0,
89992600,19,7757.909035811818,11.1370215352053,32.00205006636679,2.1968693621651028,-5.738116063255234,1.0,
89932486,5,139.88073550936483,617.6690427411688,33.83735015314892,4.790795483577085,-10.56321437911106,1.0,
89992600,18,65.01200214243818,1328.9853742806097,32.07817339409621,1.0476624427859065,-12.717433758594666,1.0,
89992600,16,123.36922541494216,700.3367307316777,32.94533351603695,2.3969367984500423,-9.890513291104753,1.0,
79154976,10,314.21242520653055,274.9732126067568,33.14659927274573,5.635914147688396,-10.311563363860017,1.0,
79154976,9,77.49704519306115,1114.8812162419838,33.37522308216802,4.898875965660267,-16.713570416965794,1.0,
79154976,8,80.75945511314994,1069.843770973284,34.13434932927993,3.2410962993663333,-5.284573874881119,1.0,
79154976,7,118.64941564852703,728.1957481859087,34.19409098684554,3.016921917615136,-5.96532169206742,1.0,
79154976,6,318.23454281010135,271.49786832398354,34.56691777976033,3.1511352504266767,-0.8168288829529899,1.0,
79154976,5,84.62175281648443,1021.0140670020388,34.583485034807666,0.8751363522379165,-3.991770032720666,1.0,
79154976,4,81.0254558135441,1066.331551393229,35.46510285071179,0.5377911692407622,-7.720376338653523,1.0,
79154976,3,80.8735641317285,1068.3342687762583,37.07670374088974,1.108874342427356,-7.270653323384096,1.0,
79154976,2,81.10172255089522,1065.3287905910981,41.339528415509164,0.4383234113741139,-7.819749367470891,1.0,
79154976,11,80.60855763326933,1071.8464954189974,32.90208894754011,3.600219981179123,-5.338726932312795,1.0,
79154976,1,80.9495452072416,1067.331506048669,41.742886640003064,1.0038898180983153,-7.111827615879548,1.0,
57071773,19,360.540126237273,239.64045528496817,30.31095773695074,3.0580030254311623,-8.7844266558659,1.0,
57071773,18,689.8001623085981,125.25366725174378,30.42363663182823,0.7833868419694454,-5.729142572183207,1.0,
57071773,17,480.5678510046883,179.78730749335352,30.46903845069619,10.099999813601954,-12.249369478676499,1.0,
57071773,16,76.94464523190304,1122.8851564601996,30.469249631680213,2.699993774782172,-12.510861348621233,1.0,
57071773,15,282.0401242084606,306.339391398581,30.497473320960125,5.227441667007895,-3.0735956078629556,1.0,
57071773,14,133.57249259799065,646.8397670771603,30.641924575675148,2.44273818534532,-12.671532571582873,1.0,
57071773,13,63.05742681102139,1370.1796024587975,30.82606229140174,6.07268758957764,-15.494439475420279,1.0,
57071773,12,297.1152299355883,290.79626789488606,30.831979507660435,1.3919922533205522,-8.688180258865657,1.0,
57071773,11,98.50257995385961,877.1343861294935,30.907807347748985,1.9259935698575532,-1.8157836587184875,1.0,
57071773,20,133.01218015757897,649.5645729409313,30.286389630694657,2.7085291805841507,-5.940910349482522,1.0,
79154976,12,81.80630539403981,1056.1533073011126,32.821492827735426,5.450384369291612,4.6529458498310845,1.0,
79154976,13,75.20083670865404,1148.923386780046,32.64165978116546,11.626513259287663,-16.10351957470853,1.0,
79154976,14,126.4553736581414,683.2449859629784,32.59573748216849,8.13877999487228,0.4433176995106294,1.0,
89992600,15,108.42583361888657,796.8580652438727,33.085366310053814,6.6041819242133215,-9.118473575196901,1.0,
89992600,14,149.02898511191367,579.7529919103838,33.42024460492803,1.3453406031673012,-5.510761870089368,1.0,
89992600,13,103.1094562310969,837.9444830584076,33.484844322168556,0.9093922912904873,-12.545680119022961,1.0,
89992600,12,149.28648542244414,578.7529913073456,33.632998368572316,1.0985626664942174,-6.060346315157858,1.0,
89992600,11,72.69201739405443,1188.576175175278,34.31167687316838,4.32180663988413,-11.55713145031865,1.0,
89992600,10,70.48104130138152,1225.8615707811123,34.405947723552345,2.363102294180578,-16.728015979596194,1.0,
89992600,9,115.63491974650397,747.1791409498701,34.711355710167936,5.632922613782171,-0.7434950515036007,1.0,
89992600,8,62.86069372717669,1374.4678093275086,34.78394831814694,3.115618516293466,-18.73698547105994,1.0,
89992600,7,119.92827705481031,720.430595034005,35.019016516124566,3.0599221287275213,-6.97870976446427,1.0,
89992600,6,2327.94434326521,37.11428937292119,35.794065729515296,2.0588900974785247,-9.257492063038285,1.0,
89992600,5,814.6471454883331,106.05818786513795,36.46698575850269,5.561795672178675,-7.523738496669182,1.0,
89992600,4,62.81486951414478,1375.4705003493523,37.01234397915641,2.117705870739371,-15.876933264103627,1.0,
89992600,3,148.77166770353477,580.7557402137475,37.94729584527522,1.3495929968436826,-5.0686630923622715,1.0,
89992600,2,62.906463345568596,1373.4677711155477,38.82692058167959,1.8562630793934431,-13.467658354376113,1.0,
89992600,1,72.75339218596301,1187.5734918195328,39.0189940150824,5.028214417501033,-8.808729608777412,1.0,
79154976,20,840.9060703701455,102.74631500991414,31.617822942990017,5.2067030932308995,-5.563897121158874,1.0,
79154976,19,311.9785035861885,276.94215789496144,31.820176636577173,4.631205847535739,-14.459353772658105,1.0,
79154976,18,82.78437058405555,1043.6752661213181,31.851414140460577,1.6388322157774127,-12.013047435908746,1.0,
79154976,17,134.50013669813205,642.3785292792192,32.19733968667538,3.1551677333124672,-4.853844197160981,1.0,
79154976,16,470.3362961542155,183.69834670737566,32.19789058593335,3.960969884266774,-2.221157104013841,1.0,
79154976,15,80.43544214676416,1074.1533544672109,32.20798511223262,1.625668496985952,-4.4506189950461845,1.0,
89992600,17,120.26259963768644,718.427842573636,32.62691225395838,3.9141268340876536,-4.857583627290808,1.0,
57071773,10,617.0542288699994,140.02010837560064,30.915910733466944,0.652582788334314,-4.444294619882442,1.0,
89932486,6,71.66850682994612,1205.5504407955439,33.482823611106596,3.1390306462865283,-16.659946349541542,1.0,
89932486,8,248.65934141214382,347.4633187288755,31.79579371625323,1.0867801195973925,-7.354084240846532,1.0,
101532055,17,99.25362914194666,870.4971369503863,30.483348551533425,2.71608217680847,-7.911508687521376,1.0,
101532055,16,96.47435177643534,895.5748176491393,30.485512687571372,5.806664217985642,-14.06294598291943,1.0,
101532055,15,107.39594899233339,804.4996185672495,30.490298216275676,14.478453272977958,-10.849320674378205,1.0,
101532055,14,81.94129307740131,1054.413431313404,30.50013203623155,0.35308864766582815,-10.38310598886602,1.0,
101532055,13,90.52495989247055,954.4329000822496,30.752076963258787,1.2242211449925264,-9.75906226439362,1.0,
101532055,12,2993.126636875009,28.866135811148446,30.913219596395948,5.128003769742378,-12.053684901586351,1.0,
101532055,11,98.45695776502275,877.5408255676773,30.932238927637286,2.2349047462161025,-15.232316535188886,1.0,
101532055,10,165.82849018742897,521.0202414696396,30.98676548085143,1.5237687590019817,-15.469857180578842,1.0,
101532055,9,155.5350606201675,555.5017605387226,31.007314165657874,2.068932666778551,-12.943133220833133,1.0,
101532055,18,155.25481792956302,556.5044689253926,30.449855892373307,1.6352583766338142,-8.051094412487629,1.0,
101532055,8,401.31658169091645,215.29137828285158,31.151065773706648,1.289338878618537,-7.971561551973224,1.0,
101532055,6,71.88203047710743,1201.9693854852385,32.11405667089821,0.8553949915468024,-12.165669148254395,1.0,
101532055,5,800.4311015367264,107.94183263759109,32.28559339283879,2.601635206978486,-12.698814476836716,1.0,
101532055,4,96.36645241442172,896.5775727473995,32.5495296113005,4.758648602850144,-12.664289936142637,1.0,
101532055,3,2798.9342398526946,30.868892441198316,33.944134117210865,4.172160710945434,-14.081089797794704,1.0,
101532055,2,2892.902149186163,29.866202015960415,35.79989070369811,7.48741980317854,-18.997693544151204,1.0,
101532055,1,226.1806676350665,381.9955122751824,36.13325203291578,1.1548104128594616,-15.668920098903314,1.0,
70357110,20,1478.1307631070383,58.452203388546465,31.52199191746422,2.6522164976271085,-9.303082843882407,1.0,
70357110,19,128.14234364634083,674.2501935071108,31.569759973002306,10.310455475584149,-2.7690382680603136,1.0,
70357110,18,87.10167190288529,991.9442200412913,31.629090194588343,5.2342610643239595,-13.573903820091772,1.0,
101532055,7,98.56928696979344,876.5407832003217,31.154702121539913,1.9135308622242917,-10.942727911491517,1.0,
101532055,19,107.52998154271462,803.4968365141859,30.403208610651063,9.56379763927022,-9.610377723000212,1.0,
101532055,20,98.6821755530398,875.5380545249698,30.393833057015456,4.342503893288608,-14.640280968414828,1.0,
62786042,1,140.3916866163414,615.4210557788339,39.04438323626721,2.512580849889474,-8.341161472859142,1.0,
75306024,2,209.2166992431602,412.9689470895552,35.22730461592846,1.8778401148460375,-6.951169284197732,1.0,
75306024,1,209.72590554384757,411.9662746285593,37.48758596280186,2.7180727202917296,-12.000955859756743,1.0,
62786042,20,640.8172367231479,134.8278339730855,29.81882302587894,6.654806571497318,-2.3402656549901337,1.0,
62786042,19,140.75566539045315,613.8296441591057,29.8809674794727,3.805856431606202,-9.1636447717745,1.0,
62786042,18,119.90169578788114,720.5903088547705,30.013353472644326,2.2770050442362333,-12.62025214295494,1.0,
62786042,17,75.7585883314401,1140.4647565765647,30.224881729920526,4.214171927217279,-15.76803553636799,1.0,
62786042,16,1155.7841429758166,74.75444314155799,30.304753667620957,4.308059676265913,0.7086291741544528,1.0,
62786042,15,73.53565472705715,1174.9402425352916,30.45970909038897,3.1865599762552677,-12.051113036527141,1.0,
62786042,14,768.3327435882875,112.45127937212786,30.490410048474132,4.684464823767684,-0.6212622333853517,1.0,
62786042,13,318.1612663067518,271.56039766543535,30.841616981803327,4.361024286928313,-3.0459327748373823,1.0,
62786042,12,228.94022726363784,377.3910816490342,30.908979679993422,1.097945451440978,-8.394960272807765,1.0,
62786042,11,163.98777841681093,526.8685315096802,30.997605349533615,3.5734060243351564,-2.6615803662537303,1.0,
62786042,10,88.98636972771396,970.9352147342576,31.041305619653713,2.304939906930315,-9.019895297610162,1.0,
62786042,9,154.6416927449717,558.7109043256988,31.30655141670536,1.9124105770878828,-0.5172558167750765,1.0,
62786042,8,105.6092564152833,818.1101063741282,31.486820620355616,0.2622953881633521,-7.764605479302503,1.0,
62786042,7,262.36276803964455,329.31501922157054,32.53053503696685,8.248089743736756,-10.900741637112134,1.0,
62786042,6,187.1954621078531,461.5496499066865,32.75627607355443,0.4628255799852923,-5.633302481949357,1.0,
62786042,5,140.1633215492313,616.423747989253,33.50493045745054,0.6482788435532996,-11.83578707526604,1.0,
62786042,4,140.62017724420636,614.4210716642353,34.08686650378229,0.7689582866343017,-5.770624600940749,1.0,
62786042,3,153.54096768532492,562.7162659093877,34.11644039883993,9.374749412846029,7.754762442685404,1.0,
62786042,2,154.08937002273174,560.7135650386136,34.73225947324545,6.065154349407663,4.8639279406263825,1.0,
70357110,17,191.48748443455648,451.2044233863671,31.73337100943911,1.709276682149948,-6.339372213633482,1.0,
89932486,7,98.11563630853327,880.593585800204,32.737329312493785,2.0359524961799025,-6.323263475475187,1.0,
70357110,16,157.5018384803268,548.5650252317025,32.052215316786715,1.0813725807800836,-3.048102932758269,1.0,
70357110,14,278.69346574077997,310.01803278862263,32.17376962783601,2.0557546849810535,-13.885464336385581,1.0,
75694282,8,264.57821821255624,326.5574943534776,31.98220696404485,6.235612112684038,-14.413171289176972,1.0,
75694282,7,260.50242830328506,331.66677394427364,33.255103366858634,1.5916820080684317,-5.810459692201761,1.0,
75694282,6,396.25876773777765,218.03933952869602,33.36520334244949,5.439786052533691,-9.221248203722268,1.0,
75694282,5,211.39905184714098,408.70571199380004,33.72202182631975,0.7686408095285913,-7.568137344737096,1.0,
75694282,4,372.3472822233679,232.0414412160779,34.49937179826611,1.4377494014230479,-8.323478827064804,1.0,
75694282,3,261.29243218643296,330.6639969517117,34.81970357794182,3.3102186854704883,-4.529771437575107,1.0,
75694282,2,426.6042454613619,202.52963002410007,36.38410515303951,1.6436321535204854,-3.2490088588410515,1.0,
75694282,1,370.7451624089539,233.04417362753253,37.684894109670836,2.71477790146659,-7.682953811843191,1.0,
89932486,20,108.47428114029753,796.5021670736191,30.761253564847266,1.1888796383126419,-12.322802700069246,1.0,
75694282,9,150.3755476708602,574.5614984499413,31.926672410997412,4.384073471735974,-10.389554389613608,1.0,
89932486,19,943.2743478053311,91.59583338720334,30.791944689670572,9.197378799166643,-15.997858947141026,1.0,
89932486,17,567.6388814898739,152.2094465643846,31.00549922368873,6.115594611233405,0.8602667183385506,1.0,
89932486,16,105.14274125643266,821.7400361407642,31.0410878382786,2.413615736504312,-1.1538116812445196,1.0,
89932486,15,71.77316705746674,1203.7924971434238,31.04928417889414,6.358020581353685,-6.7114624267460385,1.0,
89932486,14,82.5087765032499,1047.1613283054419,31.103284057267956,2.7247604904989657,-20.8368302787743,1.0,
89932486,13,135.74795989931434,636.4736535568105,31.28582038023751,7.751070216191749,3.405305699266478,1.0,
89932486,12,64.98789840574501,1329.4782893358208,31.316648322239644,4.327706101442573,-3.842514445057077,1.0,
89932486,11,81.72045523921115,1057.2628327521052,31.340435902220634,0.6884129103081591,-15.430904402808437,1.0,
89932486,10,139.42866298872107,619.6717242206448,31.445601529934038,4.598101186954409,-2.2690708936153214,1.0,
89932486,9,94.77689723465046,911.6145655843662,31.719564406926338,3.2115507290062624,-14.79324388897669,1.0,
89932486,18,377.40444587192513,228.93212028911935,30.87643801880722,1.8631793327688229,-8.531708743280035,1.0,
75694282,10,77.90845737453566,1108.993848827506,31.71400306022008,1.5037034660840334,-5.672409109345978,1.0,
75694282,11,921.2980231720351,93.78072874022267,31.52868732991294,1.2748784454480813,-7.208102998414944,1.0,
75694282,12,211.91898123070982,407.7029792151507,31.517320456124367,0.9667544294880486,-11.654156492390115,1.0,
70357110,13,188.66184315307862,457.9622384474203,32.19038680813844,4.843616439399568,4.64734290877027,1.0,
70357110,12,294.74649327090117,293.13325848660685,32.201503418026846,2.429195164033416,0.2330479621875554,1.0,
70357110,11,65.40881144267321,1320.9229474491258,32.480009134526085,2.050606992508733,-1.7731633802910665,1.0,
70357110,10,279.5978044229359,309.01530209910493,32.49549401422348,1.81708411866353,-12.446543039050113,1.0,
70357110,9,1274.3224356179264,67.80073675631719,33.05930522989581,8.277608039369056,-7.2765309298226555,1.0,
70357110,8,60.97629507074649,1416.9440747384895,33.070735008889415,0.7378687356424791,-6.381771435452833,1.0,
70357110,7,87.01370940220141,992.9469803503644,33.1060281876388,4.645016405015866,-12.450926357607841,1.0,
70357110,6,1255.750782284041,68.80346102022735,33.22956576179047,12.20526352900481,-8.85181042613408,1.0,
70357110,5,195.5080895471182,441.9254476893513,33.51986548286129,7.241857873403006,-6.375015405786456,1.0,
70357110,4,255.94710040118244,337.5697550961622,34.023090117799825,5.811201399693459,1.8417419162458373,1.0,
70357110,3,1908.8676062967195,45.26243711978512,34.22428931282832,4.290860334134521,-8.390405145040404,1.0,
70357110,2,224.61639775898658,384.6557992293475,35.354833085289215,1.0303821494213992,-2.8567667654824334,1.0,
70357110,1,292.7464086573401,295.1359861125786,35.65109870834726,5.647425183970995,0.06239213764123974,1.0,
75694282,20,520.2774872649408,166.06522887276603,30.76063360788578,2.3115476589287596,-5.72155432719444,1.0,
75694282,19,74.80627109838399,1154.9833821601417,30.795040325628406,3.6871514244018044,-12.827820245845686,1.0,
75694282,18,460.96980785050084,187.43093046133026,30.79751659627584,2.0274722539168124,-4.388819896498063,1.0,
75694282,17,403.7677198676733,213.98441665499126,30.867838701077176,1.0594641829816283,-3.1675385616324263,1.0,
75694282,16,458.5233840043919,188.43095688042908,31.111634871060005,4.349485139004543,-6.525783001123642,1.0,
75694282,15,107.58196918285178,803.1085567243166,31.146474205024333,2.2443124379663004,-11.751611284354993,1.0,
75694282,14,422.4269133992375,204.53242267341756,31.31454850976081,1.4916289489078167,-4.5742256052468235,1.0,
75694282,13,165.84880965436435,520.9564071039226,31.371633035257105,10.709658103855134,8.319297123245263,1.0,
70357110,15,86.31969183868576,1000.9303573681001,32.114748524188485,1.6309143141229754,-11.972943250902262,1.0,
57071773,9,83.29479393431481,1037.2797136413342,31.103656634586287,1.415697360261106,-8.085257103833726,1.0,
57071773,8,82.22820624977325,1050.7343397173795,31.240358308150462,5.681465788400885,-6.980117339501589,1.0,
57071773,7,773.9819807820384,111.63050580673811,31.297572245734045,0.9606517777602903,-6.7203552455122235,1.0,
86474523,2,64.01038515394796,1349.7809736998765,38.425108244388866,11.167252421538024,1.9423896356446448,1.0,
86474523,1,280.10723879915054,308.4532922833625,40.01230893410934,6.260289977584819,-18.00796926514556,1.0,
62992073,20,603.1389135085569,143.25058135844225,31.461127873913483,4.1329899926788585,-13.638354801635842,1.0,
62992073,19,127.4495245833946,677.9154357964318,31.52051442617676,5.187124457610594,-11.412312945343729,1.0,
62992073,18,79.12244220634285,1091.9784272416423,31.53808496664533,2.00336712483886,-6.18503889064209,1.0,
62992073,17,60.150744737367596,1436.3911931139485,31.793482161014254,4.015232413605418,-14.167126052193908,1.0,
62992073,16,76.23877843827691,1133.281536901193,31.808161963514976,3.3922753526237557,-2.3676600351293473,1.0,
62992073,15,156.04633962178187,553.6816833346585,31.98834362888283,5.024024953627531,-16.886562844081936,1.0,
62992073,14,78.40760352089995,1101.9339467118089,32.16118737116449,1.905487935589008,-4.294726683204772,1.0,
86474523,3,281.9377988321083,306.45057299128064,37.44322155252178,2.0915360878165643,-11.675440640124805,1.0,
62992073,13,79.35389563429149,1088.793427334444,32.172128115279975,11.684258045307843,-25.377800233699645,1.0,
62992073,11,122.96125995647363,702.6603340807036,32.29480097105716,2.6041561209967767,-18.411420200097155,1.0,
62992073,10,73.25549242011512,1179.4337481823486,32.431947863946334,2.754410142012034,-2.5571413404856003,1.0,
62992073,9,62.249075923779834,1387.972411121275,32.5338287938057,6.809665725377499,-3.28138042229034,1.0,
62992073,8,2473.8642653726665,34.92511744050136,32.64858942756291,6.292366791301333,-8.313104521295372,1.0,
62992073,7,164.04930503721886,526.6709296963977,32.828817464311214,16.300730071059547,8.448823514904234,1.0,
62992073,6,423.46905007863427,204.02907835639067,33.311235714640134,4.403784772360268,-13.835153781078361,1.0,
62992073,5,796.9568342621851,108.41239611175213,34.600169190005545,2.8849366020433536,-15.388491917270812,1.0,
62992073,4,11121.191254327225,7.768951906692729,34.61201118629879,4.964945247469814,-6.192176303137785,1.0,
62992073,3,192.07129488292605,449.83296464296615,34.94781758810586,1.9069460687708215,-15.384733015559505,1.0,
62992073,12,98.45540784875794,877.5546400937485,32.27459776366322,5.107526675291524,-8.870167111339697,1.0,
86474523,4,65.72554645371426,1314.557347360288,37.09759880848628,3.515499966271392,-3.953606158189416,1.0,
86474523,5,1568.8607070265643,55.07181078156549,36.439581394467496,6.404685806163741,-20.183342057976176,1.0,
86474523,6,2778.0259201074477,31.101221689341994,35.42723604721937,7.010139303403577,-15.590303974948313,1.0,
71619756,7,71165.49558268127,1.2140715004172076,35.91665658020656,4.561333666245673,-15.187695954859805,1.0,
71619756,6,408706.0986016571,0.2113988518781787,36.11530149414057,7.040063683744393,-26.339727109197497,1.0,
71619756,5,74.10226980643093,1165.9561876538069,37.18832100780037,2.338102936717064,-16.02746467294594,1.0,
71619756,4,7378.585474899191,11.709561445607626,38.056665034036996,8.17601648595587,-21.686099424044073,1.0,
71619756,3,8900.983893510509,9.706792084298922,38.32733225328093,9.749141545843372,-22.989920442286348,1.0,
71619756,2,43086.53043215223,2.005267055235578,45.50922984689578,8.03641697844671,1.5171395793641977,1.0,
71619756,1,86180.6402379969,1.0025453484842688,54.76936850625316,9.226352959996916,3.469168553318127,1.0,
86474523,20,1513.844060053171,57.07324966943118,32.095352747104585,8.376639641608278,-18.240557568939266,1.0,
86474523,19,97.79135817542313,883.5136520449105,32.580987016714744,3.906953676684509,-20.041234960293878,1.0,
86474523,18,307.4701354686905,281.0029008778254,32.61986548432378,0.39181255568286133,-8.324522621689255,1.0,
86474523,17,60.79035209887672,1421.2781636709174,32.68047060249842,3.041887308844366,-4.586019632012778,1.0,
86474523,16,1438.1121315252242,60.07876444819808,32.85376897336073,4.35428295395738,-16.649344971149503,1.0,
86474523,15,1349.6962430268554,64.01440357145668,33.10747679742008,2.177198961435863,-8.944068969916543,1.0,
86474523,14,1065.6517100479375,81.0771466749801,33.34988431158138,4.042865406600981,-9.914558155510406,1.0,
86474523,13,63.96286857559667,1350.7836956668891,33.90982343887322,6.091880405812674,-2.2143316278128395,1.0,
86474523,12,1540.8064844503594,56.074530365713535,33.957084837916454,7.084982145082222,-22.464913660010268,1.0,
86474523,11,282.86331088154316,305.44788481310815,34.11421560652457,2.292664570535692,-8.486188693356326,1.0,
86474523,10,1391.7190778252063,62.08149430200701,34.30676395594082,4.771573709791937,-16.576205194947192,1.0,
86474523,9,1462.5214884839418,59.07605507359946,34.47956913938776,4.728508991325754,-10.901390435621408,1.0,
86474523,8,542.3487678236528,159.30708268538623,34.569184924524166,3.142704116912938,-18.935616452421698,1.0,
86474523,7,65.67545018481576,1315.560072399409,35.26237991220364,4.892950705986038,-4.031585511776939,1.0,
62992073,2,558.5686880829086,154.6810658086434,35.06858968814731,2.642560320252983,-11.48621327866249,1.0,
71619756,8,186.47237101252892,463.33941876137163,35.650458071062076,0.5213273199177593,-8.901646190106135,1.0,
62992073,1,88.22423555145382,979.322738927107,35.53182408002158,3.1560849750792386,-16.42046539390867,1.0,
78936479,19,115.1473852450125,750.3427004977722,29.314263490928056,1.8111858181800926,-8.993960314920372,1.0,
71433608,13,170.58023653688585,506.50650833935896,27.59916912510323,4.225697742828146,-2.3757925502849844,1.0,
71433608,12,169.43739603303496,509.922850697934,27.756302936534667,0.6653539979295715,-8.35947978663728,1.0,
71433608,11,1619.550302428086,53.3481423025059,28.113807940699985,1.236674083023388,-8.550117365177414,1.0,
71433608,10,793.2395507500396,108.92043887411484,28.126852284778693,8.198048685820766,-18.727522555887504,1.0,
71433608,9,72.1565245824892,1197.396915939704,28.525102740746433,1.380154109101909,-9.38916105445847,1.0,
71433608,8,765.1023824006754,112.92606321379,28.53663056082428,8.453006984047818,-15.052789602153553,1.0,
71433608,7,68.91128642225065,1253.7859106357132,29.46301952791771,3.4376072691553077,-14.56342956978716,1.0,
71433608,6,75.38915130426086,1146.0534905254574,30.36488173680209,6.943301131950761,-14.723995554486208,1.0,
71433608,5,87.25893289542918,990.1565047046986,30.43034857920179,1.8398865596197993,-7.197186585455597,1.0,
71433608,14,128.06509209130897,674.6569153942261,27.509431392346528,1.994437503245706,-15.561004366803502,1.0,
71433608,4,74.82759972541973,1154.6541692777164,30.576353808076192,2.7824725072331375,-6.3974886824792065,1.0,
71433608,2,276.68628542290145,312.2670134081342,31.548110470206097,1.7146957159513363,-7.146830657994258,1.0,
71433608,1,87.34737656451587,989.1539207955934,31.91968946490033,1.6341997719824235,-12.374505293623997,1.0,
59454497,20,259.40220280559186,333.07350155677824,31.026611096894385,1.509176550094537,-15.459523128662795,1.0,
59454497,19,101.96943734830451,847.3127070896466,31.23741909525063,9.89206993490859,7.7656476857753205,1.0,
59454497,18,124.29492676388404,695.1208890780324,31.324108137785288,4.319692062171839,-8.083091115282912,1.0,
59454497,17,251.7667972198947,343.1747194390279,31.45136159503602,4.18119201583761,-9.606039683138647,1.0,
59454497,16,70.03238124286771,1233.7150110656735,31.5636575079335,9.07193718288761,-21.42943210949005,1.0,
59454497,15,70.94979514757897,1217.76250122053,31.733024529088652,2.4657629633339297,-7.131256216077645,1.0,
59454497,14,114.45994173288074,754.84923975966,31.910996112334146,4.397284221033601,-8.33800374370253,1.0,
71433608,3,72.09632217135467,1198.3967752841693,30.610085340305204,3.343308402816376,-2.030875252634445,1.0,
71433608,15,778.9166975186644,110.92328650193006,27.471711323513773,8.595840993705963,-19.863523519202175,1.0,
71433608,16,1246.0819783731952,69.33733213347513,27.351454450342544,4.007431749356186,-14.309085431385824,1.0,
71433608,17,116.87016932671668,739.2818928709197,27.09895002471262,0.9993190332580468,-3.7281257289578207,1.0,
78936479,18,78.434432678349,1101.557020936416,29.387531118656966,6.345526237266853,3.9656088877046045,1.0,
78936479,17,2741.854168115908,31.511522751543932,29.469306685269316,4.0340639401595695,-6.103831172004448,1.0,
78936479,16,78.61712275972998,1098.99722817453,29.471400325800573,2.326669912620332,-14.25880180968801,1.0,
78936479,15,266.08863348474347,324.7038359680773,29.504495530762654,2.4587338582980465,-9.756753654238196,1.0,
78936479,14,91.65200267914243,942.6962583946064,29.62834659375278,2.424715023349961,-4.262449069871309,1.0,
78936479,13,945.5652783279495,91.37391355230577,29.656637019562424,1.5043963005270484,-7.376205680300757,1.0,
78936479,12,574.5664500646409,150.37425173412,29.716337118198737,4.058688965162361,0.6905958186662531,1.0,
78936479,11,442.84831579973076,195.1006629526681,29.77229851229174,5.671050962211524,-3.952291797223495,1.0,
78936479,10,74.96782956505886,1152.4943499267247,29.814906116935504,3.7750657606123923,-10.19229188735261,1.0,
78936479,9,65.6050652489665,1316.9714818835744,29.882358500182477,7.247923953599582,-6.0123027081507985,1.0,
78936479,8,61.509621327324986,1404.6582979306643,30.00665600675711,6.5385813642404,-2.4856696640602536,1.0,
78936479,7,90.75602445685804,952.0029167988872,30.19549709699703,7.8580062804941235,0.5575016610225134,1.0,
78936479,6,84.271553524597,1025.25699819669,30.364885965868893,6.677005456837946,-17.82290144858436,1.0,
78936479,5,171.56819131830883,503.5898515692976,30.489167944037092,1.0152804351220652,-11.881728419946114,1.0,
78936479,4,1262.627115076766,68.42875380095651,30.63618117037555,4.314064198198366,-2.6613331851750672,1.0,
78936479,3,101.16400391312442,854.0587230433945,30.693471698556323,1.1644148277742943,-8.92571170457478,1.0,
78936479,2,114.84086278764663,752.3454448419035,31.486036379779534,2.9823941225438944,-11.86799235588984,1.0,
78936479,1,67.48531904037725,1280.2784550563638,34.36835006850481,3.960300028603683,-2.4596249274286492,1.0,
71433608,20,280.22086158309725,308.32822193139526,26.943556431819957,2.6062961607329953,-7.395413491000369,1.0,
71433608,19,181.7113349652435,475.47941913764487,26.97691896162621,1.8083392553064073,-10.557943126050986,1.0,
71433608,18,62.53889596440698,1381.5402185733049,27.06842163987494,0.832343353539386,-7.453759666320451,1.0,
78936479,20,91.7843692529141,941.3367515978964,29.2963364760418,1.9430460385523247,-14.731406196920375,1.0,
71619756,9,319.101949900202,270.75986225412066,35.390456056728,1.301886048549136,-14.577882730738793,1.0,
71619756,10,1628.446414340608,53.05670437733449,35.2533571271606,4.087202252969632,-3.0042075238684447,1.0,
71619756,11,1567.855851492178,55.10710689236538,35.02472556118664,2.83453534642274,-18.74882192027178,1.0,
55928207,1,506.1755635151206,170.6917643356741,40.70824044355322,0.4498628599888548,-7.8493060266500265,1.0,
75694787,20,101.85325232274643,848.2792451852289,30.70583398435747,2.865646482232478,1.7921851150758812,1.0,
75694787,19,148.01186102303265,583.7370019052391,30.873486902931973,1.9368956664500274,-3.4002385216470827,1.0,
75694787,18,101.6130130540338,850.2847952560553,31.023676496180997,1.7545243036377371,-0.9228170062662571,1.0,
75694787,17,168.29502961451172,513.3841456750301,31.081935839063135,5.7749826952207,2.3513083454184596,1.0,
75694787,16,101.85291961545057,848.2820161288097,31.171585429771426,3.336177706533988,-2.426732900014059,1.0,
75694787,15,1588.136646823389,54.403379062386335,31.28120686917555,0.31437779644485886,-1.201740792897823,1.0,
75694787,14,115.62833242423697,747.2217075915349,31.569784261641303,5.450923193905766,-1.8525595722447576,1.0,
75694787,13,89.99123592519294,960.0934925687849,31.711595292401398,1.533611550072834,-7.3183474487995,1.0,
55928207,2,509.1668402902367,169.68897650669874,37.03771794025897,4.715487781431818,-0.19135758263115576,1.0,
75694787,12,393.08834103838706,219.797920670363,31.767484913240764,2.074747525116635,0.804600808021263,1.0,
75694787,10,437.40653827821933,197.52791153991373,32.267639347035356,5.58148847565738,-10.85969456397234,1.0,
75694787,9,750.8713259231154,115.06631964375589,32.80970785682666,1.5851046562075624,-2.757969909805041,1.0,
75694787,8,63.51859455102674,1360.2316079363472,32.86702829838714,2.4619999698558956,-5.578097080782925,1.0,
75694787,7,60.1790689660543,1435.7151329266385,33.89255262278209,1.1937753234904278,-4.119979659152307,1.0,
75694787,6,689.6377557908227,125.28316391396413,34.20682936027106,5.1341930933043045,-6.249366785050057,1.0,
75694787,5,77.3400458483721,1117.144411439712,34.64516677194854,3.560999937031596,0.14992543205462994,1.0,
75694787,4,90.0853236446928,959.090743135606,34.81180011110882,2.558829172066879,-8.21403314517039,1.0,
75694787,3,101.73299140067434,849.2820157004378,36.545530544473536,2.8289954287597823,0.2717478622605256,1.0,
75694787,2,102.09429760715697,846.2764525052496,39.08739346256027,3.3720808269850693,2.1589904987079933,1.0,
75694787,11,92.50179539337614,934.0359247360827,32.23047188802013,5.643344909538001,2.0821528305523884,1.0,
55928207,3,512.1851395956745,168.68900192654021,36.98190698483563,2.367880159770152,-3.464248894197368,1.0,
55928207,4,962.1629825387008,89.79767624402943,35.20892122410487,1.9672114001335217,-8.52907784337549,1.0,
55928207,5,972.9975503163162,88.79775696445672,34.2778384643691,4.152386102323277,-10.101154010659286,1.0,
57071773,6,87.47358442882947,987.7267584741202,31.47960477266406,1.4762103228518981,-7.750997929042114,1.0,
57071773,5,225.95441351269923,382.3780144712424,31.75483812152197,1.7197657422801171,-4.69458566919576,1.0,
57071773,4,63.969200088995734,1350.6499984335885,31.994068249897282,2.284848912180564,-1.891912779115387,1.0,
57071773,3,87.38511622724492,988.7267275049091,32.11358626657329,2.3953604397785284,-0.676186986144728,1.0,
57071773,2,144.35770194445266,598.5132683342786,32.39881211459033,2.754381554966642,-9.733071184576602,1.0,
57071773,1,156.28054211333097,552.8519342948322,33.57345350856326,1.380690056817798,-6.142377301351701,1.0,
55928207,20,105.44287914959502,819.4009941384633,30.03612943450196,0.7275960021963783,-2.8462598357266415,1.0,
55928207,19,81.89485831092783,1055.0112886448576,30.094822353947393,4.140904744089028,3.396474454157527,1.0,
55928207,18,63.26251180531171,1365.7377415853032,30.40447309885576,7.056989120779718,0.01656753442753711,1.0,
55928207,17,290.0092309560748,297.92155137670863,30.81384551638871,2.9337285652993046,-3.9227213225069875,1.0,
55928207,16,67.23577026468269,1285.0302697488962,30.94493670529414,2.098795228038796,-2.939121629932629,1.0,
55928207,15,63.80437887950336,1354.1390342999687,30.999424840482106,2.375034449530233,-1.3309863545646294,1.0,
55928207,14,512.1753535662855,168.69222503268728,31.250628493867453,3.7049458502090715,-0.6582747459800657,1.0,
55928207,13,194.91881076597014,443.2614772298012,31.660988845569705,5.8698121747935375,-8.148980184964728,1.0,
55928207,12,284.0076965989373,304.21710761596063,31.752014764545038,6.838737605143535,-3.3840104517082352,1.0,
55928207,11,171.77764517265297,502.9758087157368,31.910158390271363,1.2282871344010289,-4.711880942828145,1.0,
55928207,10,75.20282663097467,1148.892985418894,32.41935551290908,5.037971864483637,4.8305353533835955,1.0,
55928207,9,75.51774108032016,1144.1020184661713,32.58480085065139,3.068728586341024,-0.9848761106070754,1.0,
55928207,8,951.5374097992257,90.80042372504344,32.83761118602001,6.002450231870569,-5.490488631443782,1.0,
55928207,7,75.13724359470369,1149.8957889119345,33.48474653544827,4.94856870776033,-0.4859606595782111,1.0,
55928207,6,80.74507137272302,1070.0343504704276,33.875493551352406,3.510936314465255,1.4767054991289115,1.0,
75694787,1,101.97346722043217,847.2792222827179,42.494123279099995,2.9411735725805954,-0.39742364210246706,1.0,
87230816,20,44056.887741248116,1.961100850051836,68.48483470130282,3.890769883729263,-2.7795884166891938,1.0,
87230816,19,507604.37060120964,0.17021130038275148,68.94523025032436,1.739189545388399,-4.805954347089028,1.0,
87230816,18,90155.42345098346,0.9583450079070923,69.43416020351378,2.193424314068295,-4.847850656820242,1.0,
80164588,12,71.0635582783564,1215.8130284100139,31.100187862671305,4.552138348395971,-12.023230215889868,1.0,
80164588,11,1391.4167831426296,62.09498192544327,31.15067511956829,2.5603686750955887,-0.34907283280105617,1.0,
80164588,10,71.1222196584608,1214.810229699035,31.407844532665763,5.929826889917848,-17.193353238749665,1.0,
80164588,9,71.90701290241999,1201.5517890758088,31.577000610936125,6.533017968634795,-8.981863810847727,1.0,
80164588,8,101.56913852898047,850.6520903034705,31.701350772671162,2.515138196163747,-6.359071179543946,1.0,
80164588,7,486.2738030332399,177.6776775986306,32.444613302797165,7.118190174115938,1.1804840177882454,1.0,
80164588,6,71.96707428774604,1200.5490129353707,32.498375715959355,6.111838915645848,-12.257645577510658,1.0,
80164588,5,1305.262572980972,66.19357804972435,32.780193777172485,3.6474877311239595,-6.3565141265877685,1.0,
80164588,4,503.8451424549094,171.48126025196757,33.158253730305546,2.223479682610531,-1.5829048530664807,1.0,
80164588,3,63.915122842927815,1351.792755093799,33.448604857535884,2.9851205819454947,-3.4878811344119356,1.0,
80164588,2,1285.8390473527988,67.19347975773069,34.597719868634954,0.6253064751686566,-9.569768273493906,1.0,
80164588,1,1266.9310760602139,68.196290731678,34.908242538533955,3.608930679636501,-7.705436906655535,1.0,
71619756,20,1275.9643307382473,67.71349160678395,33.92781298645059,8.866107597911196,3.9357325818822346,1.0,
71619756,19,427.5066861158157,202.10210227353826,34.27908462739197,1.5970199665922564,-8.23670263403585,1.0,
71619756,18,13893.22609279781,6.21885798322892,34.30917957158772,1.71388785488773,-9.718951976279982,1.0,
71619756,17,16564.041525416156,5.216118292593406,34.56955817816379,3.4486718626809534,-5.250554020105142,1.0,
71619756,16,786.7766863844108,109.81515021377473,34.661609570729524,6.620232167534482,-2.6471555821743777,1.0,
71619756,15,423.3117160362814,204.10491070035678,34.84719049598061,2.610409777960058,-11.593232802749185,1.0,
71619756,14,316.6652200539721,272.8433516799668,34.89437276513672,5.219038383733732,-18.02653807956608,1.0,
71619756,13,1063.2178673350402,81.26274271195417,34.92097009261033,1.3538360845928992,-15.57948759183148,1.0,
71619756,12,74.49326989022575,1159.8363198087582,34.93741969748635,3.7054274286209647,-2.240464283012784,1.0,
80164588,13,2484.9646209952425,34.769106678628006,30.893741029137686,1.0103043268607053,-7.682607550369681,1.0,
75306024,3,64.1780035077481,1346.2556526796454,32.92150511202135,2.9771383074414075,-3.78632172048475,1.0,
80164588,14,140.3674361081157,615.5273786824163,30.86751322967598,4.098965350576975,-12.427454635473993,1.0,
80164588,16,95.54852065191459,904.2526185701728,30.4427648095849,1.0081002880252186,-4.251800434656957,1.0,
87230816,17,596374.3643369642,0.1448754426190965,69.68419598463333,5.693597991349975,0.3363963045823084,1.0,
87230816,16,89317.89622028303,0.9673313373493855,70.02729062189542,2.865024473004155,-6.739851554071322,1.0,
87230816,15,101045.71488237155,0.8550585257433153,70.26477755005021,4.646292436362955,-14.178560027341348,1.0,
87230816,14,42494.57594067415,2.0332006635534228,70.53128601449407,6.710785912590097,1.8851908337456393,1.0,
87230816,13,29090.685472007073,2.970022830267772,72.61610744667655,1.5019466969388304,-8.99262721446621,1.0,
87230816,12,92152.8577787496,0.9375726600626789,73.04589001491445,3.118164063227823,-12.150927576983918,1.0,
87230816,11,43105.92232124719,2.0043649537551564,73.30091340995227,9.874474825036032,7.605869771506832,1.0,
87230816,10,250137.69305928797,0.34540975789491013,73.60800928404728,1.450814673877744,-16.68688539864064,1.0,
87230816,9,81120.50728742199,1.0650820968595769,73.81938870134445,3.493812616076127,-8.513289796676986,1.0,
87230816,8,1388804.948116838,0.06221175991427365,74.28694452203126,4.221394145115198,1.2649886280119063,1.0,
87230816,7,86353.84406146134,1.000534497786871,75.99225704256537,9.625363210335422,-34.61563115945694,1.0,
87230816,6,110747.24568546365,0.7801548423640896,77.37724504456583,4.06256761011872,-1.9780930355959185,1.0,
87230816,5,30603.915251129612,2.8231681891358953,77.70027987279559,2.570943272507293,-12.079306122737194,1.0,
87230816,4,86247.128835223,1.0017724783055568,79.93008584883114,12.962805188057871,-44.35879808682421,1.0,
87230816,3,43091.55468100468,2.0050332516335563,80.2904173839338,12.561435338312322,-33.087985427160675,1.0,
87230816,2,43162.84753033898,2.0017215022542203,81.87538741935191,9.837111546637061,-26.751399730890057,1.0,
87230816,1,86192.43685638605,1.0024081363885766,96.90069637384977,16.13995975931286,0.48944939405697596,1.0,
80164588,20,78.231292563236,1104.4173906517149,30.24803100485053,1.0964516825797546,-5.089540232243763,1.0,
80164588,19,352.0097717268561,245.44773168127432,30.390301471806197,3.4341731420305734,-0.4683292808747126,1.0,
80164588,18,623.2080685629186,138.637486191784,30.40336149043344,1.7261191874484325,-8.16964258839596,1.0,
80164588,17,71.00516029235422,1216.8129702722956,30.413173678694193,4.768812719506485,-13.860821826247275,1.0,
80164588,15,1414.1892171848724,61.09507762475409,30.74669098668835,1.5082188092200113,-2.13668635930415,1.0,
59454497,13,70.94929981431304,1217.7710030419496,32.21804363081503,6.945208445764138,-30.769266857637945,1.0,
75306024,4,153.40291800341905,563.2226630661245,32.617050466306864,11.614251317847845,-17.276299177108,1.0,
75306024,6,284.436141140237,303.7588671173885,32.01655719649534,0.22657299367716632,-6.682491280443344,1.0,
79252920,15,77.77065267016228,1110.9589161664383,36.96170033841554,4.57012120695083,1.1458409761290227,1.0,
79252920,14,77.63071214624792,1112.961579396975,37.585477319935876,5.459797721618372,-5.9822938728311215,1.0,
79252920,13,78.12000541702359,1105.9907067181548,37.69643880600961,3.5873503839180216,-9.577433205647651,1.0,
79252920,12,278.5467073696302,310.1813725098089,37.73245875815883,1.1720451003929497,-8.418596332767265,1.0,
79252920,11,85.170081917406,1014.4407291258299,37.817765599061545,11.758229153347315,-1.4186458314856623,1.0,
79252920,10,6050.698395169691,14.27934336786207,43.41942963471968,13.473196213271251,11.398996170365649,1.0,
79252920,9,88.97350518433538,971.0756007757186,43.866048426347106,2.2708742721695216,-5.127249299895652,1.0,
79252920,8,4478.952585008594,19.29022430136626,44.38004246206856,6.283600902927219,4.023739742681187,1.0,
79252920,7,5652.672135163287,15.284806536458388,50.4842553834294,19.26565151887428,13.723739872014164,1.0,
79252920,16,81.71182429522828,1057.374507853761,36.80049858192615,2.4282745071311638,-9.172267075079162,1.0,
79252920,6,6049.545935171263,14.282063633516985,54.31544683205561,16.797830409059998,15.026058199324268,1.0,
79252920,2,4997.831281851617,17.287498342279008,77.13725039336578,22.501148467036444,19.04965530685945,1.0,
90199616,20,78.2722886922918,1103.838937681512,32.13154669242931,3.0293384997116846,-9.316984728137186,1.0,
90199616,19,81.44415418596975,1060.849619761709,32.523093348087514,1.5500328394618919,-7.537050490778256,1.0,
90199616,18,81.22655556732909,1063.691540242435,32.75528766378329,6.4092863444691375,-12.081600694266626,1.0,
90199616,17,11889.223834864122,7.267084983852307,32.758382581747355,4.96282123633182,-11.034939819061037,1.0,
90199616,16,157.86079683134062,547.3176477900986,32.92596709794225,7.510752901708884,-13.422710799533888,1.0,
90199616,15,7097.830871999479,12.172732988164435,33.02483085432232,6.354559666786827,-4.310634566082285,1.0,
90199616,14,19945.135878630066,4.331883248415071,33.263496327227585,14.77570124244744,-7.168646918167838,1.0,
90199616,13,5784.621277704339,14.936154996526989,33.37272157065354,1.7082067873843698,-7.844393474554863,1.0,
79252920,4,4724.540198488534,18.287493887265672,67.92881255474458,21.326407709265652,17.684713465494383,1.0,
79252920,17,82.03473297353892,1053.2124243991766,36.242405488464215,5.111856609337735,-11.254273625065366,1.0,
79252920,18,88.79038826475434,973.0782992228088,35.89204439129185,1.0404653733592113,-4.714184985894121,1.0,
79252920,19,6506.354393427971,13.279325836796119,35.65593950434709,14.528758209368334,12.298226092043137,1.0,
85488725,20,67017.26831158172,1.2892199604183003,27.116544647899218,2.479242324692706,-9.359616384340455,1.0,
85488725,19,135.8704984906813,635.8996320744768,27.12609631665339,2.6502470742716753,-5.321877722925649,1.0,
85488725,18,444.69485895913806,194.2905303700376,27.18171755632102,1.711068620705845,-4.936357772819775,1.0,
85488725,17,488.81153742571524,176.7552387470605,27.338194193785284,2.957576448546064,-0.9962442788299484,1.0,
85488725,16,20006.068964489492,4.318689501338762,27.424732564758642,10.329740700739535,-6.073452228840779,1.0,
85488725,15,226.99527109599637,380.6246693282937,27.549136541426492,1.195057338123803,-7.19954732990405,1.0,
85488725,14,225.21692262651774,383.63014196441645,28.216695942707474,3.0995017159041254,-6.841214540930167,1.0,
85488725,13,137.8128415440624,626.9372217564764,28.349008236582677,2.491202906342693,-0.5840821116392192,1.0,
85488725,12,37307.56953250064,2.315883909959138,28.649757936336982,7.4781932007972785,3.3967116721640025,1.0,
85488725,11,65792.78310214852,1.313213941198644,28.92862460029278,5.12887359950102,-5.32552392087311,1.0,
85488725,10,225.80713797157617,382.627408398736,28.99856471855196,0.5630710063057052,-5.2274448020910995,1.0,
85488725,9,135.4439214869287,637.9023809373255,29.02989242807962,4.347504047039308,-4.737237122189953,1.0,
85488725,8,136.0850785520752,634.8969403499857,29.076193919301204,2.937236798053817,-2.0470076290042982,1.0,
85488725,7,1085.7166038315638,79.57877745913514,29.079938506647522,1.2299546951716138,-2.9653700348592054,1.0,
85488725,6,248516.98094208183,0.3476623596201499,29.747564233349408,0.09516868538628387,-4.6704428713286745,1.0,
85488725,5,442.4116155227593,195.29324495223446,29.78397354872277,5.08637491072659,-7.720203012784538,1.0,
85488725,4,11270.624690802993,7.665945976402156,30.159814574507436,3.206403322791715,-6.7499635562768106,1.0,
85488725,3,137.1553299556493,629.9427082267849,31.757695693387177,2.085312040091111,-2.3886268430364055,1.0,
85488725,2,1059.0633227598566,81.5815241102361,32.20693670905382,3.646263938713844,-3.6753118289418296,1.0,
85488725,1,437.92069514278796,197.29599664575912,33.53657965732759,5.336909276616467,-10.287637316773413,1.0,
79252920,20,4723.838300002225,18.290211161537705,35.5505542043752,10.961668836290698,10.076441484718316,1.0,
90199616,12,164767.35049468576,0.5243757318461382,33.62921088372195,4.0380513321185845,-13.702472831531509,1.0,
99816670,1,78.33260288169951,1102.9890086824273,30.449200297801355,3.6649099745051856,-12.42011280128677,1.0,
90199616,11,81.07390884239715,1065.6942687684698,34.20194311729847,8.485268270685651,-15.432582013659385,1.0,
90199616,9,353.1968152184819,244.6228172996247,34.6526186697688,6.318006152326461,-11.129039934434672,1.0,
90286267,3,227.63359517283465,379.5573317479757,35.303095857513654,0.127646017046402,-9.791217920284453,1.0,
90286267,2,141.29004349790097,611.5080571921799,35.80334711149885,2.5687145501323414,-16.090951132846158,1.0,
90286267,1,141.7542947048532,609.5053428885068,36.518614538577594,3.104206281787839,-16.956986134963984,1.0,
78657051,20,80.72934817196526,1070.242755038173,29.386895312118668,0.6979022815380205,-6.733294151488309,1.0,
78657051,19,67.36289684187726,1282.6051736285783,29.446550493836753,1.4221299681305055,-10.766367326717287,1.0,
78657051,18,808.924262264909,106.8085159889857,29.523380274222234,2.6057514561717596,-21.262648928075436,1.0,
78657051,17,135.00180391150923,639.9914482374868,29.524284139111955,1.7178186270356548,-13.089595869445105,1.0,
78657051,16,68.37535153572135,1263.6132474560227,29.64341797798471,6.092495956020201,-6.596104558673417,1.0,
78657051,15,71.67008716473383,1205.5238582507852,29.701801048424045,3.8643004171798623,-11.17472401378842,1.0,
90286267,4,228.23655937543018,378.5546024547241,34.871266179646454,1.3159020916978648,-10.915918187872592,1.0,
78657051,14,203.35725623043325,424.8680455350768,29.717071308523373,9.290280974892866,-13.053196301760565,1.0,
78657051,12,135.85029874248357,635.9941847737778,29.78531978826004,2.3360665323234855,-6.3338958214932575,1.0,
78657051,11,151.56736742991941,570.0435487206637,29.873329153503846,8.527224397247892,-20.87337472386892,1.0,
78657051,10,1068.7192959728784,80.84442783579405,30.127312267024877,0.22223274188633013,-10.116456941902982,1.0,
78657051,9,72.22774177957531,1196.2162719094222,30.27840960069892,5.57330142922504,-9.500136839369617,1.0,
78657051,8,106.87273127596393,808.4382140183188,30.486536596389556,4.430159689057064,-22.700349004359452,1.0,
78657051,7,68.95226187558146,1253.0408379626692,30.55498270936937,4.045106963241253,-19.06975386088382,1.0,
78657051,6,295.2627110173927,292.6207637337264,30.73411132367204,4.728395874486239,-13.639858446317689,1.0,
78657051,5,85.10465554228996,1015.2206063164941,30.943115043894238,4.726705743127255,-7.706317646707333,1.0,
78657051,4,128.01434542841093,674.9243587572552,30.969448590139677,4.868606667381584,-16.07756236161309,1.0,
78657051,13,801.4009660688105,107.81120020833798,29.76496910757004,1.8308361149488945,-21.451674976297994,1.0,
90286267,5,89.59369563463187,964.3535673798306,33.870679635231454,3.7268387749127783,-2.371082445276386,1.0,
90286267,6,141.52148315337334,610.508016697114,33.52946626324842,1.9354293532688303,-13.337203029410091,1.0,
90286267,7,352.14562920874243,245.35303815679168,33.498839719697344,1.1033669484692723,-7.609468893026246,1.0,
90199616,8,13792.29478299615,6.264367268782448,34.706025543383475,3.4483200005156505,-9.015403064530119,1.0,
90199616,7,61.707188676312555,1400.1610161372696,34.756549609071044,2.724301995318001,-7.528213222323416,1.0,
90199616,6,113.1129782724928,763.8380787026898,34.79026468821712,2.237186606986711,-5.053372157184299,1.0,
90199616,5,81.15026442248774,1064.6915400075702,34.82317833200932,8.798982664776304,-14.229299642111755,1.0,
90199616,4,81.3031995132658,1062.6888058187992,35.57026591913882,7.464709921253871,-12.2226417819968,1.0,
90199616,3,16412.387438430724,5.264316378352641,36.89306101254306,2.844815025187927,-13.03139825853873,1.0,
90199616,2,241.23517500782867,358.15672402333576,36.94078871426382,1.4962388502958675,-4.573280063268612,1.0,
90199616,1,20273.940896403663,4.261628286354838,39.84328000167852,2.7257626452926615,-8.428506504902884,1.0,
90286267,20,71.62546730866231,1206.2748523184976,31.201793219118372,0.8750398418718532,-10.8723538925546,1.0,
90286267,19,226.43883366973154,381.5599939276195,31.343919602369397,0.5924602821696965,-9.58832761561365,1.0,
90286267,18,2080.5230724273706,41.52801819169259,31.385909503767152,1.9398079892950477,-12.190926135297843,1.0,
90286267,17,149.4422785393958,578.149643089277,31.542787262138745,2.92494857398799,-10.588487713316226,1.0,
90286267,16,141.0587532399063,612.5107305680974,31.58043347913963,1.5504917631349997,-9.78908719684182,1.0,
90286267,15,129.79209498514658,665.6799862109293,31.83745638736923,2.2782011475405852,-1.4813498098291689,1.0,
90286267,14,227.03546733819684,380.55728037988325,31.953625946699503,2.5761150780048183,-10.745916313499606,1.0,
90286267,13,74.50917668794749,1159.5887089432294,32.324239871360305,3.9568112181202935,-17.737955176959872,1.0,
90286267,12,2185.938199686038,39.52536261656869,32.38710788015601,2.3765585534261504,-9.037429441249287,1.0,
90286267,11,71.91001504897864,1201.501625902207,32.40009712688811,2.9439687329096387,-11.712749089995555,1.0,
90286267,10,93.21426754776132,926.896732366965,32.55529784888881,3.697235287478577,-0.03182659238146357,1.0,
90286267,9,143.31068816222168,602.885947363527,32.71963591820736,2.571822111809581,-11.941223066952261,1.0,
90286267,8,93.01330820120866,928.8993335566284,33.281775251829686,10.023423284240039,-13.051738891567652,1.0,
90199616,10,81.75242875362267,1056.849335453797,34.61697045714436,1.9076308494562682,-3.033634908030308,1.0,
78657051,3,84.93710116842021,1017.2233195088567,31.14728059210529,3.455317020984239,-11.792373594606914,1.0,
99816670,2,78.26145276321706,1103.9917730815248,30.110171167325106,3.733036590020969,-9.660817663763908,1.0,
99816670,4,85.71475668209821,1007.9944614489573,29.240308823575106,8.524568648944722,-17.54417587660084,1.0,
67207077,13,84024.41074672034,1.0282726083071327,53.37688538131715,5.455983813224066,-0.39345659668367716,1.0,
67207077,12,85668.02263802537,1.0085443475807474,53.91855323882601,7.8969018686134405,-29.83330421172002,1.0,
67207077,11,43017.69063359259,2.0084760182949033,56.06009245439054,11.564547579308055,-16.25927237383462,1.0,
67207077,10,85942.01139906238,1.005329042146931,59.39576328602607,5.003293753461662,-14.933131561228834,1.0,
67207077,9,43195.16240198812,2.000223987953413,59.46707380281032,11.492231379905547,-2.7877683307008283,1.0,
67207077,8,88668.2515521349,0.974418672834648,59.75446515316753,5.897368271319465,-8.141028704476184,1.0,
67207077,7,43205.83834483478,1.9997297427820664,61.064146156572406,2.717295041802572,-15.838565155666856,1.0,
67207077,6,28769.975841211155,3.0031307803963294,63.989121358299144,9.91451501287338,-8.569408712811764,1.0,
67207077,5,86661.94632889879,0.996977377730421,65.3660376658072,5.382040196674552,-26.266306191371427,1.0,
67207077,14,86622.15979526349,0.9974353006691524,52.846528516018225,3.5214828957467716,-8.493106850765571,1.0,
67207077,4,86240.33292017151,1.0018514200307678,66.3708691889683,8.391056458951653,-7.793018003539032,1.0,
67207077,2,43132.596231589734,2.0031254213425207,82.77008759028422,5.02707436834703,-5.460646334363105,1.0,
67207077,1,86368.29153312462,1.0003671308800084,101.65806679108164,16.912216985607074,-12.93436794763943,1.0,
87103895,20,107.21102543886305,805.8872643585477,30.067875097152637,5.74433926814379,-8.725153163659513,1.0,
87103895,19,6580.454745132972,13.129791685582681,30.193520085734235,6.89073147723164,-6.139507297074715,1.0,
87103895,18,211.90767250575706,407.72473680797333,30.282855552371757,7.731728110401491,-10.628980554313102,1.0,
87103895,17,835.0833824202134,103.4627221890084,30.43713755536828,4.275913843492901,-15.407878563495558,1.0,
87103895,16,107.11117826462237,806.6384984258638,30.589254783547403,0.5747714671841209,-4.302507261976416,1.0,
87103895,15,68.83886437315067,1255.1049583220424,30.640951284045514,5.706939588900667,-2.3677718486237325,1.0,
87103895,14,473.09278751507645,182.62802198658886,30.807125513302253,4.299026166718676,-14.474897936898572,1.0,
67207077,3,86196.93389384927,1.002355839088207,66.94126418604628,18.00475806811778,-21.75400619803372,1.0,
67207077,15,8038558.565326806,0.010748195624607907,52.8361430364007,8.263150087575468,-23.77805543655495,1.0,
67207077,16,28803.41617135981,2.9996441910217015,52.32380579281789,6.869535364049625,-5.837090725029611,1.0,
67207077,17,28692.355697842577,3.0112550154428956,51.86348973886834,7.532476998187462,-18.749668526413075,1.0,
100517762,18,132.25178583774556,653.2993067178746,29.92402292665301,5.18147919011048,-7.652702969116056,1.0,
100517762,17,77.37266895686498,1116.6733830542632,29.997455349882586,0.696551071605569,-6.364535627841569,1.0,
100517762,16,114.55563724570678,754.2186668184942,30.115000541993965,0.592099976947928,-12.626118457928662,1.0,
100517762,15,194.40632430181304,444.4299860629289,30.199940361311377,7.580292339820666,-1.6482868884983617,1.0,
100517762,14,135.23237386296677,638.9002687148757,30.21867910460074,3.98323185471358,0.06834843700110582,1.0,
100517762,13,156.01652848721318,553.7874790431655,30.220468579727793,4.96395245810335,-9.360754263316807,1.0,
100517762,12,156.29954122586048,552.7847319471513,30.33341052247414,4.185525182134569,-9.84939215165712,1.0,
100517762,11,135.0204616737845,639.9030112098586,30.34968078536886,3.288260503434145,-1.6881368302028434,1.0,
100517762,10,77.23396012360791,1118.6788798829225,30.746500021738484,0.27609599148846087,-10.375301393282903,1.0,
100517762,9,132.04910428453653,654.3020527714233,30.849805925844095,4.69001598670053,-8.691984683910476,1.0,
100517762,8,192.66749950714922,448.440968097964,32.0475744687177,3.9055594223171113,-3.0673702856728866,1.0,
100517762,7,194.84470952756385,443.43005365397084,32.23123327700685,3.6662821027699053,-8.624709804189706,1.0,
100517762,6,193.9674744409429,445.4355053548224,32.3068150706132,2.1777836252994334,-7.07171042160774,1.0,
100517762,5,77.30325238065141,1117.676130553408,32.340840233325906,0.28837131852790776,-9.03891408319896,1.0,
100517762,4,194.40510011719405,444.43278467445106,33.72901915555866,2.874566942128226,-8.266355359974874,1.0,
100517762,3,193.96868153784484,445.4327333412465,35.148029857084026,7.286900909356035,-2.7744233960866183,1.0,
100517762,2,193.09928252298081,447.43822385625646,35.94500685221365,4.9770321024388835,-3.5222197248466216,1.0,
100517762,1,193.53300534377348,446.4354792947452,37.09233830660921,6.2991697156276985,-3.4453569158634707,1.0,
67207077,20,21683.861286707095,3.984530193105689,46.71556711105859,0.5944223599708494,-6.115285235739975,1.0,
67207077,19,21586.67140045238,4.002469783191741,47.724136486519,2.777843718598888,-8.905955484087599,1.0,
67207077,18,85252.41551386632,1.0134610201859562,51.71390633206329,8.268613269404796,-22.951358198273397,1.0,
87103895,13,827.0677670547666,104.46544218217464,30.956116292325987,6.536178902373251,-14.107325028605203,1.0,
99816670,3,78.40388205576517,1101.9862503561692,29.773013992854175,3.7609678280172574,-14.799125590450359,1.0,
87103895,12,159.1593965760871,542.8520204190141,31.32217627442469,5.239766241266807,-2.2268756361351336,1.0,
87103895,10,98913.61188890402,0.8734894859267819,31.79434838490488,4.551592557977273,-7.547501732298883,1.0,
55815824,4,171.67328204361058,503.28157632619616,34.64851573438466,3.0533794075481637,-10.761586328277644,1.0,
55815824,3,976.714419211306,88.4598387210949,35.65205837426902,0.45535841044451786,-4.761474413792712,1.0,
55815824,2,250.63375236579185,344.72611603365374,36.94175064307308,3.7016455612143204,-6.0467809017501395,1.0,
55815824,1,2909.545283190563,29.69536184886426,37.65662889566704,11.217145796421462,0.23567599468276512,1.0,
99816670,20,110.75624004939681,780.0914870481877,27.192260363291325,4.288537853119504,-8.384266197589476,1.0,
99816670,19,98.77273217092552,874.7353454846769,27.20208460615099,1.0905567074823423,-1.1267993092378958,1.0,
99816670,18,98.65963459737107,875.7380903811118,27.237442730330798,1.186596339708892,-0.7835892212460109,1.0,
99816670,17,110.6140536381337,781.0942385553619,27.338414944759393,3.878175293194257,-9.557968360632763,1.0,
99816670,16,63.58507842975604,1358.8093642983888,27.58383924803462,4.349184591276362,-11.679644293984893,1.0,
55815824,5,987.9136280813776,87.45703829169462,34.56531190920714,1.310013460603841,-7.26793738009178,1.0,
99816670,15,591.6563207747856,146.03072250940798,27.675493695935643,6.876505795146002,-1.7747363675762315,1.0,
99816670,13,63.53819060158274,1359.8120938283025,27.95734339378113,3.656045460043856,-10.641317055013857,1.0,
99816670,12,583.6408993767534,148.03623271135228,28.015847345609075,4.1301387848928925,0.4833472262838967,1.0,
99816670,11,78.47529069567378,1100.98349727761,28.116679742780306,3.8136044028266625,-16.81215018724869,1.0,
99816670,10,85.62957161888795,1008.9972233487399,28.357990016471035,7.506313588398697,-14.866158480172466,1.0,
99816670,9,61.99407606207234,1393.6815497256694,28.397084371355646,3.4790806536557675,-17.54930082194381,1.0,
99816670,8,587.6212640304716,147.03348106803645,28.45493071297878,5.521527107600768,0.249833724823894,1.0,
99816670,7,62.03871236202544,1392.6788082869102,28.459997893379352,3.4738053064879892,-18.80013486528763,1.0,
99816670,6,78.19043136984254,1104.9945432750717,28.734765635197903,4.014230445995718,-6.108141572340145,1.0,
99816670,5,85.80011112082839,1006.9917028234009,28.996812611079207,9.51485312038335,-18.800403070526933,1.0,
99816670,14,85.88563571030679,1005.9889443146019,27.700846298234993,10.232410319295028,-18.58238151788712,1.0,
55815824,6,965.7969855788936,89.45979464640004,34.24577858014959,0.260894674646579,-7.795417277253819,1.0,
55815824,7,955.0910811417433,90.46257650811162,34.07167314673154,1.8331491234046098,-3.095089407637886,1.0,
55815824,8,252.09835489181268,342.7233788855081,34.06060119860115,3.5917030942412396,-7.015972572220875,1.0,
87103895,9,217.97985144997864,396.36690925916525,31.988159935305703,4.73653316187,-12.347623634493686,1.0,
87103895,8,273.61779608559146,315.7689347551534,32.18069272124103,2.6082462430864553,-10.436719514813433,1.0,
87103895,7,225.37224442467337,383.36575216065546,32.72125349300313,8.429776406715177,-13.842256367719415,1.0,
87103895,6,272.75401095231405,316.7689439225348,32.82858630898136,2.617872741981472,-4.188724465135749,1.0,
87103895,5,271.0380661329712,318.77441140541555,32.92403318324773,1.7711641528688347,-4.414096680107264,1.0,
87103895,4,220.7560892313991,391.38218248392013,33.07999821076419,1.9180245769228463,-8.331489820168997,1.0,
87103895,3,117.72126441370435,733.9370710151994,33.13215432345942,3.22795254149446,-5.162357199676535,1.0,
87103895,2,271.8933309985907,317.7716778954311,40.34050621995357,1.267522732145295,-5.878110307300005,1.0,
87103895,1,103.14145953372409,837.6844810088212,41.041088782246334,4.871403901977686,-6.126564389195266,1.0,
55815824,20,60.62070540462072,1425.2556024102994,31.223490388451864,1.2758971053249581,-1.634503661525173,1.0,
55815824,19,362.2795481140189,238.48986355919726,31.251227722474937,2.9692029245821345,-0.4080998618533158,1.0,
55815824,18,104.08626295735606,830.0807190608613,31.5121777973485,2.57753878968515,-4.434725418902701,1.0,
55815824,17,178.00115890688787,485.3900981914152,31.51952963571739,11.70149558301874,7.179217571005523,1.0,
55815824,16,153.91183673116885,561.3603335194495,31.553493003626386,2.0397531615679725,-15.538257582482515,1.0,
55815824,15,3011.234309200387,28.692552995964945,31.739661787643854,11.271851424563977,-7.0771433074779395,1.0,
55815824,14,167.1663989977164,516.8502792309373,31.820486868380044,5.907775787546143,3.048735479465165,1.0,
55815824,13,88.82286623562662,972.7224943496046,32.10606046673672,2.297754459152145,-2.3045069986492024,1.0,
55815824,12,105.59247160615963,818.2401518382485,32.18149557185029,3.2146716575061305,-13.509130182243723,1.0,
55815824,11,234.54116365228998,368.37883233191855,32.30427244883174,3.8314047315023743,-9.06424151110923,1.0,
55815824,10,84.481727825776,1022.7063558427686,32.84377083511163,1.2841403580039241,-7.9698309303695964,1.0,
55815824,9,65.42270527778845,1320.6424227359719,33.08597143503778,1.0753635030068267,-2.3928347083986523,1.0,
87103895,11,7124.551437765556,12.12707926312583,31.421952535201854,5.241934168954145,-4.849977214740363,1.0,
78657051,2,127.63560837723789,676.927082484987,32.13454106158508,8.888943012227443,-20.175603665539057,1.0,
78657051,1,72.05013887471326,1199.1649336060195,33.16244868206104,0.7603072566906945,-8.78198495247419,1.0,
79274481,20,114.10269535797916,757.2126121029277,29.3629360425233,5.5721983030861395,2.923215410665321,1.0,
69168869,15,93.05026334758742,928.5304188474406,33.096341443380425,0.6708624251924675,-6.67740322143959,1.0,
69168869,14,150.80560113829935,572.9230171017662,33.30067714221104,4.813534209917293,-14.214108728709107,1.0,
69168869,13,256.73189792772183,336.5378462801079,33.30584850228615,6.530815378178431,-1.9459219686735878,1.0,
69168869,12,111.35427336208578,775.9019693753191,33.369409938753506,3.342991055031348,-15.511062107251746,1.0,
69168869,11,68.91989466598184,1253.6293100669254,33.38961226265337,0.4169738294031049,-6.269193724029492,1.0,
69168869,10,257.499108321218,335.53514248375603,33.43189066706782,3.3175201468343403,-4.89002381850878,1.0,
69168869,9,66.016918374288,1308.7554240285583,34.62130779953122,3.321423508860562,-4.366260754165978,1.0,
69168869,8,205.35369426911552,420.73750027975154,34.677163095289416,2.221761390435404,-9.21333949209884,1.0,
69168869,7,143.4923699075494,602.1226080220614,34.73549131979735,10.356703535129327,-3.4374260250961015,1.0,
69168869,16,111.64243733379645,773.8992632494683,32.69673783011012,1.7400598979655797,-13.10791446500184,1.0,
69168869,6,2524.195406164866,34.22872880165476,35.933110193406264,2.8717606109200915,-2.0623141249466244,1.0,
69168869,4,569.6730120493696,151.6659525245551,37.35601077419551,6.020230722734254,-11.535935856613833,1.0,
69168869,3,68.73418985463626,1257.01634343439,37.6278016616443,3.781515764232722,-15.764328546052866,1.0,
69168869,2,63.73389169181125,1355.6366590289506,38.04621881782032,1.6043511378883295,-6.130230161848203,1.0,
69168869,1,131.66086152280644,656.2314646941126,39.048755485945094,5.815770465862215,3.985261924430233,1.0,
58594960,20,282.2263062111045,306.13730222360294,31.875811358124338,2.516622235674504,-11.339935010881959,1.0,
58594960,19,72.59261889631202,1190.2036503657462,31.898673015874465,8.056160801955855,-20.6869565778656,1.0,
58594960,18,74.81436791781178,1154.858383551616,31.901501806479473,2.0324787743134607,-1.8374297054071462,1.0,
58594960,17,104.05221564820904,830.3523328336462,32.093994687009854,1.718776886272508,-6.444829007564977,1.0,
58594960,16,66.80999197641475,1293.2197332174642,32.098075004345674,5.97993840758528,-18.967996704011057,1.0,
69168869,5,573.4540195712761,150.66595934682627,36.99989321569319,11.392208492574241,-15.605603513648816,1.0,
69168869,17,172.08085440130168,502.0895572642301,32.3518360735784,1.473485132525866,-10.882082362624942,1.0,
69168869,18,132.06389912468066,654.2287526921368,32.303570662370475,3.6001574035154817,0.9879672884130741,1.0,
69168869,19,185.2662879690313,466.3557571490957,32.24440601377273,3.325937027966347,-14.702310406829952,1.0,
79170571,20,831.6333132688337,103.89194206325685,29.532685951203632,0.864549128968946,-17.20348306832601,1.0,
79170571,19,199.2161896327548,433.69969157262835,29.75492420398507,5.5680268207335075,-12.127283077334226,1.0,
79170571,18,227.19592622223698,380.28850885066413,29.96922980555223,0.2289184521011265,-6.471181142105678,1.0,
79170571,17,5089.512652445814,16.976085118578034,30.043543983826908,5.73105020487796,-15.32418072133845,1.0,
79170571,16,104.63938053752705,825.6929614469018,30.294007283138626,3.487733472357519,-2.997858552643976,1.0,
79170571,15,71.3315652899002,1211.2449747718256,30.31251151693823,2.013227268912601,-23.566631972597662,1.0,
79170571,14,90.28108600142482,957.0110842334841,30.31704384646912,1.0203240664923214,-10.971138444164055,1.0,
79170571,13,404.78272683045054,213.4478431837581,31.060836490458087,6.565030708110214,4.9403091719823635,1.0,
79170571,12,104.76661002835918,824.6902326668054,31.281250084561634,3.02916215873023,-1.9671657754426235,1.0,
79170571,11,104.51279768184817,826.693016706087,31.35692129526319,2.725924579908096,-5.329745147063647,1.0,
79170571,10,80.30710303500187,1075.869963362301,31.4218686250029,1.8460090081534588,-7.433678198675082,1.0,
79170571,9,69.53155134339973,1242.6013562287865,31.489705119316397,3.4748688170373327,-5.327603253426005,1.0,
79170571,8,104.13489031130636,829.6931003788573,31.963183261557447,2.3534688835510593,-1.381693234466681,1.0,
79170571,7,69.14662330941522,1249.518716385902,32.17148847462647,6.9379307480521675,-13.150260425921374,1.0,
79170571,6,71.2138172285871,1213.2477005504034,33.12312063104014,3.09902428491489,-23.01869582717852,1.0,
79170571,5,69.47563848843093,1243.6013814308062,33.80355263939572,2.841292075811765,-5.490838216597524,1.0,
79170571,4,69.17617429164393,1248.984941487818,34.892922330706824,2.085832971745276,-13.026981261596163,1.0,
79170571,3,69.58770603435136,1241.598623143999,34.91284558661869,4.032689607960975,-5.627035727950329,1.0,
79170571,2,69.09117421394471,1250.5215171543841,35.982797683680815,5.841469229087721,-7.025120528625621,1.0,
79170571,1,69.20200291864201,1248.5187762784408,36.541150986538014,5.69078283375103,-5.453223483058238,1.0,
69168869,20,73.84809691735431,1169.9692152756884,32.07202395741615,2.1820520760901445,-12.048284591000424,1.0,
58594960,15,4234.630608907079,20.40319640118482,32.34236106991125,7.627764937571442,-4.556789764721316,1.0,
114747366,1,451.5936099171749,191.32245918148908,34.97312570768497,4.983154598417173,-30.362028912947267,1.0,
58594960,14,123.08034371200785,701.9804900948674,32.7048757609914,2.9366455340509674,-5.331210984396648,1.0,
58594960,12,70.7607425229585,1221.0160170657807,32.818567799121865,1.0117821878030213,-10.158318999833114,1.0,
58405814,6,64.22979988270102,1345.1700014290418,34.61261892451466,14.135451183477926,11.020056051436995,1.0,
58405814,5,70.30857661052111,1228.868570026931,34.791671340987705,3.354034978977438,-3.8618637615451235,1.0,
58405814,4,675.3186615571858,127.93960084084492,34.97765070249352,6.40472668319228,5.101348532600468,1.0,
58405814,3,91.98782931119544,939.2546888752883,37.199519010751374,3.9338029958763627,-3.4128648993007573,1.0,
58405814,2,95.98170101619985,900.1715856798303,38.05973196053765,2.815960330347366,-7.815189207417461,1.0,
58405814,1,482.06391868691657,179.2293441818734,39.44487181877503,3.1779460134332567,-6.397156333739758,1.0,
75306024,20,283.50284706185533,304.75884420712373,30.60447764704213,1.8238045453155678,-2.991255323045209,1.0,
75306024,19,64.08267180693325,1348.2583912902987,30.71090022688668,2.021775484432112,-4.675721568499654,1.0,
75306024,18,64.13024016864999,1347.2583257568488,30.722986485809997,2.274954398157689,-5.541740095837838,1.0,
58405814,7,928.7797267943345,93.0252863057293,33.703223660795175,0.7241637531591323,-5.157499148174111,1.0,
75306024,17,63.68731324758396,1356.628119388875,30.993211958169468,0.8479775592581689,-2.770128403715944,1.0,
75306024,15,109.11172550205924,791.8489016871921,31.0954134995161,3.629927972481312,-1.112740415650734,1.0,
75306024,14,153.04652677227998,564.5342094470118,31.14911478995009,2.751175517016975,-3.5017140530944175,1.0,
75306024,13,182.98870305227564,472.16029491895745,31.36036091575056,9.640578856718292,-6.315775557730262,1.0,
75306024,12,184.65310834713935,467.9043898766761,31.408930218253545,7.353612312747032,-16.436073236199263,1.0,
75306024,11,1319.3069891900834,65.48892767788683,31.618707000214727,7.425201180948761,2.576814804185233,1.0,
75306024,10,124.95768710202621,691.4340526281957,31.655604515296545,1.0986180820518143,-7.6493763384847,1.0,
75306024,9,74.91042249909324,1153.3775557205786,31.69682793100992,3.7053135879785373,-13.459523599940553,1.0,
75306024,8,1627626.7701657196,0.053083422799198025,31.848787158781306,3.9963654178565093,-14.327524148898249,1.0,
75306024,7,290.2220593783946,297.7030766891181,32.006566412751,6.370999295017725,-2.3402968478067123,1.0,
75306024,16,221.20604537907445,390.58607033970884,31.05233741253869,5.266300274192815,-14.693230082182964,1.0,
58405814,8,95.8751909439227,901.1716081017796,33.596350287557016,4.894265860004907,-3.2428743888455074,1.0,
58405814,9,75.4792431646211,1144.685563573559,33.25609393531795,3.5811546839383936,-3.9659722697304005,1.0,
58405814,10,121.781493083724,709.4674060253191,33.18117010472088,5.8276215744888304,-2.3315223894484234,1.0,
58594960,11,73.05966263253885,1182.5951131824652,32.821545440719774,4.6825127397031565,-19.031675589712336,1.0,
58594960,10,7020.925061361429,12.306070673719192,33.00029843058542,3.576418258181377,-21.558130868073533,1.0,
58594960,9,11090.361290870667,7.790548723703213,33.152601221086115,3.486494247917051,-14.403615386069589,1.0,
58594960,8,281.93090799957065,306.45806312279734,34.0779807447866,4.020259440034579,-20.635988890346084,1.0,
58594960,7,3752.5226932851265,23.02451099219378,34.15655731288007,2.2274091780246863,-8.508765850753548,1.0,
58594960,6,103.42905769096443,835.3551886565037,34.24979462989131,1.4034493095377911,-19.318295589086347,1.0,
58594960,5,70.07820430601224,1232.908303738991,34.58316204323978,1.9924401676151433,-10.411442868658867,1.0,
58594960,4,1062.539127647335,81.3146525637189,34.90476635510822,1.8713166463594462,-15.256088727193116,1.0,
58594960,3,88.43668758084726,976.9701055460116,35.237786205323346,3.7351581497972575,-14.23363417229558,1.0,
58594960,2,78.35369947372136,1102.6920308846074,35.80192695238861,9.776138199896536,-21.860126234044856,1.0,
58594960,1,76.10891047820682,1135.215304714419,37.31857710534496,4.776092908630403,-20.636820752311962,1.0,
58405814,20,94.76347199932297,911.7437149265413,32.112519073457406,6.461265520931192,-13.082716714983121,1.0,
58405814,19,92.08613551526015,938.2519911011157,32.14358800149694,5.35285515461851,-13.361893002008856,1.0,
58405814,18,182.89415608225022,472.40437776013266,32.1688342397656,2.6909772833951138,-8.367392232891689,1.0,
58405814,17,233.42645158129963,370.13800027675063,32.26364212372164,1.1418895751933178,-4.055188528694089,1.0,
58405814,16,118.93218773164382,726.4643966270191,32.6716964587572,7.02071407240112,5.139997564222767,1.0,
58405814,15,70.19014084341568,1230.9421089885864,32.7589691598223,3.0399435816261757,-14.539899577876668,1.0,
58405814,14,266.9674499039654,323.6349601087329,32.87330572955307,2.0259160269714585,-13.56358531778119,1.0,
58405814,13,163.8415344672435,527.3388111320074,33.036338911050734,3.09616908851865,-6.4038174503227765,1.0,
58405814,12,19497.024139974023,4.431445505719886,33.079532059415214,6.31303512543559,-2.2961744732067473,1.0,
58405814,11,84.32925494263243,1024.5554767295912,33.15921730645641,5.07766494973248,-4.048520500401992,1.0,
58594960,13,3961.992485254457,21.807209458765797,32.78542309740419,1.8194541210457373,-3.708661030901794,1.0,
114747366,2,202.5505285371415,426.560229805359,34.4356850879858,3.6816231925242846,-18.280102444624674,1.0,
114747366,3,519.1817283452519,166.41571781691178,32.63055233734292,2.4997687344048245,-16.020563535762108,1.0,
114747366,4,124.94240812690995,691.5186068147447,32.16531415528459,4.9101331044868175,-6.822185450148197,1.0,
68712680,14,171.00746796336364,505.24109285396935,29.46691099333964,0.9933443521864262,-9.73731760985197,1.0,
68712680,13,98.61885182637404,876.1002424983992,29.48206935573444,8.18732202352436,-15.907688824221225,1.0,
68712680,12,89.47149256407307,965.6707128041538,29.485988527379618,3.788998940987767,-2.351211919056823,1.0,
68712680,11,188.35357162764527,458.7117687940821,29.515001300019776,2.9909034485469306,-3.8511372209384263,1.0,
68712680,10,332.71804790656745,259.67933072347944,29.640344554801914,3.901181032104887,-9.10646190848638,1.0,
68712680,9,126.93581626711807,680.6589545868102,29.823524168166387,1.055666912594063,-7.432432495888719,1.0,
68712680,8,152.45841128337943,566.7119266998361,29.922395930934726,5.233531634190712,-14.821721425735348,1.0,
68712680,7,876.8914835666586,98.529865575359,30.060087271075417,1.6366717617373752,-3.365497400910158,1.0,
68712680,6,151.29721506056362,571.0614036445711,30.346784232644154,6.0471373058835525,-15.889002919835121,1.0,
68712680,15,84.72601675683622,1019.757605836329,29.352546541008905,4.413934297199205,-5.454022145643336,1.0,
68712680,5,108.47807337800252,796.4743225013842,30.53307030871747,2.8172066284330413,-7.930481510125844,1.0,
68712680,3,814.9490402951996,106.01889900833955,31.09592737923265,5.132093806146827,-3.760348671903216,1.0,
68712680,2,124.34071099327579,694.8649344997908,32.573044515136644,1.4876559114601378,-15.07746886167547,1.0,
68712680,1,830.640293221183,104.01614357635478,35.418081671144364,5.134258314127919,-1.993786425761357,1.0,
56401697,20,78.83890891429066,1095.9055774595936,32.969672992212054,0.2603075565313304,-5.899794599352134,1.0,
56401697,19,78.65617366062853,1098.451602448692,33.03112018667616,0.8897528571631881,-9.161131176411118,1.0,
56401697,18,86.94908680234757,993.6849618260426,33.213949765253346,1.653624202464897,-12.080843116956885,1.0,
56401697,17,8051.944603965801,10.730327175555288,33.26071712127805,4.398675231946271,-6.96626969292285,1.0,
56401697,16,75.00565657508831,1151.9131215591026,33.289937732782164,4.732146188508381,1.6486699930462407,1.0,
56401697,15,78.65360696425115,1098.4874481251657,33.41874945487848,3.2110666585126353,-8.274840784057943,1.0,
68712680,4,152.01559373244882,568.3627441015434,30.69968259029497,1.5200549532453351,-7.021050680351777,1.0,
68712680,16,204.80236358044874,421.87013123049763,29.009652249506416,1.7873436155912827,-8.507232367600892,1.0,
68712680,17,73.49074792430235,1175.6581942667744,28.83180171906065,1.3885407324675612,-11.488060812146273,1.0,
68712680,18,80.7701065702061,1069.702686660446,28.688701722731253,1.9580681607977226,-7.760374441628102,1.0,
79274481,19,63.59344204077996,1358.6306579316008,29.505776839601424,2.243859996555017,-4.200575870465315,1.0,
79274481,18,3579.6418482697086,24.136492884550215,29.70649526503678,3.2766640565197633,-9.42248294771278,1.0,
79274481,17,98.49596591662318,877.1932859985108,29.762214182910952,2.001260116284243,-1.736763912299267,1.0,
79274481,16,245.6086684359481,351.77911492375574,29.843381344067666,1.1202658380659898,-3.2028673138187997,1.0,
79274481,15,240.3862819422049,359.4215081739681,29.886074861905968,3.869614531952493,-12.14235798175065,1.0,
79274481,14,68.61370365980159,1259.223673865295,29.990623284476783,1.127667784791612,-13.740752975444451,1.0,
79274481,13,105.49092214718831,819.027820037905,30.320261592963107,6.936104869895146,-6.8537595709558445,1.0,
79274481,12,6585.376184901705,13.119979417134791,30.32833910243687,0.7161722841741494,-4.843815240688087,1.0,
79274481,11,159.47801681588479,541.7674593969126,30.517232336356926,5.786898600204694,-10.971516937338151,1.0,
79274481,10,104.0046402339274,830.7321654655887,30.5647156004041,7.546097428379511,-10.866702984680217,1.0,
79274481,9,3903.5430056228984,22.133738471830394,30.668731768680004,3.069809708021353,-11.230100779293181,1.0,
79274481,8,104.2559706010494,828.7295154598113,31.04296255347515,7.469774725713165,-14.782456495459769,1.0,
79274481,7,68.55910812742648,1260.2264288417198,31.08982073802474,2.7562626472693097,-12.805938544244185,1.0,
79274481,6,114.863195568373,752.199166778099,31.90449696444591,4.774605699025727,-11.525782966259555,1.0,
79274481,5,160.0697410246092,539.7647265932468,31.91186414744459,5.57012485089632,-11.490331143802138,1.0,
79274481,4,105.38876875019166,819.8217041969463,32.670647579135846,1.9091295082655648,-15.197831965560738,1.0,
79274481,3,105.62023523254437,818.0250669748356,33.67760302371261,4.081706972100946,-7.649987690157786,1.0,
79274481,2,105.74950680126662,817.0250870518967,35.574414242612136,7.106600377281723,-10.058947297890342,1.0,
79274481,1,105.87945218122708,816.022355802471,36.33125744006719,3.517096258826683,-13.061840557845557,1.0,
68712680,20,77.18113908796867,1119.4444785470703,28.329378220256103,2.513117787831902,-0.13015769148938716,1.0,
68712680,19,65.23340934062776,1324.4746959161241,28.56825125785531,2.073814753826099,-8.789358480517024,1.0,
56401697,14,7363.744024179994,11.733161787847624,33.43403612195334,2.4129023279448347,-6.190646897762264,1.0,
56401697,13,1234.5743812039982,69.98363267164173,33.44095475766267,4.572223008198421,-6.257940465534574,1.0,
56401697,12,62.116719895165026,1390.929851830845,33.64464311850611,1.7282462963090666,-5.843225507018673,1.0,
56401697,11,78.68949051351788,1097.9865219124472,33.691979804341145,4.699151074042192,-15.279437870174547,1.0,
61356341,5,110.38041759397233,782.7475369572994,36.26149882346033,4.3242382849877,-3.5340824001010844,1.0,
61356341,4,76.88613198700341,1123.7397143948506,36.49274164952374,1.1859873375703387,0.2104960460362122,1.0,
61356341,3,163.25291566568256,529.2401648552128,37.658693403909524,1.5279026411938332,-14.654596631024987,1.0,
61356341,2,89.53178003640033,965.0204649664391,37.81138356893996,1.3855348224350905,-2.0274062033828955,1.0,
61356341,1,161.51476228396206,534.9356230862575,41.40838387224528,3.9299261154231147,0.18613518179438415,1.0,
114747366,20,203.0277926758333,425.5575005829452,29.711105567248183,3.773048246632527,-21.669457969679968,1.0,
114747366,19,317.36129501833176,272.2449188235423,29.83291987881853,5.210051459876382,1.863544970204316,1.0,
114747366,18,516.0721355401146,167.41845577377444,30.036763779529792,2.9846401562730875,-12.002003491782489,1.0,
114747366,17,330.7135708784474,261.25326448050726,30.126754579050726,6.440901579076524,-7.277063125767086,1.0,
114747366,16,231.90568612311264,372.5652503153049,30.30897751673649,4.485888798599831,-22.89294212758125,1.0,
114747366,15,231.28320202947762,373.5679860960594,30.429450370624863,6.624141769469304,-29.15147960793587,1.0,
114747366,14,177.7102892658443,486.1845667852727,30.53471004849621,7.174192758983395,-19.30087662733041,1.0,
114747366,13,242.1479907203137,356.8065947728384,30.539983503560507,4.016074173330139,-15.037917648971188,1.0,
114747366,12,177.3445169545856,487.18732038456716,30.555271363713132,9.654709623264239,-25.161634024490183,1.0,
114747366,11,446.9153090418045,193.32521901127834,30.73776805780585,5.620137623254294,-28.45080491017177,1.0,
114747366,10,231.73932604481718,372.83270593136484,30.74121773547563,9.36522348369624,-23.28348707140566,1.0,
114747366,9,124.76150226474591,692.5213181279095,30.950060945702717,1.9606395383165136,-9.063364545751028,1.0,
114747366,8,164.40383794417264,525.5351765531121,31.43484684391433,3.3710598042727042,-24.376911158080134,1.0,
114747366,7,106.51949383891359,811.1191377858054,31.812760596074213,1.8456123366536303,-15.023989032671125,1.0,
114747366,6,800.8585937859907,107.88421410520347,32.06944792180343,1.9713621724724817,-11.45332682223409,1.0,
114747366,5,449.23913308348045,192.32518638117978,32.109722565184484,6.095882898291336,-27.572573838120377,1.0,
61356341,6,64.56574094738208,1338.1709670212222,35.90218239627677,4.21660941358553,-12.428116466219535,1.0,
75306024,5,303.24961305887564,284.9138013021158,32.387076959957994,5.099136781130312,-2.0907021961081114,1.0,
61356341,7,115.8728189676253,745.6451027064426,35.90091746337998,1.5807360133675843,-5.807272435955383,1.0,
61356341,9,160.91232293612322,536.9383675748556,35.696932047883365,4.266656117469836,1.3570843627535396,1.0,
56401697,10,1252.4621294533467,68.98412172966091,33.88958745263062,9.60122236092198,2.6131421215828823,1.0,
56401697,9,130.26141789316281,663.2815871147905,33.93985688751218,6.450378298299512,-7.2851832246944355,1.0,
56401697,8,174.40491216107827,495.398890601212,34.35362516404575,6.548791391665219,-9.69528253726287,1.0,
56401697,7,78.65596643005165,1098.454496479108,34.468000505139116,11.224825371769015,-4.226657987632649,1.0,
56401697,6,78.54711331846677,1099.9767699889103,35.4556131465697,3.8551608944411555,-15.047146656408103,1.0,
56401697,5,78.58442910347549,1099.4544464557148,36.30456680480688,3.295078816983704,-4.633265482432222,1.0,
56401697,4,8879.323391875663,9.730471139169637,36.82078977640572,2.8477161720471997,-11.789334723374992,1.0,
56401697,3,78.79571574377827,1096.5063161676042,37.52569819134851,5.99006600765162,-2.349560320279892,1.0,
56401697,2,78.61789261257181,1098.9864664241045,38.472068606572066,6.5768185712253455,-11.187840350597384,1.0,
56401697,1,78.72783726920073,1097.451714627511,39.6257670037171,2.938929125021332,-5.915764375086127,1.0,
61356341,20,162.94502567380232,530.2401815748774,32.11356898045153,2.9224562229892967,-10.822635107881752,1.0,
61356341,19,781.2757351130882,110.58835711503795,32.502263249611474,3.115227249314785,-13.452912705354862,1.0,
61356341,18,134.9130313259797,640.412561713468,32.69990555816628,1.3374426343171422,-9.867439677408555,1.0,
61356341,17,162.1217378002384,532.9328514012076,32.812634148513894,2.431533224673501,1.0425472080830787,1.0,
61356341,16,110.23920119852569,783.7502364009827,33.12971932801622,4.529503757715389,-4.914694182602773,1.0,
61356341,15,98.1538054120457,880.2511490746211,33.538077301945464,2.7161545456071963,-5.459474494773303,1.0,
61356341,14,173.51875438201782,497.9288855992032,33.546754898276504,2.328971363568229,-1.265735737997403,1.0,
61356341,13,165.22632376053335,522.9190968699496,33.58456828046883,1.3658180705538143,-4.20426603616994,1.0,
61356341,12,89.71797310700468,963.0177433562013,33.97257430150478,1.9780300150919174,-3.456908821887197,1.0,
61356341,11,138.81967622538068,622.3901564193629,34.094300819714704,5.148881233286829,0.4807077668128841,1.0,
61356341,10,785.5962817381197,109.98015393968174,35.07985385681411,0.9089765410914765,-9.276851419183174,1.0,
61356341,8,64.66251643329517,1336.1682279892227,35.74522805106062,2.5925702468814222,-8.188190851151603,1.0,
90320469,3,234.05302401543503,369.14712109979916,36.14637445480457,2.2847670343077198,-7.339453158301467,1.0,
59454497,12,116.1967803254608,743.5662137797481,32.37486566883706,3.8281769263903698,-13.34801018459882,1.0,
59454497,10,166.42404829757442,519.1557403141194,33.24001198643225,1.454611174197396,-15.163575441095759,1.0,
89128835,10,236.4679358531602,365.3772325972005,30.678756342244014,3.4399884402918133,-3.475582640693574,1.0,
89128835,9,427.7745980910386,201.97552726497432,31.206307913205364,4.565087096909963,-12.205339792358984,1.0,
89128835,8,140.68952587873835,614.1182114329463,31.386105465957826,0.37583687877668126,-16.729044033976095,1.0,
89128835,7,425.66708404928903,202.97552532860524,31.602137137119826,6.807565551410903,-26.74316423425472,1.0,
89128835,6,423.01516416761706,204.247997042878,31.955307447188716,5.105215480734216,-17.321751808783176,1.0,
89128835,5,423.57468018009496,203.97819804352932,32.457558298843196,1.6297113003707864,-17.170865393783117,1.0,
89128835,4,134.1615906061449,643.9995203518606,32.470724350766886,0.9600623956490608,-6.948056566411935,1.0,
89128835,3,140.23220655866513,616.1209476787002,34.13202406840901,0.7608960529291267,-15.939294358720929,1.0,
89128835,2,84.37067650099316,1024.0524739538264,35.69336919523539,0.9893342416006021,-14.28579462389564,1.0,
89128835,11,110.04913311518312,785.1038672841637,30.625094226931424,7.0919363054126165,-24.754677561553592,1.0,
89128835,1,134.58011251726313,641.9967882618402,37.171697429300366,3.5696352611610678,-8.844044793551234,1.0,
62442776,19,519.4555300545908,166.32800114943433,31.995945019258215,2.8494854449701847,-11.289279223387268,1.0,
62442776,18,107.49591338745198,803.7514848456136,32.119479369764576,3.2961889008740854,-11.2121745601047,1.0,
62442776,17,147.6623691938808,585.1186085640867,32.32428576965003,3.004629007443782,-11.452044592989978,1.0,
62442776,16,163.5931692605966,528.1394106520955,32.35525577924227,2.203699945483663,-11.189058293024459,1.0,
62442776,15,294.17204901288324,293.7056742471686,32.38353970293224,1.8253142780988583,-13.351266053570498,1.0,
62442776,14,624.6269484983143,138.32256230333485,32.56026803917052,2.7913577029850103,-9.92862919203742,1.0,
62442776,13,73.828873934864,1170.273842673355,32.569041401890445,2.71999869352328,-8.821146803440683,1.0,
62442776,12,255.37818228369775,338.32177528783126,32.574796606453674,11.948246123188483,-23.421714194919275,1.0,
62442776,11,79.01465645073506,1093.4680207572583,32.61483842676489,3.187182863325347,-6.976345003405015,1.0,
62442776,20,174.67882989808865,494.62204464277437,31.824783970547287,6.36680806024907,-19.696440269606,1.0,
89128835,12,69.66843185568123,1240.1599648313938,30.617737090905848,9.692177033286214,-18.10186560619735,1.0,
89128835,13,103.99304722137012,830.8247744301618,30.616119504448307,2.103994368630481,-16.472014744573187,1.0,
89128835,14,221.79183109890883,389.5544735435708,30.558663341852707,2.253156093468249,-13.577828360259957,1.0,
79088042,15,253.91802247551013,340.26730027929824,31.026453091547978,9.951755693644571,-13.634136736314872,1.0,
79088042,14,249.59573855761425,346.1597561692996,31.13540445450974,0.5712241914889091,-9.8706027693068,1.0,
79088042,13,88.09961921443652,980.7079845566686,31.139316477731086,3.4735832783970295,-14.2053401000814,1.0,
79088042,12,81.96435471779323,1054.1167596265338,31.142173818239257,7.437239339161238,-5.361610824515253,1.0,
79088042,11,259.00683479926715,333.5819306349998,31.2257609355529,1.3438950939413417,-13.075056837061538,1.0,
79088042,10,258.13136347664465,334.7132980522816,31.275142570237108,2.473545153740133,-17.40219516186653,1.0,
79088042,9,259.7877619428023,332.5791767628483,31.52901686629741,1.6862871517165274,-7.359457153126641,1.0,
79088042,8,257.46113042855393,335.58463701368777,31.837011370827554,1.8887518273023147,-14.487734927206674,1.0,
79088042,7,1314.0922432509376,65.748809068574,31.95190223911993,7.721494367308168,-24.491415444398854,1.0,
79088042,6,88.27989885160237,978.705244613358,32.312412324361276,4.325859451224687,-10.593806709520834,1.0,
79088042,5,70.09025942957761,1232.6962505654499,32.39676782491813,1.0669477512635126,-11.761821794712148,1.0,
79088042,4,70.0332930330345,1233.6989488591573,33.1824924206702,1.1982755276445687,-12.990886409571686,1.0,
79088042,3,70.59440692833954,1223.8929932183541,33.528428293476395,4.377554346318561,-7.015942515496704,1.0,
79088042,2,1543.9762379336917,55.95941043472884,34.05077373345307,1.5476750957590184,-6.310404146572068,1.0,
79088042,1,93.32534453195423,925.7935283637446,34.1211747127503,5.240826190193445,-5.4797408077687635,1.0,
89128835,20,280.70128768258576,307.80051175860746,29.654087456919342,10.691478946520249,-22.715485218292315,1.0,
89128835,19,131.49649746410248,657.0517212717892,29.73928896125858,4.547839749001469,-0.8303058067929783,1.0,
89128835,18,84.70710605162415,1019.9852648412299,29.795552980245702,5.4471436569194225,-3.873704281101311,1.0,
89128835,17,83.82987760373223,1030.6587874124887,29.933234171134245,5.004042726839657,-12.378257311681807,1.0,
89128835,16,429.90890664337167,200.97280764567319,30.13109517146222,8.55159534946614,-21.850589936177755,1.0,
89128835,15,60.523946259643175,1427.5341470523172,30.142399863433184,2.28798530238754,-19.14565637836131,1.0,
62442776,10,72.69492190407041,1188.5286858690772,32.67169906831532,1.2689876148184567,-5.931980899200937,1.0,
79088042,16,93.80031529607494,921.1056458316126,30.894177864493145,2.1114992252132936,-12.393065709468459,1.0,
62442776,9,199.94934257084574,432.10944776868615,32.714491776401246,1.2944670634743716,-5.750915670765778,1.0,
62442776,7,119.0258523113751,725.8927226496567,33.552454756422094,2.894357084268563,-1.8952414759083922,1.0,
71013436,1,255.15243474132683,338.621107368982,44.661096429287795,19.096740807518188,15.436857227596363,1.0,
94904946,20,1625.3578427996774,53.157524899978995,30.011965315734187,3.497445116465542,-5.206373498248354,1.0,
94904946,19,87.58300010641841,986.4928113334666,30.069031117853,4.925568954202106,-11.115520925275433,1.0,
94904946,18,485.3178344291357,178.02766325624452,30.2350280490773,2.6498110253936886,-13.409103077802769,1.0,
94904946,17,158.23169900724142,546.034710756951,30.30948038567726,9.377989080452693,-15.327631558491674,1.0,
94904946,16,2123.9377658125068,40.67915801993751,30.600090989723185,1.4785577841081476,-10.79156367477924,1.0,
94904946,15,117.78288305409096,733.5531085643523,30.601674248597647,3.701013585639032,-0.7214818145837398,1.0,
94904946,14,88.56800888960841,975.5215351819569,30.693265031808323,9.961201200463393,-8.42483089704973,1.0,
94904946,13,214.56864114669432,402.6683467736128,30.82035907543525,4.509140359639673,-20.97925153902122,1.0,
71013436,2,254.39910900529247,339.62383098677657,43.37165525413434,19.773637781162734,7.566542096183639,1.0,
94904946,12,873.9729052565065,98.85889995027026,30.873125228698314,7.0265958523392555,-16.450274614343527,1.0,
94904946,10,72.26490343097933,1195.6011272127582,31.29201992446076,10.22873956483673,-6.253176861831491,1.0,
94904946,9,247.24371435558686,349.4527665756517,31.551678896119483,3.901718499684762,-18.20308927402351,1.0,
94904946,8,2177.466229061411,39.679145810331306,31.797465732034652,1.5194476778920034,-13.349160495085073,1.0,
94904946,7,147.15506365550698,587.1357590674838,31.85147170165601,0.9726969079675882,-5.371243503860001,1.0,
94904946,6,68.39762401390256,1263.2017741206664,31.892287854329766,3.692873585091945,-14.62169525842694,1.0,
94904946,5,101.6817770354439,849.7097761173369,32.00854106623933,5.247914707841801,-13.130597650504683,1.0,
94904946,4,482.5998078816812,179.03032406756085,34.011381105141936,4.938941392959691,-13.299030412311993,1.0,
94904946,3,76.71614039703991,1126.229754949113,34.96766081828821,10.362430329341265,5.638999462214002,1.0,
94904946,2,73.6492380683696,1173.1282259810168,39.71543180800791,2.762339622877107,-19.089457427862953,1.0,
94904946,11,76.5799651530146,1128.2324277291582,31.063818779456597,6.668787288897903,-5.015161595648806,1.0,
71013436,3,252.90771747033546,341.6265856344783,38.675957294266595,17.141748042210452,9.194695752600865,1.0,
71013436,4,253.6522359665499,340.62384536359417,37.60250975894985,12.39479498187984,9.058980604826274,1.0,
71013436,5,161.19048751115082,536.0117791939988,37.33873677956615,0.4797490758337517,-16.97734037714349,1.0,
62442776,6,71.99938270988173,1200.010288256844,33.741575702622185,3.0074081534258426,-12.595720652004388,1.0,
62442776,5,413.96329297809854,208.71415766946066,33.811436697886165,7.759520644026111,-8.886309454982381,1.0,
62442776,4,92.71567026108102,931.8813071911521,34.75223764802831,6.777471373119283,-11.374185796229767,1.0,
62442776,3,199.90649542425214,432.2020643533235,34.86351783903274,3.172955873450519,-7.609092495458867,1.0,
62442776,2,100.3388782312946,861.0819806140984,35.609098088951896,4.903659025468016,-8.720180919162999,1.0,
62442776,1,81.68321010174743,1057.7449134574556,40.365412041275704,1.809116314375558,-10.824023829140742,1.0,
71013436,20,127.72961128260229,676.4288964196379,31.490528337207593,4.257472108159959,-13.705280362892609,1.0,
71013436,19,148.19407014547045,583.0192794839087,31.496686558165266,8.771125063426837,-21.96303203566282,1.0,
71013436,18,124.37317078163788,694.6835837424502,31.643326972622503,3.549372953081729,-5.5489298841274035,1.0,
71013436,17,253.65020698528906,340.6265700583912,31.654199877447354,14.656570033346497,2.891120917422427,1.0,
71013436,16,124.08611006933559,696.2906642147318,31.9729275897281,3.7544646788633713,-8.395981063551801,1.0,
71013436,15,60.4579822606425,1429.0916892912167,32.08855417682514,4.387459101797617,-16.47287846361911,1.0,
71013436,14,104.39508429452985,827.6251758774357,32.24277891122961,1.8951870532536077,-12.239782466134443,1.0,
71013436,13,122.76675720242034,703.773578197084,32.29604420307771,3.4994477818286214,-8.902754692127587,1.0,
71013436,12,104.1430873856244,829.6277954587162,32.80952749216374,1.5278788885000267,-22.093691546646824,1.0,
71013436,11,122.24470116076186,706.7791010947532,32.824663763442345,3.877188726891916,-15.205692543747546,1.0,
71013436,10,104.26912217738376,828.6249869162165,32.96785622107916,2.683101507363233,-27.939247413339103,1.0,
71013436,9,62.02101626448188,1393.0761732693413,33.08860235180475,3.4870010275451477,-9.5610110090891,1.0,
71013436,8,255.91022767219718,337.6183937074694,33.130351024107085,15.1857679239356,13.255631541785192,1.0,
71013436,7,214.6566050662981,402.5033377068215,34.08177113122383,1.979829810919398,-5.025175993234029,1.0,
71013436,6,122.59208222280097,704.7763479779644,36.643831832860315,6.596855068573404,-8.950265471356715,1.0,
62442776,8,522.510289779437,165.35559526774358,33.18473190364466,3.7345386545758856,-20.086332279317446,1.0,
94904946,1,73.71224476847883,1172.1254761861053,40.96977606796224,2.611698493117956,-21.22754995868837,1.0,
79088042,17,112.28367335530864,769.4796350899319,30.891560412124363,2.556977892845964,-7.795355745872314,1.0,
79088042,19,61.92608789911402,1395.2116616951048,30.565557888600324,8.325066481490126,-22.744129637225825,1.0,
64816815,8,73.49101393761033,1175.6539387706455,33.52301958216685,3.1965603287111435,-13.988923267853409,1.0,
64816815,7,446.66353791037676,193.4341907651665,34.74316454346581,3.508237998426182,-2.243474845106448,1.0,
64816815,6,451.3292809450222,191.43451056197847,34.84019383896657,5.703314540495455,-4.033424462453127,1.0,
64816815,5,210.46214409226238,410.52513444947124,35.05263749072037,4.270549819540406,-14.85611744683655,1.0,
64816815,4,61.71026192671828,1400.091286318005,35.07309153940332,3.163823952350924,-17.94141562594865,1.0,
64816815,3,444.35964102971525,194.43710009258527,36.80015010898842,1.9170517917944494,-11.169818982750826,1.0,
64816815,2,276.79601378360263,312.143223520361,40.24757084771318,6.965662921079229,4.15929725475354,1.0,
64816815,1,448.98423457331614,192.4343737416719,49.03852575013616,1.6174707352841438,-16.165138269486874,1.0,
88188072,20,94.54385656160703,913.8615997084877,33.860012504321844,6.5673174351140915,-3.2533509446666926,1.0,
64816815,9,3214.694122239919,26.87658505431883,33.25786647869381,1.6051525058377933,-5.900173915288235,1.0,
88188072,19,88.63963908061471,974.7332107413272,33.87827775751771,1.5205201119434264,-11.931858460024984,1.0,
88188072,17,74.8592368532232,1154.1661875261275,34.02265953019764,3.366685877979563,-12.723043071402117,1.0,
88188072,16,88.53050019045966,975.9348452129354,34.630510175255495,2.1923381556370884,-6.096675736767992,1.0,
88188072,15,72.73502226407149,1187.8734248037554,34.814406903513145,2.547482959508642,-4.983885336965358,1.0,
88188072,14,72.61783991085859,1189.7902788909664,35.24236586290954,2.2219330729014075,-1.9935580535368729,1.0,
88188072,13,72.62235240887134,1189.7163495002073,35.40826668529951,2.659332246576213,-7.0051534958759305,1.0,
88188072,12,88.27464888660239,978.7634512258376,35.69650244943523,4.13048715734277,-1.0898117944707906,1.0,
88188072,11,88.35712709378339,977.8498106699863,35.73570948326801,1.2008617471779814,-7.390094708632631,1.0,
88188072,10,88.45564534548419,976.7607218572044,35.87475457215737,4.174978537976841,-1.9480736474648666,1.0,
88188072,9,72.50030923675902,1191.7190548505077,36.214505572274675,4.009210671226441,-8.946239885464195,1.0,
88188072,18,43077.18450644483,2.0057021133095083,33.918820392982525,4.578017684212313,-17.32962266288652,1.0,
64816815,10,81.28366677101079,1062.9441735619869,33.19669870035136,10.75717593512644,-10.52101388107377,1.0,
64816815,11,212.80591053238192,406.0037608159047,32.8780548243335,10.831145743625484,-8.019286236036521,1.0,
64816815,12,1298.6618349776004,66.53002165224194,32.51053109462737,4.869721487786364,-1.7786744624973494,1.0,
70088927,13,510.0928369443677,169.3809317487496,30.11508599784179,2.0946109161232584,-9.080014312855752,1.0,
70088927,12,138.60928300618664,623.3348743037914,30.225813176486668,1.4072855329209233,-11.417288538962623,1.0,
70088927,11,259.6095489158493,332.8074809297788,30.238687002879146,3.1828889212274305,-11.465206648469916,1.0,
70088927,10,70.41319248502343,1227.0427877329507,30.24252016857463,3.547985665824001,-13.880442684767331,1.0,
70088927,9,62.92918169645308,1372.971929251542,30.299697673314995,7.3956732909693415,-15.846256457048298,1.0,
70088927,8,69.92753267498516,1235.5648296869977,30.373315998694352,6.59600203570983,1.4559745901082408,1.0,
70088927,7,800.5618520940094,107.92420320054684,30.472641638659184,3.1629047556073147,-11.913737129957326,1.0,
70088927,6,261.1812620596461,330.8047419583599,30.708307254680903,2.309744724887537,-13.308476147016052,1.0,
70088927,5,77.18353871087064,1119.4096752113712,31.267651951692073,3.433352114169736,-12.323628828983772,1.0,
70088927,4,262.8819259336622,328.6646645376559,31.379565325923068,10.095940018099554,-16.659135286254042,1.0,
70088927,3,156.0121248625245,553.8031103424453,31.510057781581622,7.001379395594682,-0.7771486895099997,1.0,
70088927,2,77.49591057699186,1114.8975391954646,32.57838205744429,1.6343008160163777,-11.28089236753587,1.0,
70088927,1,73.53736624583475,1174.9128968144655,33.59122544725881,2.2399900048347092,-2.911167745060567,1.0,
64816815,20,69.37601328919683,1245.387215316596,31.49265346398738,6.18204709642265,-9.947032972562624,1.0,
64816815,19,81.91498701326796,1054.7520441650756,31.53940206225593,7.423451448943524,-10.218626850022986,1.0,
64816815,18,104.36435034115641,827.8689008034565,31.718048933971886,4.240587826644514,-11.139151931163667,1.0,
64816815,17,216.35163792426297,399.3498770286434,31.778263215515835,6.868522898963647,0.4723574839472917,1.0,
64816815,16,1032.281851665447,83.6980712783096,31.872161529748382,5.458326205765161,-8.052352921205568,1.0,
64816815,15,73.5989536487543,1173.929732919,31.93807107617704,0.6299387755661314,-6.947120369627612,1.0,
64816815,14,91.58794334784359,943.3556081924429,31.970005765988162,12.39008764533719,9.617755365786593,1.0,
64816815,13,451.0480385144693,191.5538759121072,32.210381378673674,0.25338206710051736,-9.103128415958338,1.0,
88188072,8,72.56136630306894,1190.7162778486127,36.767608504125974,6.593151092606519,-6.213093959147727,1.0,
79088042,18,246.60198837936235,350.362138471835,30.749050711726795,3.164725043959862,-5.468805395579693,1.0,
88188072,7,828.5265218266417,104.2815138971231,36.93320045382825,2.5310626587626075,0.15547579909525666,1.0,
88188072,5,66.53350112956143,1298.5939193512802,37.32006986061526,2.751571247911528,0.9515652112625617,1.0,
76254700,19,190.88562563720714,452.6270624704338,29.22729564075962,2.352890861649115,-4.357226478945961,1.0,
76254700,18,384.2165557558408,224.87318337970024,29.290274547319086,4.07125923058058,-17.170087836575945,1.0,
76254700,17,136.97339661229722,630.7794224053225,29.44809686267888,2.269373827939802,-4.530255547832482,1.0,
76254700,16,382.51087210394365,225.87593268857893,29.554142674340994,2.3712481288795715,-11.27891341688914,1.0,
76254700,15,99.10412196450577,871.8103575040425,29.592300884983388,5.403043198936018,4.010613430470329,1.0,
76254700,14,137.07960939545697,630.2906783951154,29.693300988775604,2.146604401233006,-17.59587110675858,1.0,
76254700,13,113.112619968589,763.8404982927015,29.741364528585223,2.230503419971967,-0.7099143019864442,1.0,
76254700,12,238.01157355527783,363.00755761330123,29.956635318879137,5.170609590439838,-7.5474313721471304,1.0,
76254700,11,102.29594186610859,844.6082847849996,30.063206989870423,4.326349191042638,-11.452824206121406,1.0,
76254700,20,134.37944134412496,642.9554933090022,29.0274804369177,1.407978103648702,-10.832937471326744,1.0,
76254700,10,705.9907494345704,122.38120693394065,30.23904968495833,1.0102757486151575,-13.060643393413187,1.0,
76254700,8,657.4422462995607,131.41838767786186,30.384708665972255,2.655571414957535,-13.115340045037186,1.0,
76254700,7,69.19527128742463,1248.6402378727591,30.553680166611116,6.381304694054393,5.952154557557236,1.0,
76254700,6,426.9524227216448,202.3644682684684,30.915587084502704,4.899936899731003,3.535232132106998,1.0,
76254700,5,662.4971502003668,130.41565533356487,31.297433465839106,0.873822696940664,-12.625148655038885,1.0,
76254700,4,94.92640081054938,910.1788255138204,31.793728244083354,5.268974696661914,1.8536859379595256,1.0,
76254700,3,90.5165775110335,954.5212863297696,32.41046934652189,8.175947680713392,-16.2650589584415,1.0,
76254700,2,90.42158736996936,955.5240348356791,32.59954109673396,3.264549806828356,-12.646411699330898,1.0,
76254700,1,95.03110162002119,909.1760331840372,36.92469323095975,2.770990885576026,-0.07648629810695695,1.0,
79088042,20,659.2218102617131,131.06362479982107,30.539097257811477,3.6147264730828397,-0.9167264039780889,1.0,
76254700,9,239.3320015997876,361.0047942710085,30.363086430899102,2.780641016395265,-14.651908057197119,1.0,
79385437,1,1286.8471525703208,67.14084095179952,37.29285638401382,4.667106032999413,-15.471440832960582,1.0,
79385437,2,309.32653717639477,279.31648150423655,35.033877317769225,10.121352064874372,-12.954324663261843,1.0,
79385437,3,311.5604841660361,277.31373004914167,34.54158782604952,8.17815783769953,-21.60362449873344,1.0,
88188072,4,812.9147450751921,106.28420818225935,37.35655605555462,3.6521015463316076,0.034181611068589746,1.0,
88188072,3,88.28110146010555,978.6919122100485,38.830025440240206,5.314101922302285,-6.9557179655227515,1.0,
88188072,2,72.68361615193689,1188.7135584915115,38.89915830143468,2.602377118555779,-6.8227522512243866,1.0,
88188072,1,88.46212202722492,976.6892091217269,40.61945693547068,5.369806011920787,-2.659910689901835,1.0,
79385437,20,197.45803777896714,437.56132174632177,31.039751440592568,5.39612192669216,-3.2084825426256316,1.0,
79385437,19,64.40870056584255,1341.4336765213354,31.206342598799324,6.212741758719403,-18.52723078832463,1.0,
79385437,18,75.70204735184161,1141.3165564523947,31.228776465818214,5.044444640513007,-7.1883374057633205,1.0,
79385437,17,74.46725382865817,1160.2415230565357,31.312182820546354,4.074233324109741,-6.36493596189564,1.0,
79385437,16,146.7501227090511,588.7558961112276,31.361422804890026,3.830696764958134,-21.408578506364393,1.0,
79385437,15,73.93293797911937,1168.6266278827125,31.36398651758543,3.210934409594131,-12.40171486625303,1.0,
79385437,14,74.20807549732986,1164.293770199024,31.42796766386141,1.4015174961270986,-8.648700941180266,1.0,
79385437,13,87.17856780955383,991.0692750624827,31.492492849005544,2.128230218747376,-9.563001555955111,1.0,
79385437,12,148.9132875311854,580.2034286692256,31.883795939252423,4.560068270793863,-9.649913047847235,1.0,
79385437,11,78.00173781548646,1107.6676292056425,32.01276189860016,5.332015394601001,2.5335016341439314,1.0,
79385437,10,74.08064594968783,1166.2965257980998,32.02305287004833,5.016783788330997,-1.8960780555251517,1.0,
79385437,9,282.40292026523775,305.94584474853025,32.54678703825448,2.390536650458671,-17.061030471001004,1.0,
79385437,8,249.2124998835189,346.69208021420707,32.573416240599386,2.7449275334575987,-15.341651223017152,1.0,
79385437,7,147.86964626292567,584.2984154190302,32.76104887518295,5.277271444779899,-19.10150601232067,1.0,
79385437,6,3981.052434209923,21.70280382582976,33.12209653316381,6.13824450086247,1.3922364678780355,1.0,
79385437,5,319.4899574589945,270.4310354139665,33.19564042221589,0.6475202471310126,-6.203445995282323,1.0,
79385437,4,72.5340633324512,1191.164482320478,34.342620182783776,3.4869395737673585,-15.36496068875499,1.0,
88188072,6,72.68779828325188,1188.645165221734,37.10493831514782,1.8506889670059934,-2.4444034722674246,1.0,
116274084,20,144.9362736155952,596.124060903849,34.09866888687816,5.732789249618804,-15.988408802735762,1.0,
116274084,19,117.8243548575058,733.2949126221847,34.21522087565836,14.577976134190408,-7.721185153620752,1.0,
116274084,18,258.3617834217466,334.41478401223793,34.328093504230765,2.5131343644487742,-4.0975662121130085,1.0,
75914358,13,2026.2485327243878,42.64037634308911,33.8250701381362,5.546203430547621,-22.568615273664363,1.0,
75914358,12,300.81326809764585,287.22137340017207,33.89901563900048,1.457064558272009,-9.777632654589297,1.0,
75914358,11,2075.0463444956895,41.637624253157725,34.067591683085084,5.214343415935787,-19.05783521673868,1.0,
75914358,10,244.71214112700136,353.06789275796456,34.09312365109463,2.9838869548966613,-9.291534190019433,1.0,
75914358,9,958.8239854819248,90.11038658630716,34.11826003321835,3.1626812929162043,-15.235838066917324,1.0,
75914358,8,358.091991779541,241.27878305972305,34.22389894803973,9.348508157848812,-8.624984583252626,1.0,
75914358,7,352.7497187343926,244.9328671614221,34.81584430774137,4.648865415622936,-9.438399482303339,1.0,
75914358,6,75.32721589367746,1146.9957966049283,35.05423416408462,2.072959367498015,-7.5265349411249645,1.0,
75914358,5,401.3870296369158,215.25359222034447,35.11496354646533,4.16151624317564,-10.50589966448905,1.0,
75914358,14,65.44056302971076,1320.2820391501434,33.68044728409404,1.0504282712421968,-10.538462954797183,1.0,
75914358,4,263.57304065267243,327.80287310891924,35.156798435020846,2.4701224703982234,-15.902922584360795,1.0,
75914358,2,318.5978731772504,271.1882510023279,35.98309140965148,10.865722120367366,-24.715602101879426,1.0,
75914358,1,73.76905513393346,1171.2228093898461,40.78374683905622,5.12966199241157,-17.038928485594624,1.0,
80047416,20,77781.31849034826,1.1108065751125216,28.90792694666129,6.621659063846408,2.849584405986775,1.0,
80047416,19,800102.5526981092,0.10798615716028097,28.98253343047361,2.562579623060401,-1.912722174121427,1.0,
80047416,18,78.9585725112148,1094.2447064595585,29.01833796008475,3.1468482839879357,-4.716996863000617,1.0,
80047416,17,63.05914105994242,1370.142354426781,29.021539816492464,3.288212555114228,-0.6526662795760672,1.0,
80047416,16,131.18729792169765,658.6003475090245,29.023700455002995,2.626139002432666,-8.280175433929173,1.0,
80047416,15,69.99197223395392,1234.4272813345065,29.151754753721093,5.268238257141377,-13.651802783990945,1.0,
80047416,14,2394.751176669375,36.07890491577722,29.16884763323037,1.5056170016488295,-2.6879373925793857,1.0,
75914358,3,351.315493079555,245.93279175545732,35.52823558531304,4.5302733629544605,-13.707583871681834,1.0,
75914358,15,262.7691580559302,328.80571159576436,33.58627313906845,1.897171606022539,-19.46263802037288,1.0,
75914358,16,115.96304339772844,745.0649574939705,32.61635809433142,7.636290516831139,-7.616719332825653,1.0,
75914358,17,63.81548176134002,1353.9034355820202,32.488026107462474,1.669766438836973,-8.067033948484891,1.0,
77482722,18,898.286873643095,96.18308196978978,30.657250140436076,0.5502174089593836,-19.655367446026503,1.0,
77482722,17,60.361416911596415,1431.3779301526163,30.718036827283527,3.3953338913573816,-30.710800823038767,1.0,
77482722,16,8473.230096654564,10.1968197504884,30.96057811013975,8.326604975889609,-59.520867454953645,1.0,
77482722,15,110.92395396402237,778.912010547545,31.042654213408582,7.575113093875302,-29.71199507135998,1.0,
77482722,14,740.0271737933617,116.75246944935232,31.33235511010662,2.5896068669759416,-25.15581853888409,1.0,
77482722,13,60.2698178628637,1433.553361594558,31.4538740351162,3.1786609155510632,-23.09065923735318,1.0,
77482722,12,220.11282423719246,392.52597071261874,31.53230253195136,3.6506952934095125,-41.97771824534698,1.0,
77482722,11,1380.669764526815,62.57832410026819,31.59792010752176,2.7550219841988337,-21.678056297951457,1.0,
77482722,10,3794.741884183707,22.768347001441875,31.715378743100587,1.665695218885844,-40.44420687364152,1.0,
77482722,9,89.46678138158093,965.7215635320451,31.76672545183169,4.610349828525955,-23.961009766432085,1.0,
77482722,8,127.44926889924476,677.9167958060526,32.00828984141879,1.2526380476987242,-21.18870392111171,1.0,
77482722,7,1224.2247918074781,70.57527390246422,32.292164643007254,0.991329236808383,-22.287873829329897,1.0,
77482722,6,128.32716564191222,673.27911099582,32.59170720046666,1.6524311964245726,-17.632377421226806,1.0,
77482722,5,89.0972527125865,969.726870015988,33.02496875798329,3.613237318058168,-52.828579505426205,1.0,
77482722,4,76.97190219501398,1122.4875251374096,33.649315246462606,2.112189537540303,-23.200600944608027,1.0,
77482722,3,76.83481459801968,1124.490251613451,34.329806425936,5.091565315574485,-35.75279258911121,1.0,
77482722,2,76.90338952422822,1123.4875411152054,35.59416633646583,1.421922967020123,-27.94855181594062,1.0,
77482722,1,89.2816332317881,967.7242325495215,35.811786993237774,2.053726416090626,-25.16976440849396,1.0,
75914358,20,349.88881656932887,246.93558613034503,32.10245172693203,7.594700465629558,-24.973552796019476,1.0,
75914358,19,183.07453432643473,471.9389308725087,32.21420777115486,1.413254777886607,-11.823320621453604,1.0,
75914358,18,80.2818481204066,1076.2084085361041,32.230612570524954,6.148496136021095,3.021009933701748,1.0,
80047416,13,62.602608771834056,1380.1341780324142,29.175995615393163,2.0896591031207663,-4.422039861919814,1.0,
77482722,19,60.721601896996816,1422.8873629941768,30.6363787134502,3.569444097270434,-22.730786765325433,1.0,
80047416,12,65.60287372562512,1317.0154765072634,29.278621489152215,8.255210001757519,-2.9520642143350813,1.0,
80047416,10,139.69503841919797,618.4901123025586,29.622487064281813,1.016942558837627,-8.310647435675065,1.0,
80118640,4,113.90953451372292,758.4966470878802,35.90985508620133,0.30388166409134953,-9.583906594724453,1.0,
80118640,3,4279.733915303191,20.18817097274589,36.286729971242835,3.033035022628866,-11.3372241470951,1.0,
80118640,2,113.75913151510737,759.4994691791046,36.412507599379296,2.8181260849231933,-13.738064235829654,1.0,
80118640,1,67.06751638097563,1288.2540559457516,37.1860500874152,3.012145565460372,-13.234915406554649,1.0,
90320469,20,406.05116331520816,212.7810675250539,30.709556278151922,9.172385533839133,6.684088390082479,1.0,
90320469,19,73.84788493306887,1169.9725737346112,30.76166193441486,2.5288662362331706,-12.800555986360223,1.0,
90320469,18,66.02983694303352,1308.499369376614,30.786731062368744,5.413276202507177,2.306541372679135,1.0,
90320469,17,74.80066831857758,1155.0698936541667,30.788186216069334,4.285805265988074,-12.722112604323684,1.0,
90320469,16,96.47901653179336,895.5315166539663,30.890911439232696,7.423332194111822,-8.140543900167927,1.0,
80118640,5,364.4813933090569,237.04913772302865,34.166022574256544,0.5079938003136704,-7.114173723558707,1.0,
90320469,15,404.14668223984955,213.78376662937458,30.9301398155651,4.63157039513726,2.120481366971376,1.0,
90320469,13,104.18997877915616,829.2544159466212,31.37656128446224,3.3334519740474207,-14.391426936070957,1.0,
90320469,12,157.56076059218552,548.3598814531564,31.483361490033758,5.031771808608482,-8.285295675814496,1.0,
90320469,11,60.28612084409078,1433.1656903824305,31.568224362822093,4.084354160594444,-8.825670578058634,1.0,
90320469,10,96.27394775173707,897.4390478180125,31.689825121941794,0.48028456485769766,-7.095845215570989,1.0,
90320469,9,162.6295163965065,531.2688736609684,31.700851113148246,2.351669442676666,-9.752239894608579,1.0,
90320469,8,263.6059593109012,327.7619376506524,31.74707767460518,0.9173814300930871,-12.597367624368644,1.0,
90320469,7,74.75572145558621,1155.7643792031606,31.92814219138063,4.652764461283255,-4.76060991506813,1.0,
90320469,6,106.27186619630181,813.0091537152912,32.420162616014295,2.0396776943634904,-6.125214955942511,1.0,
90320469,5,83.24002892935744,1037.9621572852204,32.659701342752896,3.7250129612468754,-15.670511658820601,1.0,
90320469,14,156.9874089074651,550.3626093410317,31.342846838889272,3.515665890145101,-4.844675729761093,1.0,
80118640,6,108.12643320881055,799.0645528198169,34.11363410771639,6.578327525738857,-18.509021878489477,1.0,
80118640,7,203.9211871774791,423.69310024074804,34.064309756454804,0.4646005986895432,-6.275507538894658,1.0,
80118640,8,113.6095516043288,760.499436710284,33.84291316310214,1.817266299493781,-13.896918849965715,1.0,
80047416,9,75.61073058331486,1142.694949955503,30.07749669050986,1.516190668954323,-11.417785266964415,1.0,
80047416,8,269.9813912198825,320.0220563706658,30.924725426846976,3.343347011082045,-4.845402257073317,1.0,
80047416,7,269.1379951271452,321.0249075355683,30.93504895438548,3.2347954532284007,-9.720926300535098,1.0,
80047416,6,78.9647166596931,1094.1595646109902,31.61436579234328,2.753262119630051,-0.44419280842265607,1.0,
80047416,5,1934.405263726579,44.66489086860359,31.71997335537401,0.9084154472423904,-11.801153371104562,1.0,
80047416,4,388.45772670969507,222.41802404555864,31.84420695016297,2.4831484238288795,-0.7856096723209589,1.0,
80047416,3,500.60437626755606,172.59137973221019,32.23854703069321,3.1689983555614845,-10.91747581471435,1.0,
80047416,2,245.74998526376388,351.57682677891813,32.34525211657535,8.300563242990847,-2.730475153948248,1.0,
80047416,1,63.15144617990866,1368.1396900058285,33.759086835250514,3.600764879490214,1.3967876226988096,1.0,
80118640,20,63.54998856385606,1359.5596467052685,30.271462135692673,8.30889649834296,-0.6524960259302048,1.0,
70261664,4,83.74780474422506,1031.6688331577768,34.11986548839411,9.858758012239264,-5.449602794585331,1.0,
80118640,18,240.84876298112343,358.7313421525508,30.365924581149898,2.671165738481463,-0.9080050880691601,1.0,
80118640,17,497.0366307383511,173.83024641795967,30.479997140712157,3.1383929968551456,-16.672049538682785,1.0,
80118640,16,222.28975300061896,388.68188404419806,30.60946535920948,0.3827691437586509,-5.796613177850858,1.0,
80118640,15,108.26229159019431,798.0618064787532,30.619348511585827,7.063984296444659,-18.251278531606005,1.0,
80118640,14,69.37494951868071,1245.406311636089,30.747759281793265,1.5606024660220328,-9.994859342560858,1.0,
80118640,13,114.0599060978878,757.4966783319137,30.78014899365553,2.5041749510229465,-9.914788186153771,1.0,
80118640,12,1785.2984851747237,48.395268756162196,30.865676961020313,3.2131086460772167,-4.556320472069714,1.0,
80118640,11,65.04864325649486,1328.2367728918512,31.203313584401144,6.214586829843228,-0.7540839955048284,1.0,
80118640,10,70.8540954985028,1219.4072818532516,32.136220067437534,3.1993174930901205,-13.273334917685617,1.0,
80118640,9,202.96182043833903,425.6958269954463,33.36146645629162,1.9991066346480864,-8.094004171951497,1.0,
80047416,11,21172.052348835812,4.080851425098185,29.349781238627543,3.7171249459658213,3.209001906481376,1.0,
77482722,20,85.77060594514538,1007.3381089933905,30.397119881753383,9.628379533151815,-30.36387930945557,1.0,
69054084,1,219.77230535418946,393.1341570119858,41.510822176700685,0.2561011855788138,-11.615842579437583,1.0,
69054084,2,839.1265375814945,102.964208770014,41.18868120611887,5.2414495790307,-19.219383161522558,1.0,
79742253,12,442.05430550159565,195.45109938916346,30.497931999001253,0.6542887116268901,-11.639104884243565,1.0,
79742253,11,368.29577752459954,234.5940553017312,30.50346724745833,3.9951055434787577,-5.109851697816751,1.0,
79742253,10,460.641765879668,187.56440774536713,30.55992310085378,5.9521179072118,-4.794147282876452,1.0,
79742253,9,278.66205796818605,310.0529746674878,30.87647639848774,4.812530249668512,-27.157259620495537,1.0,
79742253,8,158.34832394998446,545.6325513574119,30.97944211730197,1.9964500241608931,-9.643267577515985,1.0,
79742253,7,124.37481795385047,694.6743836204761,31.05031556303777,1.8673375622061315,-10.102730277632588,1.0,
79742253,6,348.9582183526883,247.59411143220723,31.484362497629434,5.792358416442966,-0.32705070134929315,1.0,
79742253,5,456.9133943665783,189.09491615971737,31.658973784964928,7.358151639307096,-0.4061026972634352,1.0,
79742253,4,162.86560496547884,530.4987509076176,31.81440217992082,1.5808979361189301,-9.473489458655635,1.0,
79742253,13,115.32657532531124,749.1768463277814,30.3644693649685,9.22192449264017,-11.831275709794681,1.0,
79742253,3,461.8044341889183,187.09218362475676,33.4270751300719,4.8270581918316395,-1.1474997441046497,1.0,
79742253,1,124.1955507448689,695.6770953694538,35.894492694762675,0.9240348859656393,-11.311129771449131,1.0,
57731713,20,66.85771079230506,1292.2967145615185,26.819771961632796,1.6279030406390689,-3.5888797188690944,1.0,
57731713,19,74.42781319975438,1160.8563557834739,26.95044817712096,5.78842316807112,-7.534620147231806,1.0,
57731713,18,589.5478176049448,146.5529977720934,27.02653295576897,0.3400771729184271,-5.964257761083161,1.0,
57731713,17,76.01484629051163,1136.6200711608185,27.118299204382538,0.2418292995765512,-5.578722146825555,1.0,
57731713,16,692.5356913568787,124.75891290269428,27.19187663156208,2.8067150371968808,-9.05035955038187,1.0,
57731713,15,198.0943801832318,436.1557350596337,27.37127825449147,0.40825261431618287,-5.794131148983126,1.0,
57731713,14,121.37492022249235,711.8439282317976,27.460811488454965,4.633451474360584,1.5472881207574005,1.0,
57731713,13,637.379049570024,135.5551301196446,27.55016132260721,1.0352382998318035,-1.0114503361293714,1.0,
79742253,2,281.8426069638078,306.55407615887856,33.92885822630467,1.0624657678455947,-8.149912037481812,1.0,
79742253,14,280.92371862766066,307.55680019498635,30.23629570100627,1.6315889440549824,-10.76403585718154,1.0,
79742253,15,124.01726711547704,696.6771806021961,30.181704847129595,1.6778742349444258,-14.331751065721122,1.0,
79742253,16,169.67636624200654,509.2046813211991,29.776188596099246,2.7515869779351334,-7.767832532307239,1.0,
116274084,17,83582.19582293103,1.0337129713969049,35.008489536835214,1.0016459288573287,-3.1645768421885236,1.0,
116274084,16,481.22115001708124,179.54323079302142,35.25116359383594,4.143281003333186,-14.126539068921659,1.0,
116274084,15,61.87549993827586,1396.3523541011975,35.86917790700022,2.2238262079544597,-2.2985264479998477,1.0,
116274084,14,145.17979439440813,595.1241380414012,35.87960802435066,4.02977668218125,-12.817008277247112,1.0,
116274084,13,117.98525212017114,732.2949135371537,37.633247255829474,10.382291154319716,-11.178063645826057,1.0,
116274084,12,144.4542598099329,598.113202848304,38.047198873010075,5.873395355198966,-1.8581348939560485,1.0,
116274084,11,86173.08587512122,1.0026332366141282,38.44329894542193,12.681149597355216,0.7761756866648284,1.0,
116274084,10,43129.46855334061,2.0032706847093262,40.80364199729729,8.588974135366698,5.732377174743419,1.0,
116274084,9,42423.48875842342,2.0366076088649074,40.810772378228876,5.877833456255303,5.2399588835907025,1.0,
116274084,8,43067.06894298615,2.006173211238955,41.11785333903947,10.461210398253684,-10.69981789999838,1.0,
116274084,7,43881.64571961807,1.9689325362146421,42.556826548475556,6.026454527414103,4.316389535892199,1.0,
116274084,6,28741.864873613442,3.006067991062048,48.103472469462304,10.721349578582362,4.441844657702404,1.0,
116274084,5,89157.8597240997,0.9690676768976516,50.11607354371938,3.1476885438424915,-4.6416422662036325,1.0,
116274084,4,86112.0594852442,1.0033437885062444,61.38484590520318,8.24128424568687,-4.949083461353439,1.0,
116274084,3,83346.2702116865,1.0366390695175383,66.23186229065936,7.26553899044751,5.392295496336146,1.0,
116274084,2,89429.50956357738,0.9661240503457795,71.50336615362244,7.477419487348982,4.438799979389103,1.0,
116274084,1,2554507.5422610217,0.033822566021287394,74.32825115897458,4.726654384887183,0.6337625611968178,1.0,
79742253,20,72.44431653953109,1192.6401424859,29.331401260384553,4.698987440337248,-18.528713443178106,1.0,
79742253,19,89.15894721371279,969.055856984273,29.459441917719687,3.394321737130241,-13.668059783311236,1.0,
79742253,18,366.7282071057752,235.59682164039185,29.578589208358608,5.023679303972145,-1.3153673990980508,1.0,
79742253,17,752.7981126362231,114.7718074072156,29.701022977795105,4.754629545466287,-4.9384296965587,1.0,
57731713,12,203.96056399886757,423.61130164593834,27.907408663624665,2.1523461296869186,-9.630012531391856,1.0,
57731713,11,121.03440029711463,713.8466401940748,28.49359440498324,4.982544874170202,2.840738632468515,1.0,
57731713,10,301.295424418368,286.761739468131,28.565236443383583,1.8378753035695468,-0.37213764322396514,1.0,
57731713,9,67.56599091882659,1278.7498388619874,28.725014558831617,7.28115562294289,-9.781285362759633,1.0,
79184600,3,439.6260156909226,196.53068043348733,32.00909395653855,5.132611707488152,-4.970013493976538,1.0,
79184600,2,76.60870894006939,1127.8091119847782,33.72581652439425,0.7978924505179634,-7.614541229676078,1.0,
79184600,1,770.2326462534177,112.1739002108892,33.97704609388211,7.152346338143133,-14.005398790521369,1.0,
69054084,20,121.11548592049135,713.3687269084564,32.52698766947128,2.6167026228627037,-10.177488561842893,1.0,
69054084,19,217.09043227668016,397.9908238880092,32.53259386668765,2.981532166762179,-15.073853827202242,1.0,
69054084,18,82.5405092443145,1046.7587465963124,32.856225114857125,4.323731035431479,-16.611475456723213,1.0,
69054084,17,240.7297171931946,358.9087421668874,32.91907637996451,1.2874442906844479,-5.825617324751988,1.0,
69054084,16,152.82366129824982,565.3574797647482,33.23872458795154,2.575614397078539,-12.507262131200832,1.0,
69054084,15,286.74168479626286,301.3164969766756,33.70936142009327,4.068991825804801,-13.853455740311347,1.0,
69054084,14,220.89760220631638,391.13145247861576,34.1054445981963,0.6138473671862243,-6.227930314661535,1.0,
69054084,13,187.02135567481315,461.97932684345204,34.60735549566607,2.535136514670967,-4.632988920062189,1.0,
69054084,12,409.97509501025036,210.7445087556838,34.672377739861304,4.761066600676941,3.296266038206454,1.0,
69054084,11,294.94231194453187,292.9386408832679,34.859141350775644,4.02902851101976,-1.1844766428672528,1.0,
69054084,10,239.39389167600206,360.9114643448571,35.05243916135464,1.731045823188424,-6.370830253683266,1.0,
69054084,9,160.90801548382967,536.952741230487,35.088413236603174,1.0504003577822232,-12.400694456614701,1.0,
69054084,8,240.0589921201849,359.9115335648167,35.26148012250701,2.9103175200405644,-12.164385921437315,1.0,
69054084,7,285.7906007308476,302.3192497550679,36.61433984967857,5.091365279434569,-18.617866570734634,1.0,
69054084,6,117.9094997335812,732.7653852761862,36.64603014527415,3.84226018692857,-3.1148780331864145,1.0,
69054084,5,82.7446865262871,1044.1758090720623,38.15841884184738,1.5215288400830786,-18.428666442662347,1.0,
69054084,4,71.6330383562858,1206.1473585731046,39.40828958509087,5.17689978204487,-7.317748554332184,1.0,
69054084,3,655.5892730226379,131.78983176714752,39.967075322385654,5.339689130728516,-0.5025286853530133,1.0,
79184600,4,142.85193378928005,604.8220539138663,31.917708134572422,2.5397658951559805,-1.8000743601135554,1.0,
70088927,14,113.21841753377976,763.1267233904039,30.01043489688618,0.22991197285054454,-8.56008368183359,1.0,
79184600,5,418.1783738314422,206.61039739665208,31.847177194083486,5.310039176412246,1.8718492924244146,1.0,
79184600,7,142.38046200305703,606.824832455909,31.45405835538827,2.961349736295702,-5.077950663808224,1.0,
57731713,8,676.3900984681907,127.73693789378147,28.880159309328064,2.2190295865277108,-5.985701012730203,1.0,
57731713,7,99.2659221499129,870.3893353201053,29.15426865898371,1.205782481123606,-8.437357372228803,1.0,
57731713,6,203.47742183166713,424.61713551431285,29.19162972681761,1.8348799019728972,-7.310400064156511,1.0,
57731713,5,632.6986866896048,136.55789369827934,30.53093342699799,2.951625948219032,-5.378301347358217,1.0,
57731713,4,169.44997785999598,509.88498842641303,30.67301831567329,1.672350584644306,-6.967489027764088,1.0,
57731713,3,660.8555343451408,130.73961782829895,30.97676375427136,3.1276074365046895,1.603535959900114,1.0,
57731713,2,671.1359100099315,128.7369647657826,33.46695276134301,2.1359565550777404,-0.8677320981819889,1.0,
57731713,1,665.9490625614513,129.7396525609304,38.14669115384845,2.645663903850277,-2.9818027467104002,1.0,
79184600,20,152.66568433535468,565.9425061771481,29.38485435969153,1.6930406053338203,-2.165370605561634,1.0,
79184600,19,441.8806590276183,195.52790608696873,29.421408109535264,6.418783719331088,-8.620311485886091,1.0,
79184600,18,517.0160781863258,167.11279135281083,29.4479912922352,3.095726726982818,-5.077748188068128,1.0,
79184600,17,104.03091431932039,830.5223554490474,29.588492899285143,2.655182652847145,-5.82962904534871,1.0,
79184600,16,346.7681668389501,249.1578185725648,29.60415326785528,6.0142816978564895,-15.886805807133342,1.0,
79184600,15,228.64744456977598,377.87433033669197,29.71989560877978,3.381232831206262,-9.91985369778034,1.0,
79184600,14,128.63982787004952,671.6426897529767,29.884629255195364,2.847009941596596,-9.08639053774705,1.0,
79184600,13,791.4377445625964,109.16840976260319,29.90147390039357,1.7174482286863935,-7.3139737181843145,1.0,
79184600,12,1053.8547547845421,81.98473234356119,30.2023098937305,2.125856410910842,-7.01403975431019,1.0,
79184600,11,420.2178259680467,205.60765074866157,30.83149967322686,3.9867035343707045,1.2621689719534999,1.0,
79184600,10,162.85639492450963,530.5287522792692,30.957819676101337,5.367319459995812,-12.698367601881941,1.0,
79184600,9,229.25574906327864,376.8716830571262,31.03410409356627,2.07655728401825,-6.1547632810013795,1.0,
79184600,8,784.234196061345,110.17117135917591,31.308646396203358,4.859308267878987,-14.06270913180144,1.0,
79184600,6,319.5731952498709,270.36059746013666,31.65995107436936,0.7807225228533667,-1.9758673010403243,1.0,
59454497,11,68.0556237732405,1269.5497478339553,33.14861134162868,2.3814537407388343,-6.266348244305561,1.0,
70088927,15,253.4603188645199,340.88176163852575,29.99057156972492,2.109456864591266,-4.182874507858145,1.0,
70088927,17,194.34490159134523,444.57044816990276,29.945682837834283,5.967808994934728,-2.4480275190814496,1.0,
70501607,3,192.26487379255562,449.3800572912833,34.95447161476841,1.3296064819505773,-6.973079234599339,1.0,
70501607,2,183.8049598217117,470.0634851410257,35.84286423344486,2.3738627431281714,-9.134755673878459,1.0,
70501607,1,304.40639632345426,283.8310923933202,36.77185653916797,3.6826342029040973,-0.37736023901101134,1.0,
78901534,20,91.42396880064533,945.047574869558,31.256312710176985,18.47766266899714,-1.5431713263835718,1.0,
78901534,19,838.3663830517909,103.05756736749136,31.265381537669214,2.1708781515820306,-4.595697121627552,1.0,
78901534,18,126.51092268567265,682.9449834514944,31.32072099613856,3.671284143910441,-12.40553345704086,1.0,
78901534,17,193.5424607140358,446.41366902768857,31.441619798575516,9.630746403093212,6.8505449379600805,1.0,
78901534,16,126.1410131431585,684.9477251458565,31.51434137321894,2.752390058164508,-13.039874392664785,1.0,
78901534,15,167.36555928537504,516.2352419990982,31.557828513181562,3.519864540482672,-11.383862065813219,1.0,
70501607,4,306.5696083035549,281.82832759615764,34.09080442411391,3.629446391459453,-1.3736822963562645,1.0,
78901534,14,172.9910980605595,499.4476650454794,32.076722934751274,7.86683382269041,2.685233593361204,1.0,
78901534,12,96.5525176177702,894.8497888168826,32.199070051893614,3.6462035745386174,-12.285267804624539,1.0,
78901534,11,66.6852393902199,1295.6390468123816,32.57296987777988,0.8167519628613604,-8.603023266553237,1.0,
78901534,10,160.04427027523622,539.8506291503817,32.68702772158838,4.960419670446697,-9.068206828436985,1.0,
78901534,9,107.43432440243558,804.2122522812763,32.753820993390605,4.205499680316052,-27.513688085092724,1.0,
78901534,8,222.43568458345223,388.4268846601585,32.812950359444244,1.2127289927821039,-13.19680443288621,1.0,
78901534,7,355.5003292563213,243.03774958729852,33.10037766321409,4.333194713708281,-4.037507339334184,1.0,
78901534,6,192.45562821482204,448.9346495159858,33.115575931862736,10.927841072187164,-7.123549487261698,1.0,
78901534,5,126.69695035507205,681.9422232173812,33.333652021692956,6.961659276898047,-15.102701548789469,1.0,
78901534,4,356.97310463327267,242.03504095570693,34.165207165582956,2.9387524842675816,-5.572738286352205,1.0,
78901534,13,124.50623335063253,693.9411600114964,32.13474727003006,5.009270863938241,-1.0120012864576893,1.0,
70501607,5,282.9901435805048,305.3109868309636,33.68130466432126,4.195198008015268,-8.544327230572861,1.0,
70501607,6,191.83684583399793,450.3827177953315,33.31202776273574,3.780223268719709,-10.430115597940556,1.0,
70501607,7,991.6142350350412,87.13065721262748,33.174778262461246,5.132089046370197,-11.457156394984878,1.0,
68426859,8,96.67274278815897,893.7369263364147,35.687942940509856,4.544976826827735,-9.03411052013405,1.0,
68426859,7,72.9281179085235,1184.7282293555797,36.75625806844664,1.8202525920808057,-11.728374306819262,1.0,
68426859,6,96.65287941442293,893.9206004359044,36.75661945542561,7.082399538139839,-9.852188042774742,1.0,
68426859,5,356.719231893095,242.20729435157892,37.02637543588389,3.676368881385031,-2.6049906954272046,1.0,
68426859,4,96.88985825778438,891.7341975062534,37.63499077186816,2.6799510632357055,-6.361621404768584,1.0,
68426859,3,72.80504521017617,1186.7309435847121,37.82450064447721,2.0078559165162346,-12.339786011842193,1.0,
68426859,2,72.69493824445661,1188.5284187113052,41.440482287700206,4.099639197132831,-0.8872978469776172,1.0,
68426859,1,595.8785621331986,144.99598658272714,42.54646444283344,5.368394531345928,-23.050112024190412,1.0,
70501607,20,886.3417947169056,97.47932514859671,31.45029335332356,6.788779745766959,5.330551755932078,1.0,
70501607,19,914.8361013655154,94.4431465603909,31.459190255061912,11.861570010091384,-1.6174535507750818,1.0,
70501607,18,146.24280744739693,590.7982861384673,31.488098860483888,2.9151627712189736,-3.461468012535704,1.0,
70501607,17,87.0479329574815,992.5565957114917,31.72121223149543,0.47370878274267625,-4.704119551624359,1.0,
70501607,16,210.766517986864,409.93228348244986,31.782658456972285,1.3878461562830182,-4.898539926261009,1.0,
70501607,15,107.98573885960366,800.1056520281063,31.898290574397265,2.561374575618771,-12.65674993830143,1.0,
70501607,14,116.90990619949214,739.0306160418023,31.98582948580531,2.608925135067608,-7.20710319492639,1.0,
70501607,13,116.59393557100273,741.0333957496838,32.051677344104974,2.408980539302064,-10.494822960574965,1.0,
70501607,12,116.75150452267886,740.0332899625879,32.06330632883726,1.0192944109384428,-7.657576231369063,1.0,
70501607,11,529.0920631877104,163.29861287173975,32.136424695525875,6.801170011572225,-8.151557209844071,1.0,
70501607,10,963.9885273685483,89.62762268120635,32.500524273687006,2.157411197755067,-6.320104517330606,1.0,
70501607,9,209.74181958047208,411.9350169309022,32.61010364918752,1.8910427703443986,-4.187388898176636,1.0,
70501607,8,111.59888655917334,774.2012726461023,33.13548138729686,1.2073063461444633,-3.540027575216669,1.0,
78901534,3,830.2882498559917,104.06024656495565,34.5907355319456,3.0317279376754414,-1.3519998564019602,1.0,
68426859,9,604.2245538981963,142.9931958947786,35.51479067660307,6.717444841439942,-21.620011598933445,1.0,
78901534,2,358.45418810003446,241.0349854132216,37.16243295549418,4.094558427080187,-5.236331171686231,1.0,
94376953,20,389.90804815627564,221.59070685653242,29.78012634524771,1.0368321558663212,-9.663582094555736,1.0,
74630513,14,82.05405962810258,1052.964355348105,31.56657259129645,10.58906433231627,6.202296969102008,1.0,
74630513,13,212.55763126991704,406.4779960324486,31.734320591232745,5.302776418313897,-11.021366352615985,1.0,
74630513,12,80.29978976270799,1075.967947803084,31.75947306810781,3.221257212600932,-4.970523037169244,1.0,
74630513,11,207.88022741511116,415.62394401017207,31.864888906853366,1.1583856768093028,-2.9194611492793,1.0,
74630513,10,62.38299428572492,1384.9928332114523,31.90740523917475,1.1448473185443504,-2.808797547694951,1.0,
74630513,9,80.22502189706525,1076.9707250545562,31.9297607452055,3.5243396965318823,-3.35830389397006,1.0,
74630513,8,6188.9219541716275,13.960428106830834,32.25324756019745,5.538559155325032,-13.287715316955314,1.0,
74630513,7,213.083282754321,405.475262456965,33.170854814505674,4.250444069477993,-8.978846782343652,1.0,
74630513,6,1252.196707303316,68.99874396417141,33.30742788392354,5.617018368765969,0.3226993369488014,1.0,
74630513,15,213.61009015189163,404.4752752014832,31.186836370121455,4.230915755077717,-11.024493589398674,1.0,
74630513,5,80.37448619045915,1074.9679916492717,33.381424731765264,3.427603979469353,-1.7547022907127143,1.0,
74630513,3,297.03704590639416,290.87280926981543,34.41579404426193,1.0448699892966147,-8.313314253960073,1.0,
74630513,2,98.07628220112348,880.9469329477731,36.540389596170144,5.469192967831418,-10.486810168767391,1.0,
74630513,1,97.96477064204768,881.9496992005007,38.802648819540536,4.04278296045652,-8.88551877677105,1.0,
87917325,20,151.091004936167,571.8407924846507,30.5043102474242,2.2599232933729354,-47.10877980292844,1.0,
87917325,19,147.22563296212422,586.8543287039395,30.93666617718941,2.5674182712615448,-39.98420747103205,1.0,
87917325,18,448.9785737355346,192.43680000394156,31.014548403429217,6.365653776942054,-137.71332089723342,1.0,
87917325,17,144.45947447450027,598.0916122967841,31.046061833911835,3.9202004883765085,-32.16489151881092,1.0,
87917325,16,61.99351300773768,1393.694207799065,31.07498415462578,1.820684956379182,-12.414878236925915,1.0,
87917325,15,137.09509210717803,630.2194970805688,31.120278756155813,4.368969418594361,-123.77414860694694,1.0,
74630513,4,66.24913192568448,1304.1680319210811,33.65153665411151,3.6609182951810055,-4.043251736452703,1.0,
74630513,16,341.28170245956613,253.16329406858947,31.143834244922346,10.2236722598916,-10.924339870466667,1.0,
74630513,17,282.9239300369098,305.38243968521294,31.041656195928454,1.212826909928964,-4.423823552487988,1.0,
74630513,18,1754.0744205861356,49.25674702623442,31.02810250301559,3.7585793733055937,-10.797821584620095,1.0,
94376953,19,286.64021685801293,301.42316017992056,29.811795785604886,3.703325569413977,0.1966793406563454,1.0,
94376953,18,279.9609527069853,308.6144662839056,29.87272701501854,1.1139785619652258,-13.191425698871257,1.0,
94376953,17,87.87904971862966,983.1694843837608,29.9269403528304,1.7259236935920512,-4.918504314304698,1.0,
94376953,16,89.9025035471789,961.0410899698599,30.00376683238659,1.6685939503316263,-14.501042685532113,1.0,
94376953,15,249.66302815556196,346.06645861142573,30.209513616545735,3.3458735002232913,-6.467379850374357,1.0,
94376953,14,61.00218988150725,1416.34259635312,30.21196012397229,3.9182682545155387,-11.935133489304945,1.0,
94376953,13,154.00417076873427,561.0237668806099,30.282797075614496,5.57017023311343,-7.832964770693437,1.0,
94376953,12,154.56760709497922,558.978699507903,30.392229583275366,4.803860837486582,-13.473352921926676,1.0,
94376953,11,278.1533711498478,310.61999947307584,30.529977722215904,2.391154287983298,-16.382358801939034,1.0,
94376953,10,73.44761235418193,1176.3486549209872,30.82798575376802,7.553792982327295,-14.060846034928318,1.0,
94376953,9,175.19705281864532,493.1589807588641,30.95813224842101,2.7000329892211994,-1.6892829864715821,1.0,
94376953,8,138.57691487873007,623.4804698575476,31.572563550122766,1.7168777796041468,-3.1184727849714022,1.0,
94376953,7,138.80014659407914,622.4777287352347,31.62581670069983,2.0992330769750396,-2.973706636901028,1.0,
94376953,6,154.84538710155257,557.9759372704858,31.86446521481446,3.2075297534904905,-11.624671830367078,1.0,
94376953,5,279.05423113946597,309.6172369334867,31.969380789498246,1.6627610513234714,-15.806401830580342,1.0,
94376953,4,73.51027590033446,1175.3458811274425,31.992542791717824,7.5506388752509395,-13.662499206416612,1.0,
94376953,3,60.87290105505637,1419.3507866801963,32.79955942723461,1.1833265195859326,-8.51394633934288,1.0,
94376953,2,60.95903231341489,1417.3453337609244,33.76168066465459,3.0764362580871705,-11.27292936970079,1.0,
94376953,1,60.91593603750167,1418.3480648940463,34.46505063497244,2.1565953323226097,-10.07079353001501,1.0,
74630513,20,298.0645953090568,289.8700528669421,30.786535924474265,2.9902484253433954,-8.025812272979863,1.0,
74630513,19,350.35370803374343,246.60792227630313,30.95109685596026,5.611317344027384,-7.591337984142569,1.0,
78901534,1,359.9516257736646,240.0322538182611,37.710657140801004,3.488850351160295,-8.85626849473681,1.0,
87917325,14,78.22803806091764,1104.4633374637199,31.17383473159407,7.444504418061683,-117.69611304100488,1.0,
68426859,10,583.456904379994,148.08291640976003,35.450594717937975,2.525213753646426,-4.4869054160587325,1.0,
68426859,12,579.5322655473423,149.08574575808834,35.053227927119906,3.941699301002245,-8.896548234306465,1.0,
87729398,4,68.25744377019444,1265.7960103353264,34.63206055792489,0.8878660986585487,-31.44853560182844,1.0,
87729398,3,201.62360272747313,428.5212585789549,36.24168418834529,9.842783282965172,-11.311619011102948,1.0,
87729398,2,68.52858089898996,1260.7878182586653,37.04178608258053,1.7107003738308322,-31.802790657928426,1.0,
87729398,1,68.41989922322084,1262.7905182689447,39.58686135943367,2.5326567673872944,-25.5314013474906,1.0,
115724502,20,74.4899830395935,1159.8874972769963,30.725754656200024,1.3561656598207037,-9.235529681332594,1.0,
115724502,19,77.3465290754994,1117.0507718020976,30.86874921247818,1.7017125871545886,-12.955388407029659,1.0,
115724502,18,2899.978059380624,29.7933288565822,30.87452476740964,5.648786944546941,-3.6803216330940245,1.0,
115724502,17,232.0101856131594,372.3974435504243,30.968847375112546,0.6742933499869537,-7.637568084463055,1.0,
115724502,16,154.36741318442083,559.703620198513,31.064512419842004,8.06372252790112,-15.920020038516782,1.0,
87729398,5,60.04725056927024,1438.8668786813037,34.42362888920434,7.783038883114671,-5.06682443148884,1.0,
115724502,15,72.34114188952063,1194.3411141055813,31.319913369188725,2.9234044220864916,-9.004456311036165,1.0,
115724502,13,394.53697300847176,218.990882758521,31.532567277121416,10.476842541218787,-20.670507836138654,1.0,
115724502,12,112.12447483796547,770.5721710167143,31.544537012443698,6.575318772105334,-12.67067288433941,1.0,
115724502,11,390.70156185941573,221.140656793916,31.65917312213628,3.397193974901427,1.986489545775953,1.0,
115724502,10,65.37395063592773,1321.6273325925774,31.712024565144134,3.9041410338106743,-15.992903844418663,1.0,
115724502,9,92.07609707816783,938.3542824002507,31.746409466719115,1.8713517178089774,-10.55504037983303,1.0,
115724502,8,5391.623706040392,16.024857206411415,31.86452461709871,3.019372585714848,-14.245756950418183,1.0,
115724502,7,64.8531366274584,1332.2408829092594,32.02074672309868,7.84280242962825,-24.779143180333676,1.0,
115724502,6,68.436994208238,1262.4750838282685,32.11734048746155,5.011028962145019,-10.060887342373064,1.0,
115724502,5,285.5906751636954,302.53088603287586,32.30844032387188,6.808450709432009,1.9740840108894417,1.0,
115724502,14,63.32238316194673,1364.4464356155447,31.40278949536105,2.5431647827921324,-6.5539030884753515,1.0,
87729398,6,211.30752836132285,408.8827344204288,34.13755247073391,5.914707448110562,-17.17205130605481,1.0,
87729398,7,81.23658907406391,1063.5601640195475,33.98864631808692,2.0850447382177038,-33.73431220480802,1.0,
87729398,8,388.4238435396054,222.4374261184877,33.89662149282003,9.13453618175214,-35.978457919632376,1.0,
59454497,9,630.7641270685191,136.97671806661648,33.49739431220962,1.8754178832601838,-18.609082115205183,1.0,
59454497,8,102.45307211635647,843.3129257644425,33.59165420656825,12.892286724070914,-30.62711237389584,1.0,
59454497,7,116.5105917828097,741.5634808641295,33.60883880844892,4.586357533115063,-13.978382354756718,1.0,
59454497,6,71.06666673806446,1215.759848684767,33.62901573735007,3.6383289213964076,-7.987437720018363,1.0,
59454497,5,114.81094520333272,752.5414919891452,33.65155840775617,2.4961331012179926,-7.421195236988751,1.0,
59454497,4,75.3955516549092,1145.9562017061555,33.65434148609347,2.229696834417041,-7.346685374321055,1.0,
59454497,3,75.26401750919449,1147.9589166157002,34.88522592227514,0.9743643938752484,-10.01728756829516,1.0,
59454497,2,89.43722094033767,966.040750054569,35.16670270235602,2.0087836583218746,-9.724633567006833,1.0,
59454497,1,71.00776402648596,1216.7683518068916,35.327019780592764,9.628409766942127,-29.31353246991773,1.0,
87729398,20,68.09545653550089,1268.8071186505113,31.30914151198499,1.3102623319755935,-30.282924253744454,1.0,
87729398,19,134.22400341494253,643.7000670655119,31.36414123688064,2.7665214053025693,-26.757224389525163,1.0,
87729398,18,67.72601208009421,1275.7284438632166,31.524193632463493,0.5501423217846195,-12.461881094859763,1.0,
87729398,17,102.46166999560388,843.2421607388109,31.596697591017346,3.6424672154789732,-32.77239385118702,1.0,
87729398,16,172.23460648252623,501.6413470237502,31.989730655416224,2.196847278501707,-7.255279464846694,1.0,
87729398,15,101.88188805679077,848.0408210715442,32.08923065455065,1.1974291035999158,-8.072641681527045,1.0,
87729398,14,27600.3454037227,3.1303956068733285,32.75908127438697,5.973605262080923,-22.40741217369441,1.0,
87729398,13,25568.10018104302,3.3792107895470322,32.86513538546251,0.3316409683648658,-20.56279623586977,1.0,
87729398,12,370.99830666108795,232.88515998248906,33.0645540590599,8.712852311885712,-18.48696642980144,1.0,
87729398,11,156.4572211287028,552.22762731371,33.40418288930323,3.775668343924167,-8.772986396288502,1.0,
87729398,10,66.58603542159157,1297.5693695075204,33.570341506015666,1.7071819202439542,-13.208216757904978,1.0,
87729398,9,374.38136807477406,230.78071551558514,33.799967262734754,4.648823409232875,-32.17418911549544,1.0,
115724502,4,83.84583989684414,1030.4625740084214,32.41131723514695,7.127327757637204,-5.77067836158858,1.0,
68426859,11,587.1018759639186,147.16355633874667,35.36112193040981,2.126664459953929,-8.285783401376534,1.0,
115724502,3,170.0433020937966,508.1058703055613,32.495402802323156,1.465710489023138,-12.052029448729172,1.0,
115724502,1,1653.6218358535814,52.2489472058775,33.390583074036954,4.0727585122834284,-11.460493686840891,1.0,
71387925,12,277.42690708515835,311.4333822475224,21.15918727709088,1.3892801954417848,-5.765086827876594,1.0,
71387925,11,151.14801814366427,571.6250934754427,21.240334089140205,0.09772878253634332,-2.679231455623281,1.0,
71387925,10,288.53025290963035,299.4486683067549,21.355613292782493,3.424628884012762,0.19969504774572044,1.0,
71387925,9,302.66693593268496,285.4623011058463,22.04551717438457,2.7665154544783093,-3.819161187036663,1.0,
71387925,8,114.56810311890214,754.1366021424964,22.246842758746325,1.4375462922459974,-2.7215828410949428,1.0,
71387925,7,253.49852137930716,340.8303903702878,22.682889103300454,1.4644386429991556,-5.353482499839046,1.0,
71387925,6,278.3230684976262,310.4306102486683,23.09770293254381,0.4271531458957085,-4.669233740651265,1.0,
71387925,5,252.75491884451554,341.83311009329844,23.112788286471158,0.5333935663954392,-2.873579506942221,1.0,
71387925,4,279.22523792862097,309.42761707695865,23.256012066544685,2.693092361430388,-3.999078326350215,1.0,
71387925,13,403.06582222223227,214.35704849309437,21.114185737957357,4.718419855777043,-1.8186817474095704,1.0,
71387925,3,305.8904344546348,282.4540759309477,23.466255514398085,2.9095073218307164,-5.6030650537712035,1.0,
71387925,1,304.80830904293464,283.4568397143986,24.6673929272861,0.6435914514288399,-6.176272076800913,1.0,
68426859,20,591.785394466492,145.9988719016825,33.72045680699421,4.033634665527757,-5.673315404197751,1.0,
68426859,19,96.76143960641829,892.9176782759338,33.81301836265675,4.554955926915454,-6.804596392582255,1.0,
68426859,18,72.6999572799807,1188.4463654807657,34.13151700238814,0.6141329173107124,-13.567279766584761,1.0,
68426859,17,583.4047482818179,148.0961549498117,34.15838544099279,0.1908725624476233,-7.796946139068666,1.0,
68426859,16,587.3956734716943,147.08994958942864,34.1685952730254,8.189132241823245,-19.2330267259876,1.0,
68426859,15,608.3517458368977,142.0230986288059,34.18918234948069,2.1302443861691245,-13.4578353353902,1.0,
68426859,14,589.2678475227262,146.62262732172542,34.54015804699429,8.705059139894672,-20.850201256605317,1.0,
68426859,13,72.57264974385694,1190.5311478214767,34.8563826339539,2.3187252397675593,-4.034379525732049,1.0,
71387925,2,303.73384318772077,284.4595751768137,23.87104286259121,1.2363466231187417,-5.649522420019778,1.0,
71387925,14,291.04636867428735,296.85991408706093,21.109094247153195,3.2449621156871444,-8.65819686463145,1.0,
71387925,15,292.0300793614958,295.85993397977296,21.087400951670276,2.4328541815956513,-2.929598630691075,1.0,
71387925,16,291.04362637281565,296.86271119136256,21.08319166355436,2.760567868289911,1.2841985739353632,1.0,
61937933,20,67.77148749303186,1274.8724160567303,26.581536695601358,3.266422774037295,-8.487950107112312,1.0,
61937933,19,71.20015548846268,1213.4804960362806,26.712685890153807,0.8352551722656898,-4.489803693809023,1.0,
61937933,18,11088.614716841163,7.791775817476771,27.092026858139548,0.38878762901626374,-6.449817517860794,1.0,
61937933,17,1842.6796403704486,46.88823716673307,27.11497498823178,1.5223639674204037,-0.4350973035934089,1.0,
61937933,16,83.10311842141411,1039.6721764623499,27.178453154051,2.8691816180170235,-6.108232443131385,1.0,
61937933,15,679.1324422543634,127.22113482489121,27.310336844619542,0.9050991346317687,-5.012170145739873,1.0,
61937933,14,315.77297729719874,273.61429321636405,27.479645494711463,8.484938621381474,-2.9306224509807635,1.0,
61937933,13,2355876.6844041343,0.036674245546028196,27.71651503156977,15.557794183249712,2.0507755847490046,1.0,
61937933,12,1453.3087509726265,59.45054685879846,28.008892423948396,3.8870781115832074,1.4672115827729897,1.0,
61937933,11,83.1833489207382,1038.6694106572556,28.056006882062093,0.5935416244657858,-4.493438563397291,1.0,
61937933,10,64.43253434648936,1340.9374763280214,29.271452985617202,0.5991591903511875,-11.492807823827832,1.0,
61937933,9,86.12233963552943,1003.2240225433452,29.96255541477251,1.1534734336073598,-14.741953000496238,1.0,
61937933,8,684.5280013309888,126.21835751350534,30.413509958201303,0.8775884380459047,-4.222603114506626,1.0,
61937933,7,67.82483357854866,1273.8696940544535,30.990343528557673,5.222654992200859,-6.958665146337154,1.0,
61937933,6,64.38452735914257,1341.9373185432144,31.20702746712425,0.899236534894257,-9.928529982025992,1.0,
61937933,5,12726.442744320479,6.789014160186935,32.56245777070387,0.9942894639015663,-4.779567761658143,1.0,
61937933,4,89168.94264413074,0.9689472302572717,36.34705798300729,13.78543248935705,9.68939510468752,1.0,
71387925,20,280.13306009638643,308.4248605654471,20.850049879251614,9.23088378562683,-9.373865280807223,1.0,
71387925,19,114.41597188618199,755.1393269284856,20.858379221912145,3.485093646135482,-3.2749145772188513,1.0,
71387925,18,296.2705928498045,291.62529824146543,20.92083949170258,3.2364465581792956,-5.716012235977111,1.0,
71387925,17,279.2225646149399,309.43057957779797,21.06298676418298,1.8141262424840647,-6.396511496528291,1.0,
115724502,2,136.45996872446497,633.1527172958375,32.64412111301931,2.7602460413139625,-5.352464694834794,1.0,
87917325,13,100.51827127837002,859.5452239795129,31.367233133467607,8.692948091411381,-12.562757095740722,1.0,
87917325,12,152.33293363871863,567.1787310609478,31.435401770156204,0.16395238390464328,-18.872651069747917,1.0,
87917325,11,124.51650400456785,693.8839207759194,31.816703794715977,1.1973648968894395,-19.621940603803296,1.0,
76649246,6,60.95091960584679,1417.5339856843107,21.6702751623925,1.4188115371963903,-2.9174633094579576,1.0,
76649246,5,93.56749584684893,923.3975882118223,21.912556706023793,1.2921730576741481,-6.365436481396728,1.0,
76649246,4,85923.64131129804,1.0055439769710892,21.93976853557308,2.098714954872122,-0.5157768752884095,1.0,
76649246,3,91.9759531965598,939.375967274364,21.973511778660338,0.8779518490632228,-5.5673966473253245,1.0,
76649246,2,67.79670279035342,1274.398258970989,23.871568668412067,1.785914851659328,-5.276330197032081,1.0,
76649246,1,87.58363803041532,986.4856261165554,23.959329128628326,1.6310822656057695,-3.830387868285584,1.0,
75917415,20,61.73294499115176,1399.576838791407,30.816543069256568,0.7557359681236449,-11.807826465862945,1.0,
75917415,19,88.75549653336844,973.4608376340627,31.08244921194978,3.0877113519192676,-3.113685427154337,1.0,
75917415,18,88.93874538155308,971.4551248653027,31.118421109525343,4.129500666405761,-1.2528133251594795,1.0,
76649246,7,319.93252028116916,270.05694802162753,21.62189450544969,2.6463989752218993,-5.7925398291981764,1.0,
75917415,17,250.63444490050648,344.7251635117349,31.200071183475302,2.5148757578191976,-12.885520020589752,1.0,
75917415,15,640.7474130477632,134.8425264630128,31.466975305328106,2.7673289806343178,-12.908945765998226,1.0,
75917415,14,89.7447519465804,962.7303895321777,32.243549188595125,0.7773942344821307,-5.800457023619174,1.0,
75917415,13,61.6446087063456,1401.5824224236842,32.311269820793086,2.9665065144017717,-4.067343286029654,1.0,
75917415,12,172.1845443421949,501.78719774227227,32.51380503115206,2.7861931097988872,-13.493277264080689,1.0,
75917415,11,295.23993739765405,292.6433353209569,32.67212217089809,3.204621938456228,-0.5510266559103911,1.0,
75917415,10,61.64473369125944,1401.5795807104053,32.734372653518676,1.1635417717313317,-6.092033425330328,1.0,
75917415,9,663.5591177058384,130.20693664600037,32.78126235017976,4.206357986185594,-11.005859416359158,1.0,
75917415,8,294.23171800692535,293.64611193265847,32.981267148610414,1.9171313553915752,-3.1525998761013057,1.0,
75917415,7,668.7088860380203,129.20420500451914,33.21838356598596,2.761297157901936,-11.156121963289138,1.0,
75917415,16,88.7557544224164,973.4580091426565,31.342885932755735,3.209186869271093,-7.490228343213005,1.0,
76649246,8,86645.01316171257,0.9971722185412415,21.612525351614636,0.6621144433326123,-1.9557281482059068,1.0,
76649246,9,1104.0926523293929,78.25430213462157,21.52002913134561,2.7584561016912374,-0.5833753630135732,1.0,
76649246,10,98.66505659018307,875.6899654846657,20.828059729009624,0.5247888192324695,-6.661795321887212,1.0,
58227667,11,231.57720198021593,373.09372106232337,31.87012802538561,2.603237586693268,-9.190102809593185,1.0,
58227667,10,522.6619742340747,165.30760655892993,31.876499467182384,3.2720200244432363,-10.800698615565608,1.0,
58227667,9,972.2791755845369,88.86336575917723,32.00410495841356,7.198645461419119,-12.447564007686168,1.0,
58227667,8,95.86702021898066,901.2484147587359,32.219065341990245,7.870029787440046,-11.433999008082395,1.0,
58227667,7,67.93931564728852,1271.723142584352,32.96310838655154,1.9623517260483823,-11.322093345545085,1.0,
58227667,6,240.90501924923296,358.6475710189052,33.114608228740735,3.0754023323231365,-12.292543748114412,1.0,
58227667,5,132.0542281664197,654.2766649706624,33.17725823697367,6.592331287313073,-13.695435585228637,1.0,
58227667,4,75.16489418260441,1149.4727816698737,33.38287020010921,0.37843978757965147,-7.078745978441901,1.0,
58227667,3,216.19362471206554,399.6417568513902,33.651041751478374,0.5938764245463801,-3.645234389247946,1.0,
58227667,2,66.93267045079533,1290.849437473376,34.14076387168268,2.2880892718867187,-8.581073563805347,1.0,
58227667,1,215.11559124236646,401.64452748873435,38.389839363906276,6.1682890605897285,2.20153688355461,1.0,
76649246,20,1600.0655235745446,53.99778866991802,19.74581887175208,2.294933296397602,-4.829699684378369,1.0,
76649246,19,235.4677292871784,366.9292614387335,19.749619470561072,0.8560430452914005,-5.473414666790859,1.0,
76649246,18,63.15932830276031,1367.9689496669962,19.797391076305985,7.092896391614161,-14.324283662570679,1.0,
76649246,17,123.84198034586946,697.6632621563349,20.036565112500853,2.2098931986783015,-8.703062705739072,1.0,
76649246,16,8549.855287083023,10.105434197293569,20.169762334265442,0.46133673094382743,-2.4016956503371176,1.0,
76649246,15,1630.3411091739756,52.995044726422435,20.182797285051095,1.679080348949384,-4.6129262709277725,1.0,
76649246,14,130.64936733399472,661.3120427833782,20.435468608049973,2.5037370673735495,-6.9205930180823145,1.0,
76649246,13,93.46601002338558,924.4002175591145,20.468105553235205,1.0800633889048612,-3.2286303466023725,1.0,
76649246,12,87.67274911601406,985.4829564619916,20.54895221763536,1.9843286231386514,-5.118927660701246,1.0,
76649246,11,1090.125360395634,79.2569397419057,20.692004072405325,2.980725029578764,0.2917706488702265,1.0,
75917415,6,364.726838778481,236.88961385283616,33.66880168201419,4.782018810195211,-2.752140445508246,1.0,
58227667,12,3612.943209289983,23.914021061233168,31.845906279565725,1.1613107680252028,-13.274357036780344,1.0,
75917415,5,61.688744980172416,1400.5796361681553,35.123048422422244,1.7460638133908333,-9.406635891450321,1.0,
75917415,3,76.60966470731871,1127.7950416580532,36.46117972161005,2.7990860343526265,-11.046661125988749,1.0,
80284121,17,1106.5556876038015,78.08011920945025,28.72542718041757,4.33452207383263,0.38312530902280173,1.0,
80284121,16,75.2107473136998,1148.7719918488572,28.726051551282012,1.2721248111336934,-4.046999451336546,1.0,
80284121,15,104.7129688830367,825.1126954151009,28.893093953112043,7.054049057051884,-6.746672686311371,1.0,
80284121,14,81.04348728535959,1066.0943018873284,29.126466770913225,9.293763322932023,-13.282612446086063,1.0,
80284121,13,104.7261505075835,825.0088404972314,29.23943868410936,1.5531600175966958,-4.1767921921691595,1.0,
80284121,12,1838.0464107296718,47.006430031165934,29.341117677291436,0.6967978360568452,-1.1810372148281942,1.0,
80284121,11,83.14348454667066,1039.1674160769792,29.571293437804,2.0619019929802107,1.581346146759671,1.0,
80284121,10,183.4206859778644,471.0482873803391,29.83581564560484,2.341293336675733,0.585092109141442,1.0,
80284121,9,67.5114500747517,1279.7829094817848,29.9099645837357,4.302081872601349,2.8210926683287028,1.0,
80284121,18,83.3842075389368,1036.1674296617252,28.708629329159862,6.473934986760156,-3.9608070641415054,1.0,
80284121,8,233.27033799487222,370.3857110281173,29.93293752168745,0.872514753305353,-6.823365450247394,1.0,
80284121,6,198.26371982455234,435.7832087305592,31.044830785245836,0.6248155262661896,-8.02699636260408,1.0,
80284121,5,159.7768253666094,540.7542664698364,31.09557309388117,4.628124682572292,3.303310915825108,1.0,
80284121,4,401.3736917093604,215.26074524725774,31.566365294020898,2.5134767453886866,-14.333170489939704,1.0,
80284121,3,160.370763581037,538.751565875916,32.01574846902247,4.450079901221727,1.3818675715778852,1.0,
80284121,2,104.85359907726175,824.0060499624419,33.205724214270504,1.7431652908077524,-3.723404292529807,1.0,
80284121,1,159.77844370546333,540.74878936279,33.70780143197828,4.531781177978502,-0.6167836820195873,1.0,
70088927,20,259.0022931296221,333.5877800771426,29.55769869532446,2.550203869211032,-12.871794255120562,1.0,
70088927,19,73.30448711494881,1178.6454472359394,29.62882080154327,2.1092934705368407,-1.3467770553560285,1.0,
70088927,18,155.73014322928842,554.8058854141644,29.650312851883996,5.543398438972758,-2.885889185838039,1.0,
80284121,7,104.59936966113264,826.0088017729688,30.984471842025528,1.6318233146091927,-5.939188113573181,1.0,
80284121,19,82.98355611271151,1041.1701311359584,28.664643418697892,2.3309541732965897,1.6020618271958256,1.0,
80284121,20,216.00509585595003,399.9905634523485,28.580954044685086,11.909803767123236,-0.34979520302778155,1.0,
77433136,1,3745.70124206989,23.066441879986936,40.933957231685326,1.957742895071533,-16.79632429703065,1.0,
75917415,2,76.54161103993547,1128.7977719063285,36.71160509449078,1.0063391475072194,-11.02727062902494,1.0,
75917415,1,88.84702573690778,972.4579892617467,37.738595914064035,3.1095450223074863,-4.972790541663869,1.0,
77433136,20,223.82142772418598,386.02202156654226,34.00365210850646,7.750087669996333,-2.506981650087255,1.0,
77433136,19,102.71998522424892,841.1216163181819,34.03038135317024,1.7274065197490245,-1.9912952836275508,1.0,
77433136,18,161.6918900437735,534.3496199878031,34.052761004913464,2.3634381890205987,-14.80065983942626,1.0,
77433136,17,3915.9190793108323,22.0637858571903,34.18020870644523,5.91392420428167,-21.90402988349365,1.0,
77433136,16,159.14493078266537,542.9013640276816,34.226139862837044,0.4441882678829643,-8.050031540261102,1.0,
77433136,15,205.12692589154494,421.20262673697727,34.245345514299515,1.2399933287906606,-10.242328908502827,1.0,
77433136,14,99.71817159938206,866.4418792906889,34.50758264682986,3.4492788970947004,-4.929699991004384,1.0,
77433136,13,4101.841432688098,21.063710389062667,34.55187096593454,2.0168157944013387,-13.17909308202968,1.0,
77433136,12,91.58596754061604,943.3759594414265,34.96900398151047,0.7376297940287486,-14.774934762440466,1.0,
77433136,11,3915.461013014385,22.06636707984572,35.02279909809522,1.150499447487448,-7.385883800264253,1.0,
77433136,10,100.417348645647,860.4090942979241,35.421201237523064,6.381472089025635,3.728289810729393,1.0,
77433136,9,207.27618810574634,416.8351453661489,36.47515915750637,1.7054037722872977,-6.839317681548891,1.0,
77433136,8,104.36772271878331,827.8421503246078,36.61015606760202,4.89555439291496,-18.821310108895034,1.0,
77433136,7,206.10691392601694,419.1999111248334,36.71139963738574,1.1420490916133303,-16.427117819649254,1.0,
77433136,6,223.24309285844086,387.0220524797446,36.85476497809918,7.404177933579831,5.608791902497273,1.0,
77433136,5,102.47598803298042,843.1243421843701,37.18778558151712,4.049668441022163,-2.7784728170906874,1.0,
77433136,4,67.47334179566042,1280.5057182680828,37.6351065811707,3.312099193242318,-10.407709796194922,1.0,
77433136,3,213.4259177808826,404.82431046028836,37.75653236886478,2.6547035731642836,-10.76800819467519,1.0,
77433136,2,198.53203786199563,435.1942433596471,38.143588883513985,7.09641615091158,-25.480440389895307,1.0,
75917415,4,90.64798236302511,953.1375960910759,35.679769352484755,6.219694427635375,-10.53494136362309,1.0,
58227667,13,13825.281592953768,6.249420629814503,31.53436976974524,6.4438921991985865,-15.018203005741753,1.0,
58227667,14,125.82228092910682,686.6828304335154,31.29103241561245,15.457814757202812,0.004837154337991478,1.0,
58227667,15,125.04817850023409,690.9336948065842,31.20352912838962,2.6717414788502367,-8.159889370789614,1.0,
78999072,5,64.51007588742736,1339.325660549081,34.11157079137388,0.4568004275546258,-16.4245165699716,1.0,
78999072,4,87.51282416631844,987.2838732274996,34.13201556430465,0.5866023025825058,-11.628479806857612,1.0,
78999072,3,76.32934284054544,1131.9369037473898,34.72483285716919,5.728961390753895,-28.966867841171094,1.0,
78999072,2,128.5008940579056,672.3688627494379,34.967782667125675,3.369057709275296,-8.890560320802493,1.0,
78999072,1,128.6928182465528,671.3661350897826,35.92992197857774,3.6761034617121737,-4.514148598973605,1.0,
70422214,20,149.93866373231344,576.2356276180408,31.318949842087136,3.181619171330368,0.4872940909547765,1.0,
70422214,19,69.78419929842046,1238.1026202009548,31.376700580101215,2.6637171293072868,-18.102889135915603,1.0,
70422214,18,63.672323103602366,1356.947505424249,31.647920438318238,2.9725544894343443,-1.5405006921466509,1.0,
70422214,17,69.84076294953212,1237.0998876749643,31.689151962822848,1.3173737435064936,-11.847306224248854,1.0,
78999072,6,128.3100571787042,673.3688839345318,33.06643634273274,4.6080787000176855,-0.6482557435677307,1.0,
70422214,16,76.78658842933156,1125.196492868229,31.692063218813928,4.226354965382683,-9.048608533309846,1.0,
70422214,14,161.4027318368532,535.3069245899358,31.925810707307505,2.0591767120278917,-4.752739278566509,1.0,
70422214,13,68.52339411006336,1260.8832519478376,32.478410360974294,3.2127181756328866,1.1471249082489408,1.0,
70422214,12,109.74959410966994,787.2466472510387,32.48521847039706,5.23920577970128,-8.633342538596906,1.0,
70422214,11,693.4228934043972,124.59928972897697,32.66655312544606,3.0014786772019875,-8.457466357828167,1.0,
70422214,10,161.70563241618814,534.30420888265,32.85132557748,3.2067099951307796,-0.02910009080935083,1.0,
70422214,9,68.04566677820699,1269.7355186718717,33.26422238092141,3.2539862130514337,1.3709152581670594,1.0,
70422214,8,142.76908037857706,605.1730512719937,33.31193724859463,2.9044891084545554,-9.191183253845878,1.0,
70422214,7,86372.1478234854,1.0003224671056175,34.37552363123814,4.180773583224834,0.2135316918591741,1.0,
70422214,6,90.27657470056585,957.0589079899867,34.54194762815723,1.0651191199913228,-9.34508890698325,1.0,
70422214,15,90.18208729201076,958.0616571918067,31.810412417175826,2.911202890065198,-6.013054267588814,1.0,
78999072,7,1995.5123189808653,43.29715190338972,33.0167699163523,2.8910416139898842,-18.746836665125016,1.0,
78999072,8,63.98360217326212,1350.3459803034564,32.352531803838474,1.3065698254547158,-12.735655052578707,1.0,
78999072,9,64.4137559781908,1341.3283962086186,32.27690348133092,1.8214619026045256,-18.857903162336996,1.0,
87917325,10,90.56581069232477,954.0023916257195,31.84565505595606,4.359395022775971,-57.63990483064117,1.0,
87917325,9,1222.8788531709345,70.65295125184652,32.2643947748827,1.0794027813249158,-59.96855418233281,1.0,
87917325,8,144.94483982370116,596.0888301031604,32.2903865284718,1.6397483455717747,-25.236679266833676,1.0,
87917325,7,122.62327817273366,704.5970494957113,32.83112239445359,2.2330000383718698,-36.92485967124253,1.0,
87917325,6,61.94894375286193,1394.6969030607318,33.23453881396222,1.1579333264555771,-25.041090306479646,1.0,
87917325,5,180.06341939014592,479.83094119075855,33.26640322263597,3.886286107458318,-62.51108297683811,1.0,
87917325,4,77.40176471335562,1116.2536192807468,34.38844816975575,0.6079132519173527,-41.900240724934974,1.0,
87917325,3,151.152139297,571.6095081541121,34.505556783533166,2.447488986120675,-42.25460207313154,1.0,
87917325,2,11440.767036512787,7.551941205013404,34.50856804734667,0.7115248572598603,-15.606101948236528,1.0,
87917325,1,821.5632811836268,105.16536215630701,35.03502073900813,2.3711122927769566,-69.22339061342564,1.0,
78999072,20,87.69070498294488,985.2811653960827,30.569706667037337,0.9187839595756344,-12.186152695937963,1.0,
78999072,19,75.33660995321641,1146.85277255844,30.83399894190046,1.034286141045726,-9.124516017297495,1.0,
78999072,18,60.84732056724273,1419.947488148124,30.954509890110558,2.2432060787349286,-12.17457953940206,1.0,
78999072,17,85.43923324876229,1011.2450301191301,31.04231193964472,3.9599202800758917,-19.890303005899355,1.0,
78999072,16,184.72197002275297,467.72996189547865,31.286240527833513,0.6290691258168835,-17.29580880178618,1.0,
78999072,15,76.46463219179446,1129.9341607147849,31.74554452230558,10.059319088689094,-19.322165332578706,1.0,
78999072,14,176.23177207097845,490.2634694338877,31.752722847898156,2.960833454109391,-11.839530698474391,1.0,
78999072,13,85.60877842472189,1009.2422948888805,31.770896396970954,4.509480162746769,-19.9779392146241,1.0,
78999072,12,128.1192721841269,674.3716111330233,32.04444486050619,3.8552331492278142,-7.829853614342596,1.0,
78999072,11,124.07540693024204,696.3507284612494,32.0515595902034,0.443425023199822,-16.706068650413826,1.0,
78999072,10,75.27079982355131,1147.855479183662,32.07416253763785,1.3309281221814757,-11.392292098500107,1.0,
70422214,5,130.9756973629906,659.6643632333413,35.21029551504489,8.10598904525358,-13.008270168843154,1.0,
70422214,4,90.37100086766527,956.0589035250345,35.5397464662808,3.5006095492836664,-7.022418227195914,1.0,
70422214,3,97.8428208978323,883.0489473542375,36.11293194701602,1.555065332311898,-14.244689036476842,1.0,
70422214,2,90.46588428853094,955.056159341092,36.289829624664776,1.263843803394849,-8.979475068553398,1.0,
78947980,16,198.16135637864207,436.0083195782578,34.06970751323831,5.19997500186804,-18.259988856519215,1.0,
78947980,15,918.4282614054338,94.07376017347895,34.16651305171797,12.916332852660616,-9.861020985321346,1.0,
78947980,14,101.68417687117248,849.6897222216139,34.30597710568554,6.1836587551896685,-0.09065654820881264,1.0,
78947980,13,206.89036319088234,417.61249130915365,34.33782735382192,4.483200058502291,1.0902726282234312,1.0,
78947980,12,156.02554854079253,553.7554638201507,34.43931604664476,3.7080269299991073,-10.638370496082302,1.0,
78947980,11,80.7131940608017,1070.4569557105422,34.4457577502119,3.6099065213933272,-14.25921199667448,1.0,
78947980,10,67.9178203128807,1272.1256306809676,34.45063322639612,4.995720829749246,-2.062438986128228,1.0,
78947980,9,102.60661641760726,842.0509613956415,34.588926344783886,12.041266380892893,4.354039243884245,1.0,
78947980,8,156.59188311155057,551.7527363691748,34.7834741802933,2.64794778751164,-11.046403820780881,1.0,
78947980,7,109.10771077826898,791.8780385337194,34.93663311913042,0.41967206163985793,-11.251831911409084,1.0,
78947980,6,74.1117482887423,1165.8070683123299,34.941219389213984,2.638293695880236,-12.048477748140613,1.0,
78947980,5,79.8139757325,1082.517180820228,35.22776797991105,2.70802114723989,-10.121094939973261,1.0,
78947980,4,102.36315324249841,844.0537172132467,36.5781193391507,6.800226076637216,-4.05833312861165,1.0,
78947980,3,164.41350239151188,525.5042848868874,37.407052069321594,3.1861480312423964,-10.715280884316797,1.0,
78947980,2,88.6630654487732,974.4756687881412,37.794795440928624,1.4349445635677966,-6.381022702406597,1.0,
78947980,1,103.60725790912515,833.9184121230408,38.1317364516043,3.853324777728858,-8.77537833693907,1.0,
58227667,20,72.44377692218534,1192.6490261931758,30.543590730788083,3.4909550450677784,-2.7061934109806884,1.0,
58227667,19,65.58596456837266,1317.3550250973124,30.565700578894393,2.3992962968991094,-8.517755172259655,1.0,
58227667,18,75.94481200020473,1137.668232028372,30.74275328469298,2.6321473147042127,-2.2150021402346454,1.0,
58227667,17,244.30358056493887,353.6583450811677,30.81817949740048,2.6469309051677783,-1.983071479685492,1.0,
58227667,16,100.90718982108994,856.2323473004112,31.07132937135293,4.248620869685425,-6.648014473785025,1.0,
78947980,17,69.89064078871807,1236.2170245539787,33.99991007362314,1.197251393699105,-10.631322934450452,1.0,
70088927,16,260.5667893604265,331.5848509016551,29.948721754057942,5.33675693188502,-1.7204908918939736,1.0,
78947980,18,76.83418573141488,1124.4994552558132,33.349067260575794,7.979581325412141,-5.570232024470954,1.0,
78947980,20,108.32068370748993,797.6315976117291,32.758212633911626,5.1311395251196075,-17.870253040095065,1.0,
70422214,1,86186.21196119656,1.0024805364331326,39.04785895051805,1.5008714154137408,-5.7782349711873735,1.0,
117242886,20,787.9775882484109,109.64778857741102,40.105856925836406,3.484236042993871,-5.629563019067177,1.0,
117242886,19,676.6499250694123,127.68788822541714,40.13356352681376,2.669262028271305,-6.626421643397407,1.0,
117242886,18,1642.626962408759,52.598673939518484,40.58972325617856,2.235984494844047,-4.5107769779522755,1.0,
117242886,17,627.1462217827884,137.76691463498057,40.60011053043604,0.5668193796652758,-8.228643074187062,1.0,
117242886,16,666.2008850549204,129.69061125290662,40.693404395329935,0.12223267706559682,-7.804683773268039,1.0,
117242886,15,650.2522790455164,132.87150662020542,40.73080257636525,5.029916251116447,0.08421731006126265,1.0,
117242886,14,627.381039095633,137.7153509843798,40.75479023588673,2.773063517281912,-10.51000475463536,1.0,
117242886,13,650.2630637284556,132.8693029319591,40.96424901267551,8.246834168597047,-10.413153719891852,1.0,
117242886,12,640.9760461298232,134.7944287804174,40.98202994843268,1.990407417616609,-2.3886871437036348,1.0,
117242886,11,666.0871228988595,129.71276133365396,41.07428758649144,1.8604430741829106,-6.283736750135745,1.0,
117242886,10,645.3818933125697,133.8742237662298,41.35105496825031,7.399917822704822,-0.46758011082408757,1.0,
117242886,9,671.262012452776,128.71278040045254,41.37629565780753,0.708572575130006,-7.422300879553859,1.0,
117242886,8,644.0961601916168,134.14146107360156,42.094020618793365,6.762066898900571,-9.43372892277381,1.0,
117242886,7,645.7232211331724,133.80345815716154,42.338360204479386,4.8680424717261985,-9.088794459575297,1.0,
117242886,6,653.8585555118094,132.1386701629532,43.11636663104582,3.627662449458512,-10.895441729103823,1.0,
117242886,5,909.4124384338959,95.00639792082667,43.216271381050774,2.4392050016117537,-14.678452626317494,1.0,
117242886,4,638.2084947164042,135.37895643083363,44.18760714647692,4.24606443868862,-16.86821305945398,1.0,
117242886,3,636.6394872706535,135.71259987407743,44.59424009374084,2.4362294980995784,-13.377793188464864,1.0,
117242886,2,636.3978766642861,135.76412362164103,45.562131646043554,3.1575311541345172,-15.373528470872884,1.0,
117242886,1,648.9472151605087,133.13871757447959,48.17592111748104,8.844608721275563,-16.418321018802487,1.0,
78947980,19,91.7782653497191,941.3993571438145,33.19115273026682,1.7181451273294215,-10.803130171731993,1.0,
70261664,3,85.6584560850051,1008.6569843642642,35.00443143496739,0.37203428761773694,-9.588525655681252,1.0,
67669279,20,301.3144465871061,286.74363602086,31.617335688385538,5.813180312879922,-10.165190157636175,1.0,
70261664,1,82.81678511909949,1043.2667710506687,36.090732231992774,3.927082280855558,-17.187124646402452,1.0,
89672558,9,157.25613867584343,549.4221130413152,33.84031496202715,8.039287370866987,-21.43068856407649,1.0,
89672558,8,17647.474283621275,4.8958847374657095,33.911204525345056,6.366351830027611,-3.626154593536512,1.0,
89672558,7,472.4621749172201,182.87178230752144,36.08454099208484,4.137504723470329,-11.060182683064113,1.0,
89672558,6,156.68501220000377,551.4247903284646,36.184877875503844,8.63683294911641,-19.30626270676362,1.0,
89672558,5,79.3865837608595,1088.3451070305205,36.345527456550826,4.964279988436033,-9.767060749846792,1.0,
89672558,4,68.09058817892173,1268.8978361145391,36.681847244860364,1.2430914384967764,-4.097125344350161,1.0,
89672558,3,114.30301367946508,755.885581829782,38.72852691318667,1.1962731779176465,-4.947802015607294,1.0,
89672558,2,72.38172671135028,1193.671440646241,42.54819134254967,3.2609964522306427,-8.734542910048845,1.0,
89672558,1,72.50337679635497,1191.6686341751695,44.111329939993084,2.200447985794881,-10.627624341564342,1.0,
89672558,10,66.51256778928857,1299.0026226880113,33.82689897018372,2.451562484237229,-4.627584895715927,1.0,
89907764,20,239.09851480736984,361.3573261615963,30.81102698453151,2.544667319972177,-8.701838535117986,1.0,
89907764,18,137.48197400744917,628.4460244607675,30.90633115516266,2.762032091119295,-13.780287190864783,1.0,
89907764,17,84.32813793911477,1024.5690479064192,30.934406118267816,0.8819800370077928,-8.773479245743886,1.0,
89907764,16,81.42865260182839,1061.0515738542379,30.944294969015345,0.5669234696962349,-16.17817544096738,1.0,
89907764,15,637.1468212840512,135.60453746889428,31.234499228539335,0.4960625830188974,-15.131015210644591,1.0,
89907764,14,455.66117786885314,189.6145737148302,31.303470857422326,4.9858652038489595,-11.317866890139726,1.0,
89907764,13,77.51567400637958,1114.613284442179,31.469344372950673,1.5845086578780183,-8.851362017665451,1.0,
89907764,12,62.80513227256725,1375.6837518474392,31.49802668519078,4.343432459258679,-15.39945154655311,1.0,
89907764,11,308.31802696066404,280.23012748139803,31.653227327583863,4.4490634649811795,-3.049659744369251,1.0,
89907764,10,84.2456906726961,1025.571745095825,32.14211901990802,5.80923772231381,-20.39512001769731,1.0,
89907764,19,251.58320522580257,343.42515003119433,30.826038805472763,3.044050553670445,-10.698745344650888,1.0,
89672558,11,682.3785574612798,126.61593635275182,33.30074290214361,2.266601645717401,-2.6509609706204174,1.0,
89672558,12,687.8131473526796,125.61551103311197,33.13536519015224,0.6999288348663413,-6.583583402654995,1.0,
89672558,13,478.7678436697397,180.4632477773504,32.89747726688256,1.9538033486023778,-4.235961849880027,1.0,
73345302,14,61.72430723088648,1399.7726969508367,31.328150181765864,1.255336591447275,-10.656762239943959,1.0,
73345302,13,90.34001926335638,956.3867785784885,31.371242324691707,2.1728648433043247,-7.406454773710237,1.0,
73345302,12,70.04365490249828,1233.5164422854573,31.5640380255212,3.0111196090976335,1.4685778134371503,1.0,
73345302,11,63.10843952433366,1369.0720393535553,31.890967191234836,0.697645983690478,-7.0811387441623594,1.0,
73345302,10,229.18146583707124,376.99383623553194,32.02815940217022,1.0566227056851858,-10.227515481133707,1.0,
73345302,9,245.1359986973556,352.4574132690697,32.118675397444235,0.856651570506898,-12.622980799105193,1.0,
73345302,8,384.0924249040382,224.9458578142649,32.45049419552822,0.4169458970077926,-11.790237124464113,1.0,
73345302,7,150.2463846614296,575.0554344099311,32.58546439122472,0.7375679459630078,-10.447310123590881,1.0,
73345302,6,244.44055304312914,353.46017231746146,32.83401435690814,1.201381817955422,-11.91507707671849,1.0,
73345302,5,121.60190158526692,710.5152047266017,32.88068284861458,5.397535716112458,-20.020835078000417,1.0,
73345302,4,85.63105007115986,1008.9798026323529,33.042455850091415,1.926781810979179,-2.2598219912069624,1.0,
73345302,3,142.17275424898463,607.7113751956243,33.72067936113979,0.40662728234174494,-9.322452881223626,1.0,
73345302,2,121.77376319630044,709.5124412039595,33.824958588801906,6.854202644047618,-21.005474851089716,1.0,
73345302,1,85.71623610543752,1007.9770639219552,39.130764546213754,1.4868715143594642,-4.398244050314261,1.0,
89672558,20,68.14443892792906,1267.895096933418,32.157655934808645,0.4378960947954056,-10.039702415471993,1.0,
89672558,19,63.44669714505513,1361.7730140068259,32.2013502768923,3.8398304776619625,-11.727698699536177,1.0,
89672558,18,469.8859437685588,183.87440855765652,32.291910764092336,3.2455401560035853,-3.0084753300376406,1.0,
89672558,17,469.6904557506452,183.95093820230628,32.402724677893275,5.042813768048745,-14.084871060833393,1.0,
89672558,16,73.31790696403237,1178.4297121627505,32.67410416078383,0.7379657942144604,-8.622353016072225,1.0,
89672558,15,114.0009726189932,757.8882707322207,32.78946317921509,0.7355486474252757,-5.730767133932659,1.0,
89672558,14,79.24076064610674,1090.347938302445,32.8325515235947,8.908344744151464,-4.636886028176832,1.0,
89907764,9,602.4760250922618,143.40819617970507,32.406510173523884,8.44108637930401,-23.659811652712847,1.0,
73345302,15,893.9638134131053,96.64820734759888,31.18850548057378,2.6656954280182106,-0.6735150586621046,1.0,
89907764,8,471.95593161402104,183.06793963691587,32.87780930364693,1.4615471750779534,-7.427549735727496,1.0,
89907764,6,458.7380924419213,188.34276338396447,33.53780192260638,0.9948188031792711,-9.922038435147556,1.0,
79307573,20,130.0444833709838,664.3880444626228,29.375616665209236,3.727061368938678,-12.771535456071106,1.0,
79307573,19,63.462640097933935,1361.430912213386,29.556687093856965,2.6525456649690824,1.759153454539117,1.0,
79307573,18,126.62178201801002,682.3470545353003,29.772676880822644,7.751322189552582,-0.7890436102046721,1.0,
79307573,17,366.2680088825647,235.89283777088528,30.4075832484354,5.807145146842757,-2.4604181117854296,1.0,
79307573,16,132.73394257855918,650.9261935684897,30.506078026425996,1.9840037153177121,-5.966866935849055,1.0,
79307573,15,326.1611019107878,264.8997673046625,30.67830203934517,2.6871347783104795,-6.079335293808768,1.0,
79307573,14,156.43148192727895,552.3184907253208,30.76401144630387,0.7803027882170994,-5.3371118021194235,1.0,
79307573,13,97.72944072315588,884.0734108440314,30.91446807733297,5.8413756753994335,-8.625289920689426,1.0,
79307573,12,134.24992936986283,643.5757575854304,31.237788896367192,4.040990562588391,-1.3470010454606154,1.0,
76083810,1,140.54758178950038,614.7384316394871,36.80980658239872,4.1379861065633605,-15.879679472272827,1.0,
79307573,11,82.70831723841523,1044.634963989693,31.31466505296379,3.8319118701061115,-4.740295135118174,1.0,
79307573,9,82.55005809708021,1046.6376643659316,32.204382855173094,2.1542804540050895,-5.643130966923735,1.0,
79307573,8,158.72892269827747,544.3242386533101,32.26208961170232,5.241071262173875,4.514598300364256,1.0,
79307573,7,116.80421495751996,739.6993338932372,32.575898134154215,0.7391547737058204,-4.356481175614377,1.0,
79307573,6,322.35836875875384,268.0246842440747,33.49021789604109,3.4037169584655373,-3.6285222399375527,1.0,
79307573,5,92.78591573762345,931.1758073748896,33.661640382683174,1.9042014050361615,-7.505997579798233,1.0,
79307573,4,345.5734854857541,250.01918153110665,34.18772634270766,5.085491763995492,-4.120138908475283,1.0,
79307573,3,323.71373100503615,266.90248736670316,34.28320383732222,3.9623127722914546,-4.595990039914156,1.0,
79307573,2,321.17949709954036,269.0084540895299,34.592089406982666,2.6623591041875443,1.5326294804827825,1.0,
79307573,1,274.2646984665148,315.0241372042587,34.9966094877671,5.416283515108148,-14.666000389282289,1.0,
79307573,10,134.6690006078615,641.5730391553545,31.439042696508466,2.179334338767859,-0.6453382395757785,1.0,
76083810,2,93.61700347527629,922.9092664007104,35.02071756136684,6.506167448399253,4.405638473120618,1.0,
76083810,3,93.82059366714843,920.906558175545,34.896124869500056,2.192613799068255,-4.7780755445670025,1.0,
76083810,4,468.36971731443373,184.4696546467724,34.5644227383882,4.273516619814416,-6.364732748428224,1.0,
89907764,5,280.325075502286,308.2135975356062,34.016773759166426,4.5429301959109125,-6.8749802606523644,1.0,
89907764,4,278.51529366868374,310.21635782335073,34.86212054358498,4.365704921961935,-10.232527289520988,1.0,
89907764,3,166.2417267235878,519.7251117564387,34.95685786529452,1.8528052540513045,-19.204585307014327,1.0,
89907764,2,166.88480799714293,517.7223801071166,35.290183999638884,2.0534681824236714,-15.608481625924924,1.0,
89907764,1,234.17641236344315,368.9526162263802,36.43680671146694,1.2743892907097916,-18.432811092903876,1.0,
76083810,20,309.46407687809767,279.1923407447198,30.030028510816805,0.8316336241292959,-6.03979168632938,1.0,
76083810,19,6378.883937178,13.544689141690688,30.13619125159329,2.232082381451548,-13.337436428723862,1.0,
76083810,18,102.1004099752131,846.2257891126521,30.158925182774283,1.3822036237691435,-13.03448212487993,1.0,
76083810,17,140.7772084045562,613.7357103410476,30.25029670290718,2.149180422475837,-8.414135905661666,1.0,
76083810,16,140.3187042403448,615.7411477518336,30.336294816018494,5.1161602266880095,-15.386284150068377,1.0,
76083810,15,133.6542982704311,646.4438564121707,30.611197778416795,2.985902542246862,-6.707304836028442,1.0,
76083810,14,106.57065255168573,810.7297640698675,30.702605242972027,2.597085546440127,-7.381878980072003,1.0,
76083810,13,133.44784989252116,647.4439271189946,30.76458629286617,5.222635397060827,-5.70873612643409,1.0,
76083810,12,73.74494073226514,1171.60579616817,31.168152228075087,1.6756136547288492,-1.669747541647709,1.0,
76083810,11,93.71881875395917,921.9066261049094,31.51259950863107,4.749417177013996,-2.4732822054637467,1.0,
76083810,10,226.7459912413786,381.04312022003666,31.771692692215368,4.774105644392904,-8.396821809617052,1.0,
76083810,9,6888.831035367217,12.542040813081773,31.94959856159892,1.4867718908998597,-7.71270302027834,1.0,
76083810,8,141.00697924709033,612.735628132271,31.974249630583472,5.169663701099665,-16.370982423983477,1.0,
76083810,7,310.5765022701117,278.1923273926789,33.456535166316144,1.5333008117802365,-9.597432295796366,1.0,
76083810,6,161.86596889904908,533.7749533620935,33.57451962930122,6.4737123798166465,-8.3846513380455,1.0,
76083810,5,93.92285657263733,919.9038780638091,34.02151398980493,2.3236729689485287,-4.966590134983974,1.0,
89907764,7,167.53288771007308,515.7196367886943,33.33753908911217,2.0584804547142994,-12.497195036923301,1.0,
80701937,20,244.9287310946453,352.7556755545079,29.790266355301583,1.6471116442302502,-13.434759383741635,1.0,
73345302,16,139.4037411864043,619.7825055818975,31.091018272063025,4.3834990887995104,-2.6767283749863964,1.0,
73345302,18,1434.1325633852186,60.245476747320964,30.596680780736392,3.588680644859025,-15.433522283148307,1.0,
86317305,7,74.2928826291556,1162.9647005525273,35.65438228589164,2.558767538936337,-4.539930843587058,1.0,
86317305,6,96.46560589946152,895.6560132950173,35.8037171145686,1.7763946952264575,-19.14161495505212,1.0,
86317305,5,74.74707046790184,1155.8981436884835,35.80858971636201,7.930827012241849,-20.980036869702786,1.0,
86317305,4,65.66314235170695,1315.8066596511883,36.98492437039397,2.0941984965897404,-16.900130193829142,1.0,
86317305,3,2817.868112287802,30.661477598343883,37.04212573436644,11.759448961810193,-18.699167744384653,1.0,
86317305,2,2728.6345563236564,31.66418888882227,37.702501314367055,10.748074693755171,-7.405306095046825,1.0,
86317305,1,3014.7876368477077,28.658735011379015,38.42331697397901,9.610530667922632,-19.032830986577437,1.0,
94692034,20,272.43494540667524,317.13993177720664,31.936429820734418,1.1915164064605648,-6.443900033548488,1.0,
94692034,19,1024.2554189949944,84.35395937155616,31.985758142759096,2.5067868335309385,0.9193319380587042,1.0,
86317305,8,74.68228410369223,1156.9008773223698,35.61697020508814,4.484499804315874,-24.90284746424075,1.0,
94692034,18,271.5796936692287,318.1386606365023,32.245894012546046,5.70237486127094,-14.498441848536018,1.0,
94692034,16,217.69250828641574,396.8900936467893,32.52546715397227,4.527523415550647,-10.949021346807498,1.0,
94692034,15,72.7827814370197,1187.0939567590385,32.64916400582149,1.2307923933987865,-2.4195276382571933,1.0,
94692034,14,274.1721226993535,315.1305068850595,33.24644500622753,3.058330628088541,-10.775009608605558,1.0,
94692034,13,60.56461502678526,1426.575566637199,33.28447193855499,4.571558701332478,-6.479585333260644,1.0,
94692034,12,72.9059463060348,1185.0885199037355,33.48812734534681,2.983943488319966,-0.5111506557468601,1.0,
94692034,11,274.16974666054244,315.1332379023363,33.78795292932591,2.5671720545855266,-13.106127320288735,1.0,
94692034,10,72.84431173689991,1186.0912395199875,34.0020561190795,1.9978800882701506,-1.3296847497662867,1.0,
94692034,9,273.30013688479994,316.135955820684,34.08811751482341,3.3782838081840936,-14.947580023472625,1.0,
94692034,8,274.1686644125585,315.13448185307055,34.81681224659445,3.388094010624357,-5.675947245271246,1.0,
94692034,17,65.44639979505396,1320.1642912453922,32.426022163278674,9.431288197123848,-8.427711224253557,1.0,
86317305,9,303.7054804688721,284.4861405418578,34.921599255441606,3.648259545969637,-6.5092255915549515,1.0,
86317305,10,73.58007082404762,1174.2309980457717,34.82022142230744,4.267804873732814,-8.942720562314861,1.0,
86317305,11,74.22888251052768,1163.967408343324,34.28192022816131,1.4364567614079817,-7.647735578037583,1.0,
65017758,12,71.07022334460837,1215.6990077413989,33.079266337338595,1.716668690776089,-7.824064295608366,1.0,
65017758,11,67.48986732171652,1280.1921744510332,33.13790131700284,4.308883065155555,-16.658350195111097,1.0,
65017758,10,185.79362938797598,465.0320911680923,33.16093299050772,4.914811484253619,-9.972361414319266,1.0,
65017758,9,310.56146330347724,278.2057988810121,33.21356058384458,4.72436315897653,-6.795882996403293,1.0,
65017758,8,86432.55931105585,0.9996232980798511,33.257656728981374,2.9430740695511304,-3.2046542149257107,1.0,
65017758,7,343.6021383554975,251.4536155494145,33.72137440184747,0.994536867943566,-4.054154860687106,1.0,
65017758,6,146.04983918285228,591.578878028263,34.04757528377854,1.4691425385503862,-8.80831582675512,1.0,
65017758,5,67.59576276343653,1278.1866269099185,34.06764155530027,6.546838570085015,-13.896002503811928,1.0,
65017758,4,86.75363367870241,995.9237018242703,34.96231897255893,7.514635359725673,-15.566025435249173,1.0,
65017758,3,86136.68040962618,1.0030569971947096,35.05838693524538,3.847578253441725,-11.40246964515228,1.0,
65017758,2,66.10932184082935,1306.9261277255919,35.3893960063283,7.15906164186606,-15.248161215713026,1.0,
65017758,1,67.54277559114709,1279.1893617609128,36.74939460521318,6.182699071371985,-19.571095626821204,1.0,
86317305,20,61.800755827412985,1398.0411540804412,32.09113240140732,2.58620830013038,-7.012999474223022,1.0,
86317305,19,61.845113322174754,1397.038429696288,32.09974310299117,1.6906720700999927,-6.142150653078858,1.0,
86317305,18,630.9177071545138,136.94337473847497,32.55281057999764,3.734776730488761,-16.905376147109592,1.0,
86317305,17,73.57794456545297,1174.2649310234656,32.738211675081175,2.1993166250441334,-6.50874813788792,1.0,
86317305,16,65.71322061597441,1314.8039190609504,32.91831324257441,0.8297185394586961,-11.931396950044501,1.0,
86317305,15,73.39222441640429,1177.2364264338644,32.96628905483885,11.527215811929892,-0.41756708325385716,1.0,
86317305,14,96.5737266061877,894.6532668489169,32.99120697067747,3.1270601804057776,-21.155124059526344,1.0,
86317305,13,73.6408259755325,1173.2622340317964,33.16276589252493,1.3882936477471333,-6.274943755587458,1.0,
86317305,12,73.51729499424569,1175.2336644970774,34.14439807846611,7.077166219466562,-2.900108679212906,1.0,
94692034,7,60.47959423604214,1428.5810130073737,34.831049005923376,3.764653126266282,-5.34149863921553,1.0,
73345302,17,75.3752832280684,1146.2643495291861,30.8654728398036,0.8562538123981653,-13.952144683835542,1.0,
94692034,6,273.29905421984597,316.1372081825739,34.92135817037462,1.9608068578095867,-5.982884688314343,1.0,
94692034,4,165.46107329104697,522.1772002410615,35.25838858188524,6.136666759295736,-1.1019420473348447,1.0,
76114064,18,162.9477625922787,530.2312755050622,30.295229875123255,8.415132873073162,-10.947677592885867,1.0,
76114064,17,570.0455753027177,151.56682858930716,30.3227845899396,0.7849106686877008,-2.276739392019522,1.0,
76114064,16,89.1988545306106,968.6223041165836,30.401416312162382,2.1043668190461062,-10.744595715197477,1.0,
76114064,15,392.552239297054,220.0980948541195,30.44645797486396,3.6876945606534832,2.8324429389769534,1.0,
76114064,14,99.07472440550505,872.0690420128911,30.508428200313006,3.3812786519701206,-1.287451059872808,1.0,
76114064,13,160.37728702523742,538.7296518265947,30.557422877882345,11.543943657899888,-16.80223711505488,1.0,
76114064,12,381.29966377709735,226.59343347994212,31.007474989121192,2.8440595567497553,-4.776421913255035,1.0,
76114064,11,71.376635453926,1210.4801445253281,31.307453908927755,5.479193497961006,-7.606114754140606,1.0,
76114064,10,76.37757288794499,1131.2221210113485,31.33141386845557,5.462647945528374,-14.205308962123695,1.0,
76114064,19,61.46867842236413,1405.5939092480166,30.251258364031287,7.439166025389341,-7.918821337947577,1.0,
76114064,9,182.3607322643278,473.78620894527415,31.69968946902759,1.8531145681084809,-1.243501568955736,1.0,
76114064,7,76.31011182321681,1132.2221647395543,32.54451642798381,9.001776384012317,-8.800695485143308,1.0,
76114064,6,85.94708167903333,1005.2697347265156,32.58746527135213,1.1679639937552224,-3.728905390861911,1.0,
76114064,5,195.5709015451522,441.7835133824983,32.687540074940216,8.11528159382587,-16.21116223802474,1.0,
76114064,4,581.9177792415578,148.47458366473936,32.712660790589666,8.018257043461858,-2.717470577097515,1.0,
76114064,3,96.79208945530853,892.634930046563,33.88052866376529,4.538752796907147,-3.9477842220437083,1.0,
76114064,2,93.46851614924249,924.375432065744,35.36215317196604,5.159289192947313,-17.19929348767249,1.0,
76114064,1,182.74750875189935,472.7834627682826,37.153067847672446,4.559605719969227,2.505137531221237,1.0,
73345302,20,80.26225519312199,1076.4711232211175,30.452346479681637,7.251855125252405,-21.39011987219908,1.0,
73345302,19,184.41718518752904,468.5029755342057,30.477529522194004,2.466919636725464,-3.490143766308023,1.0,
76114064,8,382.9946370804682,225.59062617330366,32.33199423897395,1.5402038737695989,-4.071743561028114,1.0,
76114064,20,70.97389160465416,1217.3490567668728,30.218971238674612,5.649154025051644,-12.383197918505289,1.0,
75256973,1,69.66027023011864,1240.3052660373357,36.18762879846736,1.8956365113355673,-8.027034234576519,1.0,
75256973,2,62.343567632570235,1385.8687155860155,34.462190698784866,3.595785735959325,-13.27768394431223,1.0,
94692034,3,272.4383691368232,317.1359462829864,35.27603477118032,5.212996292711523,-15.30329763665732,1.0,
94692034,2,273.302495984974,316.13322698944626,35.79389235782139,4.265779984923157,-13.885054192953675,1.0,
94692034,1,60.52207484270829,1427.5782881625626,35.82049424025615,4.535949760053626,-6.029166956541019,1.0,
75256973,20,1081.6049709651877,79.88128967537895,28.259526797571652,3.7152560160910184,-11.668248764005881,1.0,
75256973,19,68.43718149644553,1262.4716288833054,28.36063120365634,2.192768715212651,-6.9154590563529155,1.0,
75256973,18,78.49046511419871,1100.770646145279,28.435619204644127,1.4841083850411678,-4.452936727577594,1.0,
75256973,17,703.2969351004114,122.84995950915734,28.488460123447453,1.2987905985534667,-9.069035998321567,1.0,
75256973,16,78.39313481245426,1102.1373262684438,28.698105496163635,9.100958973435468,-1.4375861745357383,1.0,
75256973,15,109.52611983376524,788.8529250477857,28.966931844607643,1.1447444222195031,-3.4881114820607593,1.0,
75256973,14,69.77293333625762,1238.3025317799286,29.022367410133825,2.4063577430553096,-4.828641146280631,1.0,
75256973,13,890.6418505712337,97.00869091721366,29.101522103158004,1.6582430643647967,-8.448247478256803,1.0,
75256973,12,76.23888160866952,1133.2800032860794,29.21208858300497,1.530251226863868,-9.721353646302475,1.0,
75256973,11,1402.2726314493252,61.614266771149126,30.16721576066675,1.0861803631399027,-3.9071083324064944,1.0,
75256973,10,79.34979482438831,1088.8496963503778,30.222228124380308,3.9935421377920477,-18.587458156092538,1.0,
75256973,9,79.57614289389267,1085.7525491679876,30.676401864019226,8.328959021948734,-7.037393165544728,1.0,
75256973,8,101.8940882137127,847.9392820001942,30.87796732908396,1.8161758513309678,-20.049158908505518,1.0,
75256973,7,77.53090645481123,1114.39429707117,30.917080293383947,6.314751605750956,-12.504129579347875,1.0,
75256973,6,69.71647879505154,1239.3052760738778,31.188006735449903,1.6272425925025686,-4.34860343216036,1.0,
75256973,5,71.93304911587069,1201.1168866319813,31.300016909542137,0.9405442696909176,-4.89940993116511,1.0,
75256973,4,98.97109004127333,872.9822008019627,32.91544806070988,10.837052636571201,-23.20954618675114,1.0,
75256973,3,69.6039975553703,1241.3080144034602,33.37411639097809,1.1879470050935765,-5.167887251167258,1.0,
94692034,5,165.77941541424022,521.1744762406634,35.138355353446514,7.466184611437981,-0.12178460003735836,1.0,
65017758,13,301.3975412479646,286.6645814104944,32.634325984984116,2.4464174424963403,-3.18083385676573,1.0,
80701937,19,64.47755854404224,1340.0011097036709,29.8045419890841,4.729285054265006,-7.401676260610174,1.0,
80701937,17,157.48095204768197,548.6377804843336,29.907436932628798,3.809958525009421,-11.086565430429374,1.0,
69060410,7,72.97839937676696,1183.9119621402094,33.67206720087779,0.8934128672849511,-10.728323832453952,1.0,
69060410,6,97.22195654228324,888.6881428108618,33.98292603680602,0.6349422394424664,-8.218423274398447,1.0,
69060410,5,86.24152238416666,1001.8376022529774,34.16249133032852,6.494606793893581,-6.946402367377345,1.0,
69060410,4,167.6410990838864,515.3867427030293,35.61753674351348,3.407297195289061,-9.300833984317023,1.0,
69060410,3,86458.28488284435,0.9993258612182357,36.21368847261374,4.516679788976148,-9.607765518665701,1.0,
69060410,2,79.99528211112114,1080.0636952562038,37.20369464910982,3.933571987612595,-10.709399304538238,1.0,
69060410,1,83.06961935433513,1040.09143982542,38.219631810306964,3.9460927612460637,-0.9435450799204546,1.0,
75217866,20,309.646672270889,279.0277039516009,31.34113601875788,4.699168464334605,-10.633857644811599,1.0,
75217866,19,62.64264947197667,1379.2520068719514,31.34338950697702,3.9175268903825327,-1.3055217846840037,1.0,
69060410,8,143.50939049200193,602.0511947252347,33.46406901881801,3.3777631702801045,-18.287454891808466,1.0,
75217866,18,199.80716374635276,432.41692830233734,31.816172727507137,10.139759647483231,-26.441066917729643,1.0,
75217866,16,126.58060538080905,682.5690218503186,32.229816483010836,7.361596295585116,-14.367608017663827,1.0,
75217866,15,119.64250193391646,722.151397734246,32.31493258779028,1.4732798323243514,-9.590926509243047,1.0,
75217866,14,96.59791583714738,894.429235364251,32.44056238409803,4.447922663730367,-17.941481763258196,1.0,
75217866,13,273.14701864646355,316.31317240122706,32.44466795827748,3.5603633089151003,-12.041761378398462,1.0,
75217866,12,307.77265744476585,280.72669195932616,32.7785245019636,2.1990901397833795,-14.16208573136646,1.0,
75217866,11,311.100294502257,277.7239415290016,33.17206842026417,5.628396506308661,-2.6873120808415933,1.0,
75217866,10,87.48797368884178,987.5643057786292,33.23291498744743,6.492155085176989,-13.339763168723039,1.0,
75217866,9,199.34617906293107,433.41688517001677,33.27476531653383,8.01903228907048,-24.861883860250202,1.0,
75217866,8,126.65884072579865,682.1474087785608,33.46562657639174,0.9331476823884373,-10.54919279656957,1.0,
75217866,17,796.7338091302221,108.44274337287268,32.06538442961687,3.8440382981444827,0.3235360810429597,1.0,
69060410,9,110.60040926596056,781.1905993244031,33.352371102203506,0.49007419792758355,-10.075004722554922,1.0,
69060410,10,67.5214885161075,1279.5926437461308,33.01643224790678,0.6022403160693557,-8.553174736847382,1.0,
69060410,11,249.41854954024282,346.40567094653744,32.96755877005762,11.41011411650129,-0.2659545681151485,1.0,
56679906,18,93.42304694070278,924.8253276821465,33.65143392441246,0.809536194153111,-11.194109397713703,1.0,
56679906,17,68.51822059763501,1260.9784557508226,33.686306857506,3.0674182142165023,-2.8666676022560864,1.0,
56679906,16,831.5049116963413,103.90798512992136,34.14795889587526,4.3189149189137765,-10.14217833724274,1.0,
56679906,15,364.52034884871307,237.02380476942483,34.24384710924255,6.207667942541548,-10.872041270078228,1.0,
56679906,14,432.6319642907194,199.70785131803405,34.252653493776506,9.47161925238936,0.9180769577768615,1.0,
56679906,13,91.94540679910871,939.6880497660437,34.5641009094461,7.394695715514274,-5.647573473280772,1.0,
56679906,12,163.9134022538582,527.107599573764,35.88679655877786,5.03902914933974,-17.571535065249407,1.0,
56679906,11,72.56047104123039,1190.7309690824045,36.42813373722106,2.0028987011048116,-13.835614293461049,1.0,
56679906,10,112.46190114333926,768.2601763052019,36.470380500411466,2.1057799993161552,-10.158709500569103,1.0,
56679906,9,236.60276138499472,365.16902632176743,41.16927643480244,5.813304050024158,-22.38804138100204,1.0,
56679906,8,470509.4802329328,0.18363073143016456,45.99867136535386,10.483094715952177,5.90715260604054,1.0,
56679906,6,39568.118516131086,2.1835761527244855,72.33761192436691,22.033533420684762,20.72168832132195,1.0,
69060410,20,61.54813694786729,1403.7792902355893,32.11526507816143,2.2509957755082723,-11.133534870486756,1.0,
69060410,19,65.38363909868099,1321.431495570319,32.11979599210554,1.4363390766161501,-9.705245214887782,1.0,
69060410,18,82.42348296782689,1048.244952639593,32.235492814013014,0.1900051412751509,-9.044119777482592,1.0,
69060410,17,734.8724019544031,117.57143113582444,32.26093344114406,3.448389368836388,-15.499842386424916,1.0,
69060410,16,103.4186532658852,835.4392294963374,32.3482629653754,2.957454059337124,-0.9889187063793088,1.0,
69060410,15,125.29661347148489,689.5637288685618,32.439292161108824,4.275002842725144,-5.055092578018844,1.0,
69060410,14,68.70169151796898,1257.610956746269,32.44846805932457,6.726804096657133,4.4547541425185955,1.0,
69060410,13,138.07532734414414,625.745393198695,32.658464893488144,3.583844182840153,-2.473660285121241,1.0,
69060410,12,349.8776439248978,246.94347152556566,32.93696281676421,8.841195539617388,-23.692583979150868,1.0,
75217866,7,198.88603623913937,434.4196386724363,33.594641815403975,9.233605058069486,-24.95856525620951,1.0,
56679906,19,168.4878184306278,512.796716135142,33.436281151295134,4.4924892528756,-6.37703970096544,1.0,
75217866,6,7897.362386157305,10.940361575840067,34.13284353003519,1.1057791891816464,-5.424551879834155,1.0,
75217866,4,272.2838179752238,317.31595598480214,34.838464371945975,0.8924347937480093,-12.748267601779332,1.0,
76104883,18,101.55906211723043,850.7364896720669,32.80787101710291,0.5500158179955008,-6.568424991107605,1.0,
76104883,17,111.81104748482319,772.7322294492197,33.09370715087903,3.6673061661176405,-7.44787703571879,1.0,
76104883,16,68.21923361091932,1266.5049931925741,33.13359378346263,3.2326934339464515,-17.48244145714679,1.0,
76104883,15,101.42944223053219,851.823672692858,33.14299368253387,2.0205629574171837,-15.500228883633639,1.0,
76104883,14,101.37337828463455,852.2947687252511,33.31781715224815,2.3469856637514397,-0.7218642678102185,1.0,
76104883,13,508.43046689024055,169.93474157529576,33.3720420516147,0.4963564576110855,-8.962418712520133,1.0,
76104883,12,176.45340190079102,489.6476864105881,33.52619379823648,3.913150178634311,-20.266632272567705,1.0,
76104883,11,209.76162808785924,411.8961164994921,33.75259681909097,5.69208213790381,-18.50402106112415,1.0,
76104883,10,80.83566944331564,1068.8350896949796,33.96650089579282,0.45038657549022787,-6.950945026435505,1.0,
76104883,19,73.92500951207094,1168.7519632431304,32.76358508605995,0.8815181314710969,-5.842727881186647,1.0,
76104883,9,505.44797822861466,170.93747274011488,34.19495528864286,1.5434976649909515,-10.300574788553348,1.0,
76104883,7,64.66584779002643,1336.0993933079724,34.73256440326736,6.340985104928649,-9.89049282600243,1.0,
76104883,6,111.52201398850173,774.7349326825116,34.962673937563295,6.7728925821656105,-18.898158248891633,1.0,
76104883,5,176.093757291572,490.64771703940005,34.96873408441911,7.136579624709924,-12.836201042446191,1.0,
76104883,4,81.56868151543857,1059.230067163057,35.253979856284104,0.10825790234102328,-7.427787006992219,1.0,
76104883,3,73.79854867723517,1170.754730934865,35.4558007530818,3.0459215324609943,-10.603358682599293,1.0,
76104883,2,175.73461494280707,491.6504356760842,35.77251186081321,6.316995232674543,-14.004192329271717,1.0,
76104883,1,73.86181309842048,1169.7519513212117,38.46496548992286,4.704416463167405,-17.197631727696347,1.0,
65258778,20,18338.620929733544,4.711368446463404,44.53315357758038,0.5598127075985531,-14.243828744959387,1.0,
65258778,19,31833.427820572462,2.714128069618808,45.43913713278698,19.763897933643648,-0.726279440626854,1.0,
76104883,8,4676.34594067292,18.475964160078192,34.58624624067602,0.3980022303424846,-6.721612330288053,1.0,
76104883,20,117.26173134049667,736.8132724317155,32.74271747036846,2.03148233399358,-11.099746736979682,1.0,
76086660,1,2692.420909171386,32.09007912012921,37.373368769420836,4.664176204816442,-10.886339434620709,1.0,
76086660,2,70.12805176222498,1232.0319448335229,35.95117119842803,2.3591253990156815,-12.202309279012695,1.0,
75217866,3,804.1702285952593,107.43993861961944,37.32119079499785,3.1787560870192806,0.21505541645313997,1.0,
75217866,2,309.9841616979361,278.72391778581397,39.405547244127774,2.8221616617630048,-5.417792344807992,1.0,
75217866,1,308.8729136392662,279.7266972425652,43.34859884852722,4.503381528371108,-13.257685414239575,1.0,
76086660,20,125.41354762214385,688.9207875716343,31.261154187548755,1.0512417641226364,-10.603380975161997,1.0,
76086660,19,616.8858402929446,140.05832904021702,31.361476812093315,5.85567471813377,-0.9143908998602228,1.0,
76086660,18,85.40298364539986,1011.6742567067661,31.424090491868355,4.389254660341521,-11.670898013848728,1.0,
76086660,17,249.91833626327195,345.7129288384166,31.74203026515852,2.777817735589565,-3.2721177510391612,1.0,
76086660,16,111.9951914642349,771.4616928673353,31.9420252499757,2.415891065257256,-9.747344583987598,1.0,
76086660,15,125.05000855364183,690.9235832873821,32.23862323636115,1.9679201625270935,-12.999834871371093,1.0,
76086660,14,74.08383357656795,1166.2463432147165,32.31804055753469,3.2710147341167612,-5.1165510892269594,1.0,
76086660,13,85.23424504838681,1013.6770725305469,32.35847735347352,3.068250172860587,-12.527340444751445,1.0,
76086660,12,2779.2581876596864,31.08743202903158,32.55003768698589,3.0165329472928306,-3.133278203561872,1.0,
76086660,11,75.98729944255068,1137.0321176543682,32.560357409201515,4.959915788339458,3.6115692258883314,1.0,
76086660,10,575.0426226394309,150.24973210407643,32.712069315076405,5.332736288160447,-17.983278959601364,1.0,
76086660,9,64.77891260213968,1333.7673716546171,32.86227170881591,0.4940015181520323,-8.249944303654104,1.0,
76086660,8,70.18517203107,1231.0292544663412,32.90014151490334,3.1097258400625094,-10.216766354383253,1.0,
76086660,7,79.91606696746553,1081.1342859900017,33.006468838143746,3.1095439550722688,-10.031821130250705,1.0,
76086660,6,91.93711846365697,939.7727647310828,33.1554436637565,2.8622984383293897,-8.65668572295516,1.0,
76086660,5,149.03452161306387,579.7314545976069,34.206750223198355,2.1426018569780183,-13.587922121384338,1.0,
76086660,4,226.28054691797234,381.82690106065706,34.268358855565225,5.139621564158347,-13.311997311334778,1.0,
76086660,3,70.24223747311727,1230.0291549378185,34.91485790400077,2.135854223041605,-10.063816310799098,1.0,
75217866,5,502438.88183305564,0.17196121383915497,34.28198215853172,3.7087743387367595,-11.327776546375105,1.0,
80701937,18,156.90817747161918,550.6405172262461,29.82771862471452,1.5370344731296655,-5.849166339699224,1.0,
56679906,20,120.87488535496347,714.788682084588,33.418483184655315,6.980333879990155,-8.154797034858234,1.0,
70081904,2,88.09902164030609,980.7146366818587,39.66247262067964,4.332576623947659,-9.98624231202237,1.0,
56038360,11,196.51443646632964,439.66235536493826,19.53672333963482,0.7617342853792479,-10.474025797729382,1.0,
56038360,10,116.96149994556664,738.7046168201517,19.64459155161512,1.7212972194629117,-13.164477734085438,1.0,
56038360,9,97.19992186020379,888.8896034737909,19.662131651697337,3.855879686956598,-4.636360781196771,1.0,
56038360,8,309.4261536825877,279.22655849133537,19.671762102339585,2.2585852856371957,-4.282012596784341,1.0,
56038360,7,307.2225118772771,281.22939127101887,20.157076281695254,2.4680639324347453,-3.9644024729464036,1.0,
56038360,6,65.30039895765843,1323.1159591539833,20.530440402323165,6.671782852876447,3.447459902622512,1.0,
56038360,5,75.22540070161875,1148.548219007902,20.702885255570322,3.591224290006295,-7.10292441523336,1.0,
56038360,4,67.25034494188411,1284.7517745026364,20.761315448259325,2.4111661437842145,-2.5392495342745462,1.0,
56038360,3,214.91554549813418,402.01838261509147,20.78117639368338,0.8489090189290778,-10.79664913893248,1.0,
56038360,12,113.68575552511129,759.9896715373078,19.18565311151667,6.258503145943735,0.060680680288669464,1.0,
56038360,2,167.3441728986448,516.3012162504745,21.033079909738035,2.668996121039868,-8.538619549218254,1.0,
89097625,20,374.91361718044436,230.45308583287877,30.57082024665965,0.7647545699991269,-8.892223682941221,1.0,
89097625,19,185.87876174537053,464.81910675925764,30.69079482295274,1.5901849399689354,-9.443355219670707,1.0,
89097625,18,265.75336191934196,325.1134788135738,30.75655540612172,0.9819490014377266,-15.052110751413181,1.0,
89097625,17,184.49813035707757,468.2974284497165,30.776892752479853,4.873873551119857,-5.672914348449183,1.0,
89097625,16,62.104804033808556,1391.1967253445587,30.83418880947329,5.008385939033474,-3.9181969795389477,1.0,
89097625,15,207.15732339017683,417.07432103313704,30.97476026843492,4.73989719869337,3.1503855340095015,1.0,
89097625,14,113.74833716602403,759.5715432208285,31.113197980379937,1.6271626810308248,-13.500163778390743,1.0,
89097625,13,63.35808476181583,1363.6775847124547,31.393137902896115,1.6815680778917113,-11.513541346299746,1.0,
89097625,12,60.097441564437155,1437.665194238942,31.521748018838707,4.979511384768273,-4.565211607634865,1.0,
56038360,1,143.92764631595705,600.3016252369644,22.44738616596021,1.1673270576256414,-6.9140731667556565,1.0,
56038360,13,86.62885672388958,997.3581929561992,19.11253247051809,1.7124352032856223,-3.7162357060446425,1.0,
56038360,14,65.41414851831166,1320.8151746531362,19.032520186855663,6.945050979404016,0.6811837699953003,1.0,
56038360,15,681.856426070177,126.71289247497342,19.00547995311183,2.512745344714773,-5.216376268592342,1.0,
80701937,16,468.11542986709765,184.5698613791256,30.165743647974637,2.6394958629088308,0.19633927248398209,1.0,
80701937,15,209.83733178936384,411.74751538839104,30.33674534033503,5.737213144580579,-3.7286430130241968,1.0,
80701937,14,104.77774287692895,824.6026076500302,30.448390211158994,3.1593418045706017,0.7233196572404097,1.0,
80701937,13,159.52350009947955,541.6129908516336,30.485305772540414,2.391917331492067,-13.799477796384622,1.0,
80701937,12,167.5490965893481,515.6697455180004,30.55615055105568,2.014114296534558,-9.170877977764889,1.0,
80701937,11,128.75498950585379,671.0419559785049,30.81686159332071,5.416913474048698,-12.327030038526374,1.0,
80701937,10,203.84516008569943,423.8511228997353,31.043254616487502,2.4899727564201157,-6.831894893220522,1.0,
80701937,9,4242.864229354196,20.3636023519779,31.17853330606556,8.472890168913551,0.7951821851663965,1.0,
80701937,8,194.66123964199707,443.8479902773602,31.555725535317606,9.30890091770189,-2.586225757362371,1.0,
80701937,7,284.90987812123774,303.2537887760922,31.999064113167492,2.2764219179178156,-13.769015214015297,1.0,
80701937,6,74.84589746453513,1154.3718884650912,32.049405685205784,5.40637015342142,-19.321397934108035,1.0,
80701937,5,260.79824097682103,331.2905780207274,32.14824491241836,4.083724975220633,-6.698257882917261,1.0,
80701937,4,561.7014696213,153.8183620175518,32.78776685258845,5.24501393388573,-3.1564853006450733,1.0,
80701937,3,79.39224316797147,1088.2675252946576,34.23573334961952,6.620401079037322,-7.0507469806183565,1.0,
80701937,2,121.75174386932684,709.6407595831317,34.32444884504707,1.3881145054438377,-2.737761390477516,1.0,
80701937,1,395.7963697642557,218.2940688704689,37.52983128323376,4.328071658491808,-5.7804584497972655,1.0,
56038360,20,332.7853350396672,259.6268251715519,18.76012604497828,0.6460846637449151,-5.797308403889076,1.0,
56038360,19,144.65972431936103,597.263684875116,18.777513780753793,0.23969625919338,-6.892439947302989,1.0,
56038360,18,70.19808595073333,1230.8027894184688,18.779759783494,2.158696534347456,-0.15090708796253693,1.0,
56038360,17,63.89989688229672,1352.1148580121867,18.8559741635479,4.614654804557745,-9.7527796973107,1.0,
56038360,16,126.32447454935622,683.9529735486267,18.888852099318342,1.8299226332590592,-11.345983377120604,1.0,
89097625,11,114.4133018816277,755.1569492277189,31.54316351490729,11.12476393353063,-1.538851699020313,1.0,
70081904,1,663.584846100927,130.2018882855247,39.71112163660803,6.259744526338295,-19.824130706948665,1.0,
89097625,10,152.69441054574688,565.8360361142019,31.60791688813356,3.820789002043341,-3.673769539323189,1.0,
89097625,8,187.24440244135448,461.42901402385445,31.675050337711582,9.327297330129113,-22.058506187524017,1.0,
63214104,2,77.49471407617929,1114.9147529606546,39.06258963198752,3.2372161829749757,-6.706397644691037,1.0,
63214104,1,105.14700445325337,821.7067186009281,39.44197457288101,2.885868763520307,-19.4764573955307,1.0,
70081904,20,653.5321154095348,132.20467359260164,32.959789960474836,3.8675318736148654,-11.51859478305937,1.0,
70081904,19,66.10651530808869,1306.9816128914638,32.97202125408364,6.880396905433656,-21.842113741736455,1.0,
70081904,18,77.63599275233206,1112.8858785335065,33.13867743528442,7.001049176429376,2.8828571070726525,1.0,
70081904,17,90.63384608709687,953.2862581708356,33.659230846330615,3.803625383463725,-12.552211234614703,1.0,
70081904,16,219.60817953077284,393.4279687787909,33.72045895612928,7.085918554004138,-14.318193430400981,1.0,
70081904,15,88.27930008578825,978.7118828087447,34.03182472998844,4.410582065693802,-5.819465024447368,1.0,
70081904,14,107.11184623513222,806.633468069764,34.280855561234034,2.605776009471981,-7.806438115509536,1.0,
63214104,3,71.66745069454821,1205.5682065243673,36.589773612843146,3.3807527626474894,-5.232762139919828,1.0,
70081904,13,107.24515656533387,805.6307880660794,34.52246982629879,1.6335785433554406,-3.786916603191628,1.0,
70081904,11,123.49654447308924,699.6147169026835,34.855194319819475,10.371527569165607,-18.346389220641242,1.0,
70081904,10,76.05455846654269,1136.0265806816615,34.88875484133064,4.936071773418433,-18.791277213274668,1.0,
70081904,9,218.49590165588666,395.4307579465403,34.90815206079105,3.8221204269271993,-10.626588217087146,1.0,
70081904,8,219.05137805651088,394.4280139507295,35.07541028399521,3.6571268562153136,-7.6690052741306545,1.0,
70081904,7,187.2466819340807,461.4233967062589,35.10986205374513,7.18646587859439,-3.175142369637115,1.0,
70081904,6,114.83589917293118,752.3779638794867,35.328277841989006,2.4541524058825246,-9.058563600329876,1.0,
70081904,5,114.53102419477682,754.3807506083602,37.23903331558574,2.608278883014492,-7.8872590867570125,1.0,
70081904,4,88.18918494990211,979.711968639709,37.453810092513436,2.677591303087979,-16.172245180237837,1.0,
70081904,3,114.37899316207374,755.3834634439576,39.11345941810862,3.577722330818858,-11.876782760795663,1.0,
70081904,12,101.81973027635098,848.5585236328953,34.561330745712894,6.1224255748586245,-1.9839051056771382,1.0,
63214104,4,111.25214244002123,776.6142575328863,36.37604124727227,1.768243112841219,-4.782403012937834,1.0,
63214104,5,105.78721869843298,816.7338272338928,36.01974234681802,2.0897275210195403,-13.409277213828432,1.0,
63214104,6,467.55270440325535,184.7920013857553,35.117845518821014,4.776988512027401,-6.2371714711517825,1.0,
89097625,7,62.060191453146565,1392.1968008305164,31.874115079024932,3.1228273674103093,-11.484209674108286,1.0,
89097625,6,185.47865733961416,465.82178909026885,31.976494293765995,0.7471284480640179,-10.923507751450245,1.0,
89097625,5,219.22984998755194,394.10691566365557,32.06443805115225,1.3214836036634097,-9.698515737620482,1.0,
89097625,4,62.14959638818434,1390.1940643403125,34.214741128681226,2.285578936246395,-9.718948365886263,1.0,
89097625,3,113.30005065947545,762.576887628022,34.23905461586969,2.5704784855602725,-17.495813014817372,1.0,
89097625,2,63.40470513964199,1362.67489628275,35.10352779473669,5.095608991171275,-9.030349340924658,1.0,
89097625,1,62.01552773837087,1393.1994639229963,35.50965991043677,7.3484217669158625,-4.152870662425528,1.0,
63214104,20,160.81940809584702,537.2485884819718,31.84361726358884,0.8113848426179402,-10.565786933943286,1.0,
63214104,19,77.35576267640016,1116.917434599337,32.2444306751097,4.247819923207658,-3.8005576384356345,1.0,
63214104,18,77.42507601912506,1115.9175352783382,32.36946314111151,5.739761099857674,-3.271600186018759,1.0,
63214104,17,107.63913280998655,802.6820520053834,32.41400837964966,2.061684932172284,-9.703127281668685,1.0,
63214104,16,80.70821392377016,1070.5230087436428,32.516260320601305,3.954191084591116,-14.050130800637021,1.0,
63214104,15,4551.341693622902,18.98341320342067,32.54538570571003,7.5097649262062305,-6.353675592008926,1.0,
63214104,14,164.28739608977799,525.9076597256741,32.546200811780636,2.5145492731047625,-15.441419140464177,1.0,
63214104,13,3082.710918173997,28.02727933087475,32.84427514865297,1.3370035607512136,-5.9340628046594475,1.0,
63214104,12,67.3641913021469,1282.5805272785399,32.9088846934369,0.4193239566078546,-8.129559792611872,1.0,
63214104,11,68.23514178568362,1266.2097233031254,33.13959591736989,1.4113889543313007,-12.225542143175062,1.0,
63214104,10,103.90755145201018,831.5083821400982,33.35073352335985,4.124458134668998,-6.247271207903964,1.0,
63214104,9,111.53978564658175,774.6114939987588,33.39781829430285,0.9212718205866395,-12.753188848524474,1.0,
63214104,8,63.434016550945806,1362.0452353132882,34.45056434209732,1.226913404208858,-11.828490006779361,1.0,
63214104,7,117.56842133597996,734.891214989536,35.09847210243697,4.7660273045351005,0.1702439313295372,1.0,
89097625,9,1346.1379674882292,64.18361422582451,31.66712932198857,4.308173518747196,-17.076192335515543,1.0,
65258778,18,28769.153754842737,3.003216595672586,46.417786459189074,13.41479542665303,-33.80665506565953,1.0,
65017758,14,144.43557608246942,598.190572872902,32.192487799873106,6.544913694788761,-16.483306126133698,1.0,
65017758,16,311.68493903016133,277.2029995059825,31.581056947028173,1.7729168241840512,-10.620371364939501,1.0,
76176037,12,354.2040334527775,243.92720533917594,31.485869118060577,3.4756275296516037,-13.093136988884623,1.0,
76176037,11,61.00060109122521,1416.3794856839277,31.572869938766075,6.140216085616203,-22.280255730503654,1.0,
76176037,10,71.49853024649899,1208.4164485916922,31.58372801142673,1.7061764197063098,-10.893651785022001,1.0,
76176037,9,136.74148671317332,631.8492074115825,31.723265421933093,0.7731576248203851,-11.416750421653745,1.0,
76176037,8,169.67670318441816,509.20367014730124,32.13595271525071,6.178954248607511,-20.662477638981244,1.0,
76176037,7,141.2202074230824,611.810459541061,32.87377845741514,1.835034090497004,-12.978117452840735,1.0,
76176037,6,91.60977886424617,943.1307560302445,33.582804516111196,1.713589639955842,-16.04062884464139,1.0,
76176037,5,91.31878077770531,946.1361536387684,33.59880963097703,0.3494598261344777,-11.2666539867123,1.0,
76176037,4,467.93811977891494,184.63979818703615,33.929800724620236,1.288000840448916,-7.355051958853039,1.0,
76176037,13,91.68430665772672,942.3641095149037,30.815743556058464,1.6205830054932449,-6.097187351761136,1.0,
76176037,3,91.48986921557504,944.3668543936606,33.94358821144431,5.432262754879844,-11.104146352661473,1.0,
76176037,1,91.41565949050567,945.1334758348859,36.14691761875258,0.29876773813276714,-9.958176900679348,1.0,
78838755,20,309.6163098276914,279.05506673108914,31.993752265945602,3.1027327034207133,-5.149921449583431,1.0,
78838755,19,99.72993511112023,866.3396792922018,32.00136015314075,2.3892466908732786,-10.24602792381792,1.0,
78838755,18,69.8414039824589,1237.0885330670028,32.511980435102544,2.4627911580703596,-8.321074109293306,1.0,
78838755,17,479.22752086853336,180.2901466163963,33.39655758484696,6.7797337534623665,4.5673560444816985,1.0,
78838755,16,418.4713270435434,206.46575862295526,33.57340658980132,5.200879852584592,-21.079120619895093,1.0,
78838755,15,61.310335052719296,1409.2240716953627,33.64105977022177,6.240630585253854,-10.30714029121475,1.0,
78838755,14,378.3974011594476,228.33137789863707,33.70541908112352,4.030539646960079,-10.984789650059241,1.0,
78838755,13,5098.739627349976,16.945364210508945,34.40394603067898,11.520722273538553,8.87447769150154,1.0,
76176037,2,91.5124885442869,944.1334333093483,34.526249487425275,3.0865892821327066,-18.283048561143573,1.0,
76176037,14,81.55897899404933,1059.3560766167006,30.479192681812947,6.375057321232106,-19.05467292093988,1.0,
76176037,15,373.7818994293139,231.1508399200565,30.041656589544345,1.4895901283322246,-1.8864388300261226,1.0,
76176037,16,119.14798348189754,725.1486552697468,30.03684131433181,2.8910675419996323,-13.699530314639958,1.0,
76704382,17,194.83685409724436,443.4479318624042,28.099823854772467,8.03014402268704,-2.830597146650433,1.0,
76704382,16,74.85182264848834,1154.2805097177534,28.107342623262753,0.9966022602363012,-5.9694547364007065,1.0,
76704382,15,82.70295390906367,1044.7027091076025,28.122881593311035,10.107321004995498,4.192058793825055,1.0,
76704382,14,61.66673405711494,1401.0795499560172,28.174526697137367,3.71879491696248,-7.038813015249218,1.0,
76704382,13,89.03085519509389,970.4500738611475,28.19108094404021,2.4028122406554075,-6.280891643583772,1.0,
76704382,12,155.16669917860878,556.8205063159007,28.24289701766827,0.9463234316945659,-10.585937663653823,1.0,
76704382,11,352.625991080656,245.01880798751947,28.670246986833945,1.7597094313273942,-8.367670912391787,1.0,
76704382,10,2295.2728871619815,37.64258292913935,28.99021639858256,1.849589020504908,-14.534609472797712,1.0,
76704382,9,68.65457811629787,1258.4739775640621,29.179977020370984,7.322682183425826,-1.3175513753070334,1.0,
76704382,8,154.61061860765776,558.8231958326869,29.99371781505272,1.958691192405439,-9.235364715231384,1.0,
76704382,7,2235.8748903073924,38.64259148602074,30.480728069584416,0.9810880282140886,-12.317670168292665,1.0,
76704382,6,330.66826626598464,261.28905859536314,30.656185628733965,7.296663259008142,-1.5107084829675443,1.0,
76704382,5,146.9998371933951,587.7557529967255,30.91306776092631,5.08739634192824,0.5055955595933881,1.0,
76704382,4,2494.428354707931,34.637194464587644,31.991640406282045,3.9813539250843064,-9.40044584776436,1.0,
76704382,3,74.98191781214354,1152.2778093841616,33.073279289843526,0.19655893204333097,-9.555758534280386,1.0,
76704382,2,152.20951877545585,567.6386121912647,33.1464020580205,2.790430176737715,-13.241711006702104,1.0,
76704382,1,2358.085926361878,36.63988620351098,33.62662135040728,3.647436396485091,-15.440522250361283,1.0,
76176037,20,85.05843919150112,1015.7722246169893,29.409438684354654,2.497943225651113,-7.852947960386814,1.0,
76176037,19,254.34442348635733,339.6968520704932,29.529303891024938,1.794029630331778,-9.48423275725986,1.0,
76176037,18,473.06962904654824,182.63696228848073,29.597637131239253,2.408731857098701,-9.626019147859267,1.0,
76176037,17,129.78885366643854,665.6966107586614,30.006280036042426,1.3884760617583538,-9.775573099374895,1.0,
78838755,12,144.04459404408118,599.8142490065228,34.548559847773504,0.6276353507209222,-12.070298091700138,1.0,
76704382,18,2565.6733109403062,33.67537076196768,28.009095123346583,2.1310652848786447,-3.3797716865540792,1.0,
78838755,11,131.80759805341694,655.5009064423217,34.592878080199796,1.7511500450898865,-13.900933006695766,1.0,
78838755,9,356.5791112287309,242.30247167949761,35.765860927363065,8.004298370349176,2.88192548638537,1.0,
79065593,3,466.56664585254794,185.1825473767483,38.290301987318344,1.448437133820761,-13.381101151415947,1.0,
79065593,2,146.01938901209436,591.7022430003713,38.67535640838548,2.631945201617498,-17.641854242804186,1.0,
79065593,1,459.1154708199116,188.18795159680096,39.6952970399858,2.5290881249632378,-24.61672040122579,1.0,
89127038,20,275.53180590169575,313.5754136160447,30.828557657727742,1.4069412120100537,-11.6810588064468,1.0,
89127038,19,298.43061688425405,289.51453072092175,31.016578262958774,1.6888729745712112,-12.231699118119025,1.0,
89127038,18,142.64348020234556,605.7059171399779,31.088078308973763,3.0908780584191504,-17.221952125150494,1.0,
89127038,17,75.66375498095651,1141.8941608402286,31.124566704908375,6.3436405786173395,-20.772879891700995,1.0,
89127038,16,76.11818293177112,1135.0770167155072,31.143281995800407,1.7177362473512972,-16.056657220379748,1.0,
89127038,15,67.15801156585901,1286.5181381266952,31.145084099979158,2.1331849800033638,-12.000751620871938,1.0,
79065593,4,299.4788136141252,288.5012096759717,37.922664122588,4.179155952309799,-18.990434026537258,1.0,
89127038,14,94.01016217879648,919.0495792963018,31.26519495612274,2.356027225945013,-6.364807890503869,1.0,
89127038,12,373.0022695369675,231.63397935153066,31.59427555216439,2.754510130416463,-10.03327927475624,1.0,
89127038,11,63.51881935521976,1360.22679383917,31.63051427668961,2.5916611211023337,-6.244766217247047,1.0,
89127038,10,976.8955317956171,88.44343861537523,31.635989654224886,2.595517283254253,-12.475042859326663,1.0,
89127038,9,156.12719368144482,553.3949465349824,32.199848791036175,2.8246801525377236,-6.168995475155555,1.0,
89127038,8,93.70374221463025,922.0549570165417,32.437041177557376,0.5570547380524999,-11.133826885071926,1.0,
89127038,7,155.84481860806864,554.3976422936834,32.479241075526716,3.5985069074997114,-5.62538613405701,1.0,
89127038,6,61.61872372990928,1402.1712033295826,32.8376462845074,3.4401948064556223,-7.174757903736179,1.0,
89127038,5,142.8800031014291,604.7032343543938,33.01202631039996,6.245879529420677,-12.963823481232737,1.0,
89127038,4,71.94376329681168,1200.9380110343627,33.16995105871638,5.679493246207699,-9.13190383128017,1.0,
89127038,13,120.02466323159176,719.8520510179495,31.56906385931984,1.440858799891771,-6.818761819525719,1.0,
79065593,5,461.5746781885846,187.18531167929393,36.86868690915503,1.2605791106500135,-14.808395359239768,1.0,
79065593,6,301.57230003941277,286.49846152550583,36.31520523968845,3.089427788900821,-19.240872056880136,1.0,
79065593,7,89.70982374209557,963.1052252247101,36.268459852446085,3.6641472586651105,-17.604950266818093,1.0,
78838755,8,380.06646756060104,227.32865794382045,36.44284870657913,1.015337346893034,-13.305475892724019,1.0,
78838755,7,143.80419941653363,600.8169465881837,37.236279431537696,3.0111866135203798,-14.847107656993686,1.0,
78838755,6,3935.5834157722948,21.95354306396918,38.35039933222612,15.712879411952173,12.21273240433706,1.0,
78838755,5,4331.234370996558,19.94812392941935,40.72612822452561,21.633141115842236,18.498039179220058,1.0,
78838755,4,4330.6488955419,19.95082078552772,48.23223740756487,16.06548352241768,14.263301370014744,1.0,
78838755,3,4814.605727775474,17.945394677191977,48.36389422640093,16.451060710320206,14.902028380028014,1.0,
78838755,2,4123.942417675715,20.95082599351513,49.24597011907133,22.508540942498527,18.777931476913636,1.0,
78838755,1,4559.822619069209,18.948105489602735,60.38547316918465,19.214587541144553,16.933096809708132,1.0,
79065593,20,469.104392964582,184.18075229264227,32.04404009534869,6.806135573913451,-0.9088268920727103,1.0,
79065593,19,1501.0261472893105,57.5606228819058,32.11475612368088,1.537023714349374,-11.38501425958421,1.0,
79065593,18,146.51530425684462,589.6994886523175,32.17203888890663,2.557079035459566,-7.917887978274649,1.0,
79065593,17,70.74682566001607,1221.256207525232,32.25659643396045,3.9326296824269775,-13.807311994175137,1.0,
79065593,16,471.66780052947735,183.1797716592281,32.64337854025689,2.3600771929635584,-19.16486052156108,1.0,
79065593,15,277.2836001938536,311.59433857464455,32.77533350919259,5.713357473812636,-26.84034148873144,1.0,
79065593,14,444.96579500726574,194.17222844868152,32.93999440983396,4.131588750855968,-13.00863523844609,1.0,
79065593,13,76.55687514127342,1128.572709381916,33.15258156864991,6.338016915092538,-8.068964019134029,1.0,
79065593,12,126.96426217799392,680.5064552643482,33.2172248404554,4.432106651849125,-17.11650510142448,1.0,
79065593,11,464.0540653515525,186.18520222324986,34.09610050356753,1.4383793081059082,-22.82801137894441,1.0,
79065593,10,145.5268220004251,593.70498724797,34.76283278472033,3.744566540598697,-20.222620267070027,1.0,
79065593,9,454.28091711640934,190.1906876221702,34.785701920209476,4.739629610812159,-24.937359919508168,1.0,
79065593,8,111.1254918941461,777.4993705521803,35.11039103367784,1.9482231604383742,-18.158864401921875,1.0,
78838755,10,122.29719463062484,706.4757311968978,35.0486506971958,1.7123271876268689,-12.610826344519964,1.0,
89127038,3,67.21039396685809,1285.515452306446,34.86672227575082,0.15592682138122882,-9.14538618585891,1.0,
76704382,19,2424.248125380115,35.63991618492135,27.91612589688316,4.183793440728692,-13.109716941768312,1.0,
62652175,1,1235.4707221624567,69.93285915248013,32.46806329725132,2.546743272279116,-6.038595701519512,1.0,
71241565,11,71.93612647750052,1201.0655039512496,30.0145588636409,4.794804297313021,-13.251478776015006,1.0,
71241565,10,84.79212716901041,1018.9625249969814,30.041591992248073,4.129230694486296,-1.9954564867049953,1.0,
71241565,9,184.8247128324467,467.4699539683643,30.060080388817937,1.1148724477662881,-5.831831238778193,1.0,
71241565,8,63.40651412659386,1362.6360191872186,30.203328001625778,4.124797491783795,-4.257287260766276,1.0,
71241565,7,82.74605780196266,1044.1585048895304,30.210100587747775,2.277480218992281,-9.004428227435199,1.0,
71241565,6,418.36692080773616,206.51728352038091,30.402023789416376,6.999122782367579,-19.231969965403152,1.0,
71241565,5,70.83959611280292,1219.6568690541253,32.07490325200081,0.2094057439559549,-7.290409421363904,1.0,
71241565,4,99.86453995976362,865.1719622882296,32.59152555076662,1.0667579153122233,-5.244583215845466,1.0,
71241565,3,76.85530279492221,1124.1904833885894,33.129055410169826,10.563835368679463,-11.05170920170508,1.0,
71241565,12,88.38131809224929,977.582161762045,30.005853197746433,0.6188180871848203,-14.061330520974252,1.0,
71241565,2,103.37002053529838,835.8322805062854,33.72969579478797,6.371724714031927,-4.057539693913753,1.0,
54848541,20,623.172976205695,138.64529319943,25.789179904246794,1.0623421505752617,-7.642746046636489,1.0,
54848541,19,154.71793192314266,558.435592604223,25.821419824524583,1.4876701205648146,-4.617195215942104,1.0,
54848541,18,119.26712385989612,724.4242772341408,25.840457083976162,6.034480781504726,-11.864580612064344,1.0,
54848541,17,76.90428521571408,1123.4744560416982,26.092108979534828,5.256230912413969,-11.540998062389747,1.0,
54848541,16,108.50786009364097,796.2556806985028,26.117360720514284,3.5785394775993495,-10.830081154321022,1.0,
54848541,15,440.098903002641,196.3195077527415,26.151516779131725,0.5567692733762328,-6.191765589787508,1.0,
54848541,14,248.03745467712855,348.33448888784665,26.46361504998424,2.9190103880839615,-2.1070029836258186,1.0,
54848541,13,338.68310120830483,255.10573067198956,26.606546441039086,2.950138924082694,-10.504562111880603,1.0,
54848541,12,114.00580232752993,757.8561637747123,26.629935902254942,1.7788031112690987,-3.454176484687707,1.0,
71241565,1,70.89788372112602,1218.654146855087,36.14445390621961,1.3521584759818666,-6.679863236746826,1.0,
71241565,13,60.832858195378996,1420.285065720669,29.965582960300253,2.2991601242792967,-2.033623751379622,1.0,
71241565,14,327.88255230924034,263.5089893972534,29.893329057691744,2.755310755784677,-7.379671164143417,1.0,
71241565,15,63.73841210363609,1355.5405154982068,29.456107185865335,0.6230514722251428,-12.381202184251578,1.0,
80364427,20,13802.907096136574,6.259550933598859,41.12738682712188,15.27745173999952,3.591318163147008,1.0,
80364427,19,5659.952358206147,15.265146158824457,42.236799349368425,7.558573401982002,4.925332216121745,1.0,
80364427,18,10453.457930096094,8.265207606685777,42.77017334040329,11.564776675433919,7.6293011609296855,1.0,
80364427,17,16426.840110534868,5.259684724427915,43.47667627488261,6.561133743117338,1.2097041286069157,1.0,
80364427,16,7042.644818418816,12.268118331629587,44.864087835951636,7.895303532124444,-2.75702247631925,1.0,
80364427,15,10460.427801297432,8.259700429200764,47.05570267212249,14.494315993116288,9.181260107409386,1.0,
80364427,14,7045.951395199664,12.262361057282265,49.831768696126005,8.49354795512295,-1.1701181456569287,1.0,
80364427,13,5312.000315159356,16.2650592759628,56.61731804973124,13.314056334393882,4.903924847021813,1.0,
80364427,12,11896.907631112032,7.262391428008758,58.49597207742556,6.661668461402314,3.0559161282892973,1.0,
80364427,11,8421.370490992844,10.259612742653935,59.07138445699809,9.832439651863865,-1.6282145254847933,1.0,
80364427,10,5003.509954798848,17.26787810567541,59.20876441195969,5.398742944592101,2.7269077045029064,1.0,
80364427,9,5657.912239328383,15.270650435231216,59.58509187876018,15.089614679707594,12.804038630943197,1.0,
80364427,8,9330.828662554683,9.25962774846887,91.94871078726476,10.54822402529713,3.845743400701906,1.0,
80364427,7,7669.6319836088005,11.265208054917142,127.32664737573145,22.186267048670942,20.249720969877075,1.0,
80364427,6,6513.346554962767,13.265070309235817,128.1485438553862,20.77323529386527,12.925683064719905,1.0,
80364427,2,7671.580163430177,11.262347281706322,168.28781823697972,17.732832020323542,10.945854389154789,1.0,
71241565,20,754.908205880095,114.4510012303711,28.98158444360331,5.49523919845376,-17.878495819964513,1.0,
71241565,19,61.12536217222194,1413.4885574430832,29.08962209229651,0.9404895076953039,-14.835584781620526,1.0,
71241565,18,2342.4701421901777,36.88414142142157,29.380952115639047,2.060171337049212,-11.055583509002304,1.0,
71241565,17,81.79015704993546,1056.3618302780626,29.40113090112152,2.6050335578545685,-8.719598887283354,1.0,
71241565,16,184.82085621508458,467.47970856412616,29.44592264110713,1.6119447685585726,-12.067453780184167,1.0,
54848541,11,121.7373813401776,709.724482725381,26.74416992204533,6.335532378576886,-11.986666612396903,1.0,
76704382,20,74.8906551854375,1153.6819885747307,27.892909499875373,6.791222346227499,6.467954731512947,1.0,
54848541,10,89.90056423286309,961.0618213274411,26.767855798259575,1.7589489387800086,-7.070665080777246,1.0,
54848541,8,65.63805342350797,1316.3096023358949,27.679619143454374,4.515540647808166,-0.7211265862790128,1.0,
65022748,1,86173.08465651206,1.0026332507927787,99.8511077716662,2.0986359169364732,-29.212010484280427,1.0,
62652175,20,214.54474852593734,402.7131896428343,28.893427215504744,0.42971998090763464,-7.325162307036578,1.0,
62652175,19,73.21747412755808,1180.0461710748937,29.059777223049878,0.5268900967427896,-5.7027614796452895,1.0,
62652175,18,618.5998090993328,139.67026618678793,29.100594853189705,5.438208914636192,2.6934118252673898,1.0,
62652175,17,71.00832979125697,1216.7586571038903,29.170676699377736,3.087531607243136,-8.70196516781786,1.0,
62652175,16,114.23889991366191,756.3098039748137,29.260795916471807,1.9832970912097494,-3.785702830538014,1.0,
62652175,15,126.40721694127514,683.5052783429189,29.310150996620678,2.1145393821945504,-6.206477238322776,1.0,
62652175,14,88.7976575606658,972.9986395302406,29.772648826142813,2.296085828561303,-1.0728210848879485,1.0,
62652175,13,454.48097724544925,190.10696668463285,29.840476256099237,1.236436635274714,-6.873724172283573,1.0,
65022748,2,86384.63921197089,1.000177818512287,92.36559884870303,6.295154148276197,-45.27994180260271,1.0,
62652175,12,88.96825114284772,971.1329478790797,29.849775030722412,0.9673590092648965,-3.6574161171382116,1.0,
62652175,10,72.10279240041591,1198.2892357370283,29.928421886004344,10.081403670146983,-21.48426749014402,1.0,
62652175,9,3219.4638416227485,26.836766694808002,30.179962722125083,3.664288926530844,-4.2396658317644835,1.0,
62652175,8,677.9663954154832,127.43994478819387,30.21349425432777,1.5942029326823501,-9.167034765936677,1.0,
62652175,7,63.85352129881888,1353.0968730082889,30.390004015167733,5.026982591868602,-10.748143146955783,1.0,
62652175,6,667.4767269572933,129.44271539452203,30.584154397009343,2.3275669747681036,-8.03474454473428,1.0,
62652175,5,67.32617866884814,1283.3046774415748,30.64922308374321,3.1126740139789035,-8.011075544377661,1.0,
62652175,4,556.4206600425974,155.2782026342903,31.135747609996542,9.01915470460915,-22.344291833630564,1.0,
62652175,3,943.1389233018176,91.60898555381834,31.150263685630307,2.0320580830372705,-7.519679104482066,1.0,
62652175,2,183.54047690633996,470.74084940996204,31.209529125063455,2.887389929371949,-5.820262087929109,1.0,
62652175,11,184.32416972450383,468.7393960821085,29.895765332305018,2.6710153715193883,-12.072517287821427,1.0,
65022748,4,43203.61968018627,1.9998324362535795,58.93738645348003,2.9294421027763065,-19.114724412949272,1.0,
65022748,5,111179.66041562814,0.7771205603345687,55.41717090907514,2.423752885730437,-16.47433145906598,1.0,
65022748,6,87232.99785656742,0.990450885822621,53.4408211873324,2.2179061710261294,-15.513029142121923,1.0,
54848541,7,586.8236486667189,147.23333014322688,27.979622282923287,2.8593470541909483,-8.335742268811543,1.0,
54848541,6,100.4474213918699,860.151498194588,27.990988137221734,0.904931738000073,-4.6542657986267955,1.0,
54848541,5,372.63448139405045,231.86260078984597,28.504145690038058,4.116031593292348,-11.812340451184241,1.0,
54848541,4,582.8649867500216,148.2332992444014,28.520897949738696,3.952576737773313,-12.767730246289318,1.0,
54848541,3,428.2675785872233,201.7430324401811,29.016552497573798,1.7221162958239233,-11.32144639730285,1.0,
54848541,2,66.61258765813473,1297.052149413818,29.204835703171852,1.5938037502168072,-1.1650668211780157,1.0,
54848541,1,1202.8655588673341,71.82847606124633,30.374706641958596,1.1763879149190757,-6.722985772984941,1.0,
65022748,20,84501.77666039029,1.022463709221625,46.82453844230031,1.937656824525675,-7.969767110026623,1.0,
65022748,19,89703.00599034232,0.963178424692948,47.20492603779758,1.477717360112365,-10.625024134915975,1.0,
65022748,18,21612.05273720861,3.997769256376492,47.26507119517282,6.985131576361596,-5.660279720234257,1.0,
65022748,17,26399.937439097786,3.2727350282293965,47.35938027685279,1.8660586168773534,-23.005965091935195,1.0,
65022748,16,43307.6052482472,1.9950306535016014,47.47587604923956,3.526557203456946,-6.4526203026982785,1.0,
65022748,15,89021.66372282653,0.970550272673074,48.08529329190742,0.637412483868502,-12.788904370204705,1.0,
65022748,14,4958.371528385149,17.425075855124334,48.44269929555139,13.80272413225714,4.673959398322495,1.0,
65022748,13,83706.80184853205,1.032174185275186,48.57720150116438,1.0882293166955606,-17.397452303283444,1.0,
65022748,12,43410.40881028188,1.990306066399815,48.83873920893893,2.132448929204884,-10.523120718938344,1.0,
65022748,11,5991.88673811239,14.419498194189563,48.85248269078784,21.177350598369685,7.1764740823294915,1.0,
65022748,10,85358.61627146264,1.0122001008688506,49.61575316486778,1.6577768607880898,-19.842109781287377,1.0,
65022748,9,1703788.7800736867,0.05071051119157112,49.86572595133748,3.0107556868701977,-2.4450785272641724,1.0,
65022748,8,2383421.042294654,0.03625041420160403,51.2699234243637,1.4808427054783806,-18.181378171357892,1.0,
65022748,7,28749.43661863467,3.005276282318439,53.38151652837496,2.7580405744845393,-11.549253346306386,1.0,
54848541,9,230.31073920937092,375.1453375409276,26.779453837762617,1.7040374112036147,-2.5679099286281257,1.0,
65017758,15,488.9284618251447,176.71296875921942,32.07093658699432,3.6008286140206565,-14.801797353497363,1.0,
89127038,2,164.54869189896215,525.0725423757984,35.440603089573415,5.85022730559416,-11.86639231858237,1.0,
61891810,20,850.8687964346284,101.5432700811682,30.74207430540946,1.2920696195566848,-1.960079376066119,1.0,
64895203,5,74.1824863310809,1164.695392041615,33.023175706503025,2.3803496985830748,-8.048393566767515,1.0,
64895203,4,75.11587537624351,1150.222899849547,33.19945487395535,5.094921333946559,-16.237611781429507,1.0,
64895203,3,67.17197689833856,1286.2506656721166,35.117731330384686,5.188649761848694,1.151520910893339,1.0,
64895203,2,225.87179016179724,382.5178874179448,36.72473520295671,2.2026405281862935,-6.896069621006802,1.0,
64895203,1,309.7238218660017,278.95820050089634,36.79092644891807,3.2050347684352687,-0.202180942373559,1.0,
62201057,20,541.4989778267047,159.55708789472635,30.490185761843804,4.897713310624539,-10.818574920563549,1.0,
62201057,19,83.79631553598863,1031.0715864696122,30.574675656921045,0.3417849459919182,-4.999037069700819,1.0,
62201057,18,112.50617031107365,767.957879653254,30.64893597786522,7.579768896775477,-16.107003839215565,1.0,
62201057,17,85.8758656768431,1006.1033949297146,30.80096674330389,0.3517410233372402,-9.826070791136146,1.0,
64895203,6,74.24623414221037,1163.6953846643648,32.844342828909475,0.49456580806270267,-5.801331698231422,1.0,
62201057,16,188.14477138936672,459.22084021774214,31.103854580189136,4.9515541618594625,-0.5973643956949104,1.0,
62201057,14,3375.6861285273753,25.594796645887076,31.505259423814095,7.473224509958271,-0.6252374261278817,1.0,
62201057,13,6035.995790573113,14.31412529063351,31.83520429220357,5.8705164710575275,-13.737366641842698,1.0,
62201057,12,6815.100401224409,12.677729587736854,32.162578296734864,2.5785258338985386,-8.036613967416685,1.0,
62201057,11,92.42026843495545,934.8598685450426,32.40695062159671,4.883606277506573,0.47100176406178207,1.0,
62201057,10,112.21343021186273,769.9613124460583,32.70555613441968,3.442944944887813,1.4579565827509668,1.0,
62201057,9,787.7150369240029,109.6843350069699,33.064769336547215,4.223890046595784,-12.605427581987186,1.0,
62201057,8,112.2135288326956,769.9606357520206,33.55233692885838,3.5206580131743976,-17.185596202449375,1.0,
62201057,7,112.3597628673411,768.9585470379569,33.6672568130233,5.352995515003784,4.328963598085295,1.0,
62201057,6,83.7151234675726,1032.0715830212853,33.980848355319495,0.6130505395550188,-5.753756056783033,1.0,
62201057,15,187.73484832224702,460.22355876994305,31.105784538891612,5.178385576174264,-2.1730976695736217,1.0,
64895203,7,353.4396757875492,244.45472854025195,32.761007402945324,6.847990363070664,3.98205480709629,1.0,
64895203,8,75.28958491105159,1147.5690841180017,32.518433749463384,5.968162011917286,-11.880794557557294,1.0,
64895203,9,61.5265512587331,1404.2717856339518,32.49134956857597,10.597257532683955,9.599787479044608,1.0,
80006147,10,82.79089802593948,1043.5929801477662,33.369370389512596,1.928449711331325,-11.543289836915903,1.0,
80006147,9,1151.5205711835877,75.03122580883985,33.406288145294184,8.971101857807696,-9.913744646384941,1.0,
80006147,8,320.42654335635984,269.64058312706925,33.560504394728014,1.5611440602098128,-9.7315002852867,1.0,
80006147,7,152.24261788734105,567.5152017153019,33.69905204881343,3.191833230459224,-7.343166581223102,1.0,
80006147,6,406.72417203079914,212.42897752695498,34.13754257971277,4.074840223934757,-16.994155638641303,1.0,
80006147,5,80.52675429074384,1072.9353338649496,34.425929563214595,2.7484315927699186,-8.52488355207862,1.0,
80006147,4,71.7874922966108,1203.5522795950776,35.52613169676533,1.4872379856363978,-13.1415393020622,1.0,
80006147,3,408.653237633356,211.4261971846119,36.1607306352812,8.427210385140881,-17.579549399643668,1.0,
80006147,2,61.66432976954772,1401.1341779420059,36.365025781884015,6.0592108029834435,-8.34643557505143,1.0,
80006147,1,319.2425986284448,270.64057356755796,38.051871763561394,2.447575741598314,-12.666689132355316,1.0,
64895203,20,121.71644763838202,709.8465464313687,31.146735883143947,6.0983252209140915,-3.1944350165348396,1.0,
64895203,19,89.30650785420914,967.4546914436073,31.179716393563922,12.565710885931537,-15.78485883584625,1.0,
64895203,18,89.57429049060445,964.5624824576488,31.191440478162576,6.218834030308244,-5.715791232412869,1.0,
64895203,17,82.48771758064045,1047.428666159115,31.303589761076182,5.013348063402475,-0.865244573228722,1.0,
64895203,16,83.39383897767809,1036.047759153126,31.423358006989474,5.140756125204689,0.8207106859427995,1.0,
64895203,15,273.0838138527306,316.38638255797184,31.491645528202753,10.13038294248787,-18.231315512987578,1.0,
64895203,14,215.94726325121536,400.0976844957248,31.617470046034214,6.889024921971725,-8.13638780511286,1.0,
64895203,13,61.48264812922984,1405.2745388974886,31.870810540064895,6.966418187804891,5.899381680721717,1.0,
64895203,12,354.89150253167327,243.45468793603757,32.181091475204994,8.35487913978028,1.9078371754874865,1.0,
64895203,11,93.42490219399596,924.8069622871125,32.4296326249962,3.4792754947454796,-1.8519190930039144,1.0,
64895203,10,276.65416204458313,312.3032719315336,32.45760994565694,4.678300114523893,-7.539471840357635,1.0,
62201057,5,1336.2701415981528,64.65758480292563,34.13053148707991,0.6125138879062604,-9.811382999044582,1.0,
80006147,11,80.65067177884208,1071.2867989112794,33.25676069719452,1.3977842376395415,-11.439256959133502,1.0,
62201057,4,1357.2617782189388,63.657579832077815,34.34976003856514,0.12318636445777997,-9.463494233785752,1.0,
62201057,2,112.50607128369705,767.9585556065896,37.55512399244117,4.716116816536612,2.5340274209523272,1.0,
80005965,16,171.11938228340054,504.91065855361757,33.300672887388146,2.9739287058743002,-3.8932229910245155,1.0,
80005965,15,166.30804765005067,519.5178538912617,33.44900172928283,10.312039878910582,-8.27815596191067,1.0,
80005965,14,71.50498108454991,1208.3074310283043,33.52262068463074,2.104563515177176,-2.466847533853212,1.0,
80005965,13,255.6410010503278,337.9739542757874,33.90047824221472,3.2766029943089734,-11.08945272521089,1.0,
80005965,12,61.8715747194985,1396.4409406371792,34.01038225501725,2.1966198051019603,-17.17365134018999,1.0,
80005965,11,71.08296603616382,1215.4810753963693,34.257128516504736,2.9466269367003974,-3.648297765916311,1.0,
80005965,10,71.01913058531466,1216.5736089406,34.483854129684346,1.4273938821349361,-8.283990487879635,1.0,
80005965,9,71.02678204367264,1216.4425518655025,36.31344353304121,4.107232423923506,-13.081044647057524,1.0,
80005965,8,71.13623050337661,1214.5709631873012,36.469951234027235,1.1771494066088621,-13.261008702665777,1.0,
80005965,17,99.85137788128914,865.2860063956138,33.25187312067669,6.633821432396758,-24.406379404990446,1.0,
80005965,7,70.85172636804413,1219.4480562292767,36.66717022887906,8.440355502374558,-9.680510824872783,1.0,
80005965,5,71.02429058528224,1216.4852234075524,40.30675556896347,8.414032044099827,-16.28497696219671,1.0,
80005965,4,71.2002052937882,1213.4796471933473,42.46195451580513,0.9619714718420198,-12.876958998609723,1.0,
80005965,3,71.14141569894915,1214.482438269446,43.59723510792128,5.337160741240382,-16.577206640183704,1.0,
80005965,2,70.96827709140699,1217.4453649017994,45.650741905973746,5.454139505727653,-6.9275894220695875,1.0,
80005965,1,71.08288791862402,1215.4824111663986,47.533185030356435,6.768462313313535,-15.115348858478256,1.0,
65017758,20,99.23127232151573,870.6932600849702,31.21694302490232,6.451400837788924,-17.677484196076875,1.0,
65017758,19,186.19400592400322,464.03212375840366,31.39043551498071,6.086291959407049,-13.474394042010886,1.0,
65017758,18,638.1723569302296,135.38662253502463,31.495438301388276,1.0965292319976925,-15.58660318248451,1.0,
65017758,17,3059.447649300319,28.240391699383796,31.560705443163442,10.231366899402815,-6.92219945631382,1.0,
80005965,6,71.07755088712352,1215.5736786318043,37.59590417796596,1.5350487005578088,-11.283406857768682,1.0,
80005965,18,70.91003579802504,1218.4453022431894,32.61320103352068,5.4086214832544215,-10.123860765342727,1.0,
80005965,19,71.07948742023929,1215.540560797549,32.53039081582915,10.581337823390584,-8.007236771618977,1.0,
80005965,20,66.05274280666487,1308.0456061134535,32.42906705727046,6.564458809123437,-7.794147086906037,1.0,
62201057,1,86430.96399693417,0.9996417487957757,41.58938774033231,1.1497755294857086,-4.841101407278757,1.0,
109044063,20,126.22742063228308,684.4788522748512,28.451978839198205,5.565751265632002,-4.4326588418595065,1.0,
109044063,19,191.66821874518564,450.77895837736645,28.45422533188264,2.577920342442866,-9.092760771848361,1.0,
109044063,18,84.11174200709172,1027.2049768356403,28.511166979635846,2.2172831515323495,-5.716639923456981,1.0,
109044063,17,136.86431354095558,631.2821638063123,28.629759078854363,2.181843603626774,-12.585960175270486,1.0,
109044063,16,84.35879295724979,1024.1967312617267,28.64854954746494,1.6807326317135107,-9.325579129061126,1.0,
109044063,15,240.62594414120238,359.0635262060494,28.656681644097546,11.107966525775467,-5.0942718961983005,1.0,
109044063,14,144.36780151867956,598.4713979925837,28.67287279600967,4.9716777500549085,-21.405934301741837,1.0,
109044063,13,143.88629821043372,600.4741318290085,28.711857854774223,5.031817412117441,-26.115833837048328,1.0,
109044063,12,239.28943183748802,361.06901728396446,29.428677407215275,10.07096079781737,-4.800744690090944,1.0,
109044063,11,63.310696375062996,1364.698304503747,29.44290051397877,1.593472793179977,-9.19752078343248,1.0,
109044063,10,60.10652163513225,1437.4480114567004,29.537928848949804,1.0184077505267908,-9.346963717687075,1.0,
109044063,9,190.81928038065973,452.7844347156283,29.58740968195974,0.9865049282822866,-10.74562772655716,1.0,
109044063,8,191.2416431832975,451.7844469532666,29.735321943202905,0.4679429300745994,-9.350193593421167,1.0,
109044063,7,60.02278016404554,1439.4534835584768,29.981544045424357,1.646670997106547,-7.463786701787498,1.0,
109044063,6,191.66704792237704,450.7817120185991,30.280443745356393,0.7198136860429116,-9.196101606742602,1.0,
109044063,5,191.2428086954043,451.7816935935654,30.607524567181855,1.731345994139005,-10.545061969094263,1.0,
109044063,4,239.95582889820724,360.0662688492228,30.76844530074618,10.87174193097836,-5.315762077964806,1.0,
109044063,3,60.06462163093731,1438.4507494424672,31.143934203331696,1.1180994974428273,-8.260408030775721,1.0,
109044063,2,84.193931662746,1026.2022249547724,32.92471412683744,1.867152736676303,-7.5953841654579435,1.0,
109044063,1,84.27628175645437,1025.1994772346845,32.952532332732005,1.6643723806034956,-9.010626296264384,1.0,
62201057,3,112.35985882966118,768.9578902994474,35.98742637714349,7.983761516542643,-21.13817564506337,1.0,
89127038,1,86171.75903858425,1.0026486747394068,38.153891771828285,2.3910086004814843,-31.621863610354524,1.0,
80006147,12,78.46661169181421,1101.1052744235344,33.23822551846183,3.9013445736671315,-9.844292573964537,1.0,
80006147,14,73.95339352522879,1168.3033851654843,32.72345379682656,12.987597692975044,-16.338025197025786,1.0,
58364339,14,88.72470332648805,973.798691465514,27.808615799234303,1.1419100480090378,-11.651573215082749,1.0,
58364339,13,103.4927623509499,834.8409882713598,27.951931808870086,2.008657453862156,-1.3473452287055352,1.0,
58364339,12,73.50803233559444,1175.3817542761642,28.055430986969668,0.3905110295975476,-5.0846235090133405,1.0,
58364339,11,271.683878519902,318.0166613885808,28.125797212231873,3.035917050319341,-10.76519649789185,1.0,
58364339,10,82.14381918456965,1051.8137683112482,28.183176908165706,5.28860016928391,-17.66050939231286,1.0,
58364339,9,16935.75184348181,5.101633561857688,28.79348301523578,4.260370300861609,-9.16454522227292,1.0,
58364339,8,241.56884500966615,357.6620155489951,29.331901631783808,3.930707230993761,-4.141477359728896,1.0,
58364339,7,137.993916602036,626.1145572755287,29.921885576179875,0.6358677665438108,-8.471612071695859,1.0,
58364339,6,8268.096468809212,10.449805505528108,29.92882115568841,2.5559492232803223,-5.742164292986331,1.0,
58364339,15,195.1737975032894,442.682373890603,27.795839219634445,1.500357173441131,-4.614928581147808,1.0,
58364339,5,1097.9871185655159,78.68944775315649,29.99545828808698,1.0358676593145901,-6.78928830505788,1.0,
58364339,3,196.1081499418856,440.57322464978455,30.232083196508142,0.8675474033921091,-9.780411083482363,1.0,
58364339,2,102.5740811079505,842.318050200921,31.02915999063771,3.331120878006743,-4.162296866234442,1.0,
58364339,1,85.93562890729211,1005.4037085503716,31.40158485516008,7.194295482574688,-11.506601643558156,1.0,
76155516,20,62.605883878651774,1380.061978958209,29.517761040627988,3.7449759262485998,-11.574230252039484,1.0,
76155516,19,103.7800364288751,832.5300604342494,29.519254377649645,4.967312806108339,-16.741515509166362,1.0,
76155516,18,220.14184931937388,392.4742172700384,29.56042821538381,2.399485613463497,-5.28259302439065,1.0,
76155516,17,85.20552300136353,1014.018774330126,29.584692833926624,4.490885437333503,-9.483421530135018,1.0,
76155516,16,101.15510812506713,854.1338307223787,29.68580146544673,3.1186268826489822,-3.7621272971572353,1.0,
76155516,15,62.74450431454884,1377.0130299677267,29.71884291076367,4.777091702241734,-8.434052077187715,1.0,
58364339,4,9145.646815342736,9.447117491466582,30.098364467240117,2.9634603280112515,-4.103743029623729,1.0,
58364339,16,67.94870963584751,1271.547325372875,27.680052566832273,2.295533497252336,-5.797152896752266,1.0,
58364339,17,149.66185374641574,577.3014154053882,27.560897167235453,7.314980760444172,0.44130103825986566,1.0,
58364339,18,76.6466017082748,1127.251542460391,27.56012904647514,9.989331468414491,-1.5948874365640222,1.0,
61891810,19,174.20678610974898,495.96230967471405,30.94492485769706,6.1070976538592845,-0.26440783924550715,1.0,
61891810,18,109.49243531045083,789.0956097106125,31.008986013118374,3.9005436896692345,-3.4327971279658414,1.0,
61891810,17,156.91101167321202,550.6305712943808,31.317339066350996,3.254048115217131,-3.154328723100889,1.0,
61891810,16,81.95280349490925,1054.2653370652172,31.32848123634949,4.386798262216985,-4.914840695798318,1.0,
61891810,15,94.73476101233788,912.0200344279921,31.552385683271496,7.398538528205677,-11.1148768694066,1.0,
61891810,14,70.39406519136656,1227.376196631367,31.646726585811848,0.56981081135757,-0.3980525773715726,1.0,
61891810,13,65.95961554028558,1309.8924135970778,31.8933330325317,3.7500874543139844,-2.0823881125213006,1.0,
61891810,12,79.69437323024934,1084.1417843939505,32.59307456305032,5.645983682278256,-1.6368149015538052,1.0,
61891810,11,61.964593332807546,1394.3446628617664,32.715646320638825,1.9242974854371369,-0.9522936447741586,1.0,
61891810,10,94.63071063649184,913.0228381343478,32.90932315258351,1.2952869868498738,-3.4641031088069667,1.0,
61891810,9,92.78930723951292,931.1417723701667,32.99936169976763,2.0753583347125186,-6.793029851512301,1.0,
61891810,8,165.7670738228223,521.213278412258,33.51484001820336,2.0253303999388095,-4.982040978330247,1.0,
61891810,7,67.437694291642,1281.1825924289958,34.261546444537544,7.384695965648234,-4.47405951671908,1.0,
61891810,6,84.23607432401074,1025.6888238602596,34.33438483540158,5.167663021462943,2.0322453198834864,1.0,
61891810,5,326.2442396904671,264.8322621174072,34.386241777472605,3.1520804066818187,-7.575803010718232,1.0,
61891810,4,64.92369324631585,1330.7930538117198,35.12069478096555,5.259171721010205,0.6804279923489389,1.0,
61891810,3,66.06061343776456,1307.8897622014529,35.74236727999187,1.7438017234475751,-0.7212300800039202,1.0,
61891810,2,1352.8299468110688,63.86612020502996,36.59280596909184,0.40040844643215223,-4.28740539790158,1.0,
61891810,1,66.01000532683678,1308.892486407262,37.38873865486494,1.547976190624297,-0.31691313486646777,1.0,
58364339,20,270.01236671371475,319.98534382540737,27.507077823936697,1.1377263538622628,-8.124578768684785,1.0,
58364339,19,190.657459779987,453.1687356985822,27.518793171149355,3.8193033960071148,-15.532864148026931,1.0,
76155516,14,1192.2461558110815,72.46825630670399,29.71976773598658,4.630007073537712,-4.515394834037977,1.0,
80006147,13,129.52946806079925,667.0296828474977,32.890897325999504,0.6868613867252975,-6.953277258285027,1.0,
76155516,13,174.4224289598103,495.3491389568249,29.828522303949057,1.2337751679508528,-4.784883807034674,1.0,
76155516,11,175.78397055446047,491.5123928960975,30.200364190066352,2.668574642452512,-8.025380198401336,1.0,
109524326,5,378.1156769457717,228.5015017041762,31.610615961447763,3.4128645252635295,-23.692978990414673,1.0,
109524326,4,129.95736938201787,664.8334019906309,31.740294675220525,5.323459722582157,-18.59535444890487,1.0,
109524326,3,77.47028239021098,1115.2663619426455,32.75002662842678,2.4205104163336557,-9.928718256611376,1.0,
109524326,2,61.58750856768792,1402.8818831832082,32.951009144509044,1.5306081075957536,-17.66158066313325,1.0,
109524326,1,70.18398125648079,1231.050140690356,37.77506333986213,3.7158055682225495,-29.855316887519223,1.0,
71014078,20,156.54471439539904,551.9189857906781,35.056000778908015,7.172209807624029,-0.18628076944679606,1.0,
71014078,19,10114.576870062896,8.542126982664648,35.30941892540841,5.455753773007871,-5.759223764869546,1.0,
71014078,18,109.711227947051,787.5219484527007,36.85019218553748,2.529900032881244,-13.120937995608301,1.0,
71014078,17,318.49715727010613,271.27400677779747,37.03130218296201,9.074563231650927,3.459170203572569,1.0,
109524326,6,117.03088254316326,738.2666704930128,31.353650616167442,3.2470790805935223,-14.537990508942158,1.0,
71014078,16,153.16409849172828,564.1008620872475,37.36184694382075,2.7819958051134677,-22.023880315888107,1.0,
71014078,14,152.6222471236091,566.1035768266762,39.179059656351,2.144679741059292,-19.31650065832224,1.0,
71014078,13,30020.591108071872,2.878024609474427,49.39717636970704,19.31317773473836,8.181951746672382,1.0,
71014078,8,17702.05750556151,4.880788573466979,66.31452328274565,20.972377492932026,18.92385296973174,1.0,
80006147,20,83.53037032585277,1034.3543272100048,32.059603540064245,2.331751031637225,-7.751032841182962,1.0,
80006147,19,121.38688080904909,711.7737882721763,32.11577976187732,0.11137078819672297,-6.595713696383598,1.0,
80006147,18,141.05301072043633,612.5356669716375,32.15364375436229,11.094532850315716,-1.7625073366401693,1.0,
80006147,17,61.576313678422366,1403.1369342961557,32.19188910782441,2.8384915362961465,-8.884387361873848,1.0,
80006147,16,64.90383026218687,1331.2003259434266,32.36625905420692,1.8714516298620651,-6.156612342668097,1.0,
80006147,15,1167.119210841397,74.0284275997074,32.472187804370606,5.521867948182944,0.40480582729645675,1.0,
71014078,15,8739.349386364089,9.886319470738746,37.71307387773254,21.622189302215872,18.62016857053311,1.0,
109524326,7,87.84936798243427,983.5016686434889,30.922173134092986,11.175028414637694,-10.128507592720666,1.0,
109524326,8,204.15738063294333,423.20292184459134,30.853664520033135,4.004290597377775,-28.599332457711938,1.0,
109524326,9,129.56705247568527,666.8361929141973,30.812657450541224,3.639655802871033,-25.484186127262035,1.0,
76155516,10,69.42769229797526,1244.4602022660015,30.326660851153974,2.500970929289309,-12.350331287007663,1.0,
76155516,9,68.97068202077332,1252.7061857091269,30.4887166981365,2.3668121108060234,-5.802979156128941,1.0,
76155516,8,147.30258265579366,586.547760685863,30.557118282285614,4.6570252270713866,-9.447124515862754,1.0,
76155516,7,75.69325229946561,1141.4491698437691,30.776489032894233,8.297904033317195,5.012140579215213,1.0,
76155516,6,116.94312827533909,738.8206667139414,31.337139974480692,2.728294978044204,-12.084998478424154,1.0,
76155516,5,278.60101097592957,310.1209134071116,31.402009620117724,3.9932119053577537,-13.370816207773913,1.0,
76155516,4,116.78462984146897,739.8233835846803,31.488968083998998,3.269282070696107,-10.827901988178525,1.0,
76155516,3,69.53960438587357,1242.4574566252707,31.766992914769617,2.295080936604961,-13.1922417194167,1.0,
76155516,2,67.65197068467113,1277.1246591280287,32.82455679456348,3.4028320130168197,-7.717703800017404,1.0,
76155516,1,364.8787507328792,236.7909883117633,34.51221151051959,2.7263882275989317,-4.211118298853108,1.0,
109524326,20,122.3721878993636,706.0427821316197,29.935175540616456,0.3375615398673517,-17.890477667119924,1.0,
109524326,19,243.20920784027624,355.2497077197086,30.11656077317872,5.081877936276328,-33.463000963562905,1.0,
109524326,18,373.20673959078624,231.50707325043453,30.207617791174016,3.9489402649591057,-3.2348732853513837,1.0,
109524326,17,70.29834712499424,1229.047389213521,30.277782552433337,4.844893874591705,-22.88746508047288,1.0,
109524326,16,70.24119304274146,1230.0474444878232,30.295989890891065,2.3445059266601618,-19.793297339705276,1.0,
109524326,15,122.02604849627991,708.0455449037505,30.43171447677753,0.39506384427807006,-12.323116473050078,1.0,
109524326,14,70.12686303136154,1232.0528291898772,30.474985664428914,3.3733391782579503,-32.6386685985573,1.0,
109524326,13,61.49971200060991,1404.8846277384705,30.515490003706873,4.086914080771706,-12.21471179365696,1.0,
109524326,12,109.28300618868961,790.6078265345348,30.51756229939059,9.535383002715633,-30.495315312640486,1.0,
109524326,11,4857.134462516823,17.788266037673186,30.68994970355908,3.311293665999955,-17.505281997207916,1.0,
109524326,10,65.36354910813982,1321.8376477240658,30.758087020379264,1.8912102081689284,-20.68075259233487,1.0,
76155516,12,1257.0993911892642,68.72964906797249,29.837054340767736,5.0726660647955555,-9.478517513455643,1.0,
65258778,17,86118.94699882311,1.0032635443299223,48.47238469933927,5.051555349429975,-16.260643617737685,1.0,
65258778,16,43157.7723566523,2.0019568963383345,48.907758398493115,2.082294033278913,-13.959826226977896,1.0,
65258778,15,86298.84121996592,1.0011721916378487,50.24864557383171,11.110615654710216,4.094004869027231,1.0,
61206487,16,109.06339469669597,792.1998048958351,35.64754655205434,1.086696853530043,-17.86323700143862,1.0,
61206487,15,1763.1248264858593,49.00390414909341,35.89994854175893,4.911889923749186,-21.009267878595665,1.0,
61206487,14,43092.22516857221,2.005002054593662,35.926378785624365,16.212211157867387,5.528612134950322,1.0,
61206487,13,183.57291122400994,470.6576772352213,36.97162294946611,1.7610767498014184,-17.67693191673311,1.0,
61206487,12,43114.66347303686,2.0039585848567047,38.92596552239138,15.30108852716171,-29.273746777038582,1.0,
61206487,11,43000.58318517722,2.0092750748967294,39.469473300862774,6.480576443078917,-17.31593959678196,1.0,
61206487,10,43148.04186677069,2.0024083657557274,39.84454189494727,13.748621418627863,9.194848753506903,1.0,
61206487,9,28736.087193923777,3.006672391301388,41.75864249739516,9.429215029170564,-33.1350757840155,1.0,
61206487,8,86428.63848852958,0.9996686458443589,42.30708007129488,8.791846317218983,7.239592781480496,1.0,
61206487,17,21534.93656087816,4.012085187980547,33.71678173165856,2.223795855196954,-16.65760478914808,1.0,
61206487,7,86200.88228871932,1.0023099266039268,42.85094330124639,16.22667206507151,10.202199460347401,1.0,
61206487,5,86133.20147641056,1.0030975108206388,45.300561776361064,12.80620657634438,7.347108884522413,1.0,
61206487,4,28710.406043544812,3.009361827518493,49.06094239727963,4.817066822019342,-24.410784484914984,1.0,
61206487,3,85836.71530302337,1.0065622815946311,53.08663992752372,11.038478830211943,-31.242425537900203,1.0,
61206487,2,86066.2792098625,1.0038774859701296,62.791998726301244,16.55202950804528,-33.74882038304747,1.0,
61206487,1,43057.309810105195,2.006627919418287,62.87641812230322,11.250850129659057,-44.33937892354777,1.0,
79424029,20,2946.2171847584345,29.325740290624257,28.9549222144218,3.209100585129761,1.2403872410774568,1.0,
79424029,19,61.82400800409215,1397.5153470199014,28.985740074238493,1.7257187762708384,-6.713994432416342,1.0,
79424029,18,83.46702104355786,1035.1393750462419,29.17181627102991,5.153433115031817,-6.1106784771636455,1.0,
79424029,17,2757.87409044395,31.32847880886822,29.27183155191335,5.492163079761326,4.917794785413065,1.0,
61206487,6,86488.4833929877,0.9989769343903783,43.636951967444475,13.734304751170612,4.466080254694816,1.0,
61206487,18,144.40224436721454,598.3286504902585,33.5941079077611,2.8115221691358556,-19.295322164708068,1.0,
61206487,19,88.43707105439483,976.9658692886618,33.46701703859026,4.756528496213832,-4.79300194010284,1.0,
61206487,20,1799.9531931377728,48.001248215451085,33.26821243266886,4.314478421578201,-14.69056060354967,1.0,
57303462,1,563.981411359002,153.1965385025822,29.71903721464855,1.1811320545374144,-0.6127964077926151,1.0,
71467910,20,175.334221154834,492.77317018280166,28.225725399019552,0.7256796450488991,-16.32196307972393,1.0,
71467910,19,85.17454095173115,1014.3876214016033,28.290367293498775,4.06823307531883,-6.708636368949925,1.0,
71467910,18,68.85716269551678,1254.7714227212184,28.443422106634102,1.7799349247647456,-9.46151124931339,1.0,
71467910,17,181.62888527122357,475.69526108680475,28.444144335735587,3.0053964148539194,-14.04549334484662,1.0,
71467910,16,312.7615848613043,276.2487600205585,28.45294103420065,2.0990953122746987,-11.316314123014706,1.0,
71467910,15,381.79431031485774,226.2998626898021,28.485948801360564,5.722511928817909,-24.164951476209666,1.0,
71467910,14,115.10023102728692,750.650100602466,28.70482603629557,5.763492292638745,-8.204523949138377,1.0,
71467910,13,207.82051823743174,415.7433574546731,29.217136801426477,4.422626247558213,-16.062225434344555,1.0,
71467910,12,238.3263380236795,362.5281230621498,29.30074876638878,0.5836379366970732,-9.306992410477392,1.0,
71467910,11,396.9712606936582,217.6479976132949,29.460764775088137,3.157132054263286,-10.607384339933617,1.0,
71467910,10,1143.3054899082867,75.57035347300817,29.572296828962862,0.1353958225001861,-12.059761637254724,1.0,
71467910,9,154.59980193832314,558.8622942380539,29.797671892778,4.62420592603263,-2.124248871053112,1.0,
71467910,8,361.90820497432446,238.7345708454707,29.90679726446706,1.6395467137543278,-2.5329669601791807,1.0,
71467910,7,61.77389421566267,1398.6490749371183,30.04291339086683,7.3005540603982695,-15.789611675804622,1.0,
71467910,6,610.9554733228073,141.41783447833896,30.579112852697335,3.2097377753134424,-13.211559762337032,1.0,
71467910,5,518.9081665171742,166.5034500803919,30.78116678352626,4.045993273500244,-12.070139733072324,1.0,
71467910,4,876.9087210274922,98.52792876636387,30.855342431651025,5.175567009805718,-7.776227249003682,1.0,
71467910,3,868.075177144628,99.53055020441518,31.042546162075382,3.7859003241961773,-8.405136041132494,1.0,
71467910,2,85.090428837473,1015.3903462518487,32.226891339598296,6.300939291296629,-9.19456480087456,1.0,
71467910,1,398.80360498991496,216.64799143975867,34.18452413844636,1.7796554059002574,-12.427595373523616,1.0,
79424029,16,191.0688223861346,452.1930837329002,29.357872953319372,4.8245214673513885,-11.912547756611929,1.0,
57303462,2,832.0843438443931,103.83562752883324,28.96063023552142,3.572846611570867,-1.754295365381779,1.0,
79424029,15,130.12085688914664,663.9980865911944,29.586841861823586,2.2392765173616738,-5.444782101599628,1.0,
79424029,13,83.2428664543449,1037.9267759524673,29.857460973485445,4.026079956904596,-8.87070475421919,1.0,
109631850,7,674.8138765218765,128.0353042609654,51.87167687295607,21.321800097436807,16.275421375716007,1.0,WD J1459-0411; published680.1-second rotator (pilot rediscovery)
109631850,6,674.8277912339113,128.03266421796152,65.84911039286015,19.613305934024112,12.2851204646079,1.0,WD J1459-0411; published680.1-second rotator (pilot rediscovery)
109631850,4,696.6215924284483,124.0271632965129,81.61505333790262,21.793973703017116,18.16901997766152,1.0,WD J1459-0411; published680.1-second rotator (pilot rediscovery)
109631850,3,669.5839014790804,129.0353603322098,85.2260674450348,21.936083144688496,19.09585360709562,1.0,WD J1459-0411; published680.1-second rotator (pilot rediscovery)
56083321,20,102.99863152892124,838.8460964720637,31.859828928961406,1.3685852967194592,-4.139192196379696,1.0,
56083321,19,156.9147610418512,550.6174143613933,32.02247873611918,7.507668929327451,-3.4701554881753793,1.0,
56083321,18,79.48480803386997,1087.000171947114,32.02846718001308,2.1050213822958312,-4.663598069335308,1.0,
56083321,17,136.88719893662173,631.1766233159822,32.29936179185063,3.1222084154607614,-12.273984244874384,1.0,
56083321,16,157.2010606416603,549.6146123145361,32.572631258044225,4.32717126404566,1.5237827086334903,1.0,
109631850,8,664.4209540582876,130.03804210608985,46.08344876802079,10.9530571975354,9.801030228196424,1.0,WD J1459-0411; published680.1-second rotator (pilot rediscovery)
56083321,15,3484.8749207531587,24.792855400769174,32.83250596232756,5.133586496482536,-5.209847085000206,1.0,
56083321,13,157.17484726982184,549.7062761682042,33.53199746246344,1.0694028684147554,-8.807592223686925,1.0,
56083321,12,3349.7715973654717,25.79280332663632,33.808266589877235,3.7414515172502263,-10.295399999418578,1.0,
56083321,11,103.13831898332586,837.7099884085574,34.22673245110798,5.421006518399935,-15.423346379368297,1.0,
56083321,10,158.64011426891156,544.6289571724777,34.346995860038874,2.6226019256218933,-4.551778409895803,1.0,
56083321,9,2781.6240920549385,31.060990680509807,34.939090127604345,1.459557720755754,-7.426988836198831,1.0,
56083321,8,3224.065592564374,26.798462227090955,39.16430163799441,11.198159133394086,2.746974891807014,1.0,
56083321,7,2804.8272270342113,30.804036400972283,41.929153979806756,9.848937562284334,-6.885241107663433,1.0,
56083321,6,3000.15699109949,28.798492964308625,43.506725353229854,6.518644303949372,5.46191474307679,1.0,
56083321,5,2999.8738530586133,28.801211061561215,49.707716260060124,12.321603807219788,6.3899339025752795,1.0,
56083321,14,157.77597904502704,547.6118768075758,33.388537475676344,1.0806029047239747,-7.869232071728277,1.0,
109631850,9,691.0496780910795,125.02719086515887,40.34498802305637,14.983797097082856,8.841049723618283,1.0,WD J1459-0411; published680.1-second rotator (pilot rediscovery)
109631850,10,708.0549772513401,122.02442292744503,40.26884733314199,6.812636908741268,3.8818676824785427,1.0,WD J1459-0411; published680.1-second rotator (pilot rediscovery)
109631850,11,731.4411300328001,118.1229718325049,39.40804118289549,1.9081642602533009,-20.661169991971207,1.0,WD J1459-0411; published680.1-second rotator (pilot rediscovery)
79424029,12,107.80934059519363,801.4147895071338,29.886121174747814,1.678419759046676,-9.298362228708044,1.0,
79424029,11,160.19816817414912,539.3320097522951,29.908471070828057,3.672194433100742,-9.987426652404992,1.0,
79424029,10,590.4532141676813,146.32827449638285,30.587052842340086,2.1429165816972784,-12.47652090655086,1.0,
79424029,9,134.91278214774746,640.4137445285243,30.902006666047726,2.285641123269812,-5.144868529800732,1.0,
79424029,8,2848.8111496120637,30.3284406942052,31.11485163449902,3.1771257828113164,-2.883153004711488,1.0,
79424029,7,135.2682646246994,638.7307491503349,31.52595731649768,8.4794236900035,6.893249869863098,1.0,
79424029,6,192.77639027184634,448.18766384286903,32.24639539902006,4.354877068331433,-10.101397657450775,1.0,
79424029,5,135.33601096667786,638.4110140594673,32.36347742843958,3.8007616159871986,-2.575933345130096,1.0,
79424029,4,527.6106602416925,163.75711582556187,32.54335239804948,0.6400626164884216,-9.103275601673033,1.0,
79424029,3,135.05624043619014,639.7334896999544,33.528044881298285,3.1144399499030158,-0.5354659782626356,1.0,
79424029,2,191.91881078126164,450.1903677304144,34.08948798029553,3.4711483007600066,-12.23017824495659,1.0,
79424029,1,534.1431947128123,161.75437758119125,34.695491091928716,0.7170093268140647,-12.295801499254793,1.0,
109631850,20,165.771369862662,521.1997709349964,33.118131182001434,8.476169343756396,-9.430786728523458,1.0,WD J1459-0411; published680.1-second rotator (pilot rediscovery)
109631850,19,159.27213479919195,542.4677713332084,33.42454832520059,2.431927067112099,-9.506107106257588,1.0,WD J1459-0411; published680.1-second rotator (pilot rediscovery)
109631850,18,664.1288632879885,130.09523418730572,33.74264105639793,8.856077906218246,-20.506864614648208,1.0,WD J1459-0411; published680.1-second rotator (pilot rediscovery)
109631850,17,166.09091272173734,520.1970329632146,34.36293826971564,6.8867162273518545,-6.981517063874122,1.0,WD J1459-0411; published680.1-second rotator (pilot rediscovery)
109631850,16,90.52726993885042,954.4085451639233,34.5349448961241,12.077514199757502,-23.52723358682786,1.0,WD J1459-0411; published680.1-second rotator (pilot rediscovery)
109631850,15,744.056856193613,116.12015840025755,34.75815597608005,2.8403948338627742,-14.138400028365965,1.0,WD J1459-0411; published680.1-second rotator (pilot rediscovery)
109631850,14,639.806179786475,135.04089633650398,35.86044005915437,4.320360993577594,-2.512856415999096,1.0,WD J1459-0411; published680.1-second rotator (pilot rediscovery)
109631850,13,702.2991984136185,123.02448898583934,36.57220620227406,9.245338940208626,3.8217916038553597,1.0,WD J1459-0411; published680.1-second rotator (pilot rediscovery)
109631850,12,659.3501681964025,131.03811019922844,37.23308206787476,6.359939047372194,0.32011956267149344,1.0,WD J1459-0411; published680.1-second rotator (pilot rediscovery)
79424029,14,83.32336314044966,1036.9240599946065,29.758843446653486,1.7955054149368266,-5.300936605463619,1.0,
56083321,4,3349.3985452042675,25.795676099432587,53.308959279320106,8.64860807104742,1.4478247394977757,1.0,
57303462,3,2073.1807563340935,41.67509260156215,28.448576082132377,3.2443267320609266,-3.338756007126989,1.0,
57303462,5,809.5717557437163,106.7230908032708,27.978444516250306,6.1906351055500295,-9.01603751622153,1.0,
117441491,14,318.09802453102213,271.6143871920649,33.45398682847281,2.0396060851644506,-7.193346480586001,1.0,
117441491,13,81.29213396049573,1062.833459901378,33.54500266745663,4.409371810692619,-6.904944654423275,1.0,
117441491,12,80.33484894677169,1075.4983812473085,33.74258996285016,5.671067189165797,3.4307524762587036,1.0,
117441491,11,299.4214804654914,288.55645181394283,33.91027671312122,0.672532706443917,-8.762396450983147,1.0,
117441491,10,138.22680036642763,625.0596828615063,34.24045030410707,4.832290445196918,0.5066545544109431,1.0,
117441491,9,138.00538507265324,626.0625261435598,34.41290553828594,0.24443097605239927,-8.109323159794826,1.0,
117441491,8,277.328185161838,311.5442447711555,34.47653275575021,3.618841039955214,-5.829029020279904,1.0,
117441491,7,297.2983014836703,290.61720019529173,34.54563439387039,1.4041283448727881,-8.586928205701156,1.0,
117441491,6,331.21249318137137,260.85972533858353,34.631206705358636,4.9488329544306,-12.666621924738706,1.0,
117441491,15,164.99830441646387,523.641744717098,33.424116847922505,2.5379911460765925,-6.697383771425507,1.0,
117441491,5,102.88200538255052,839.7970051102253,34.95346484323136,0.5749079308554883,-8.05787014871646,1.0,
117441491,3,300.4649574641484,287.5543315573141,41.77259612911121,3.2252616980309767,-17.594101940195515,1.0,
117441491,2,136.04689761584845,635.0751212568264,43.135222801241525,1.757467790941746,-1.4225165721844633,1.0,
117441491,1,300.46565508123183,287.5536639175665,47.142833691659234,8.297073088008801,-12.16849531967,1.0,
86201595,20,97.39874505096378,887.0750845382175,31.802960616521204,8.11119825326287,-7.094470387611835,1.0,
86201595,19,7284.1083193243185,11.861438107775772,32.120510029831394,1.578449770474407,-3.277712927447368,1.0,
86201595,18,63.47497098512765,1361.166435511152,32.31121506647685,3.064237948410579,-8.183466392219628,1.0,
86201595,17,61.53594150763897,1404.057496857742,32.60164605838031,2.2888545425257973,-9.144759507157204,1.0,
86201595,16,3751.2780383233326,23.0321504077627,32.633433041913804,6.159150230453207,-5.423650619325684,1.0,
86201595,15,196.4982887010801,439.69848577884886,32.758731244607134,5.359928856306368,1.1112259379745808,1.0,
117441491,4,136.37200438916756,633.5611211919902,37.86778177075939,0.24103245012520347,-6.6939203501010525,1.0,
117441491,16,135.8324357353885,636.0778228869688,33.264071851888275,6.288148679973347,-6.014691402517769,1.0,
117441491,17,331.0736080707335,260.96915578224144,33.161727695533955,2.0209027263426833,-0.5320772793559172,1.0,
117441491,18,136.26205061524993,634.0723599115603,33.06152588123905,4.1778567893979925,1.3394480314038901,1.0,
61563038,19,78.59378717514144,1099.3235356818077,30.8016901753831,1.4913688186921092,-8.169351772012732,1.0,
61563038,18,126.93109232221805,680.6842864053453,30.857405215019753,3.627471805237093,-1.95668632602181,1.0,
61563038,17,379.7178182757082,227.53738655810477,30.86937307125686,1.5006569324978045,-9.017716643011937,1.0,
61563038,16,279.09519875799936,309.57178906870615,31.199385519470525,0.8554664541142927,-7.119750172061799,1.0,
61563038,15,533.1256420639693,162.0631107997483,31.367071574668444,1.8604069161811765,-1.8787179738191924,1.0,
61563038,14,78.66534734413689,1098.3235047831972,31.472943083488417,0.1704359297624478,-4.552193574743171,1.0,
61563038,13,85.06163726986286,1015.7340344377702,31.672460688863566,6.348172203583914,-10.34220802472342,1.0,
61563038,12,100.53101576123396,859.4362580121958,31.746686382149846,1.9108414315610673,-0.469586647478053,1.0,
61563038,11,301.2259764806916,286.82785266209663,32.061827955845274,0.4224599993487743,-3.7334148564187615,1.0,
61563038,10,61.543983912696994,1403.8740183372338,32.477434886692436,0.44264418798096017,-4.338731022822685,1.0,
61563038,9,146.12606700938937,591.270276195474,32.6160475540953,2.998770732479926,-5.6675268691817,1.0,
61563038,8,61.456313241224215,1405.876718651646,32.64113887952158,0.32124153296319946,-2.423765004087585,1.0,
61563038,7,75.52685444961587,1143.9639665867144,32.655208080607736,4.866386794534463,-2.537013915082184,1.0,
61563038,6,75.4073098944638,1145.7775130941684,32.72687046585861,2.426822432137442,-6.980609972910344,1.0,
61563038,5,296.7691042128916,291.1354274197617,32.76486769950452,0.6817316028716789,-6.113090239242865,1.0,
61563038,4,66.11213810994397,1306.8704548069143,32.92454533490627,0.5032552154215466,-6.153138550176465,1.0,
61563038,3,95.36617632981539,905.9815893340772,33.21925856984626,6.255343340353619,-8.319297104595904,1.0,
61563038,2,513.7128776330809,168.18733530310905,33.92784425963009,1.0581669376585978,-3.3741277930339493,1.0,
61563038,1,103.66104865471914,833.4856835935227,34.83119864160881,3.069550390173845,-7.440796972702145,1.0,
117441491,20,136.72267095482707,631.9361624272716,32.406313029258854,5.969932634637871,-3.479054231511327,1.0,
117441491,19,103.00464919543478,838.7970899844519,32.874801518097684,0.6547182024054337,-5.267565633365393,1.0,
86201595,14,9837.502164431948,8.782717254425025,32.96508576112706,3.7993609499646652,1.9840750098975377,1.0,
57303462,4,128.50268378976546,672.3594982759519,28.180471569269002,5.6846327640394065,2.0939702310118093,1.0,
86201595,13,12743.476110749467,6.779939731445745,33.39085571206806,2.502430634116905,-6.054508977854226,1.0,
86201595,11,6192.42665637964,13.952526980838424,33.96877194617991,7.155829709523914,-8.860558477387116,1.0,
67251506,5,293.2603685183448,294.6187390970126,27.53085211565849,1.6263851504625677,-6.794484574265937,1.0,
67251506,4,60.47490002058023,1428.691903096941,27.56758863348682,4.246354694872991,-7.296784486413401,1.0,
67251506,3,1414.0135083020723,61.10266945310015,30.636389521134333,2.5525273208261297,-9.161630262591018,1.0,
67251506,2,1461.932503478316,59.09985570088361,30.94855182209676,1.251246487893468,-11.194575843705593,1.0,
67251506,1,60.390243677051295,1430.6946741602997,31.156151131216575,2.2538074001653854,-3.0810541033539494,1.0,
57303462,20,80.93791105536984,1067.484926079863,25.467851058432416,1.9659665503908457,-1.5664963262732101,1.0,
57303462,19,130.09616342692354,664.1241196058163,25.64952601407049,1.9062531415513035,-6.511578866367245,1.0,
57303462,18,170.21238075276585,507.601148740739,25.65358661536743,1.05493220980037,-1.5266838587942004,1.0,
57303462,17,160.9735926267308,536.7339983542907,25.6894087400957,0.6055230528882305,-7.950400900777652,1.0,
67251506,6,103.01095639249564,838.7457317724142,27.38057374028722,1.384155043178339,-5.7883010588350885,1.0,
57303462,16,678.5155564694406,127.33680042587399,25.69021607103798,2.3945252467974854,-1.952989685543315,1.0,
57303462,14,132.74668536888456,650.8637090252494,26.032891541589606,0.20446424643006367,-4.2373129961208065,1.0,
57303462,13,175.8187768339687,491.41508976365066,26.050409543986916,5.885839216218727,-0.17722069517083128,1.0,
57303462,12,207.63769531795757,416.1094153337373,26.111698737474626,4.07414551231696,-4.119559809803462,1.0,
57303462,11,117.61242772887415,734.6162448000262,26.180233323388507,1.1374600210078256,-2.8244344959650505,1.0,
57303462,10,123.12472365079488,701.7274633244808,26.47989339346566,3.754263269782001,-0.5232103726571609,1.0,
57303462,9,166.3397787973844,519.4187501309734,26.821002160386115,4.196955759824533,0.6252512462433515,1.0,
57303462,8,282.71183529934245,305.61154225650824,27.403873089334525,6.6994218620335175,-1.1082137771384168,1.0,
57303462,7,824.1477644255214,104.83556921400593,27.740778241272892,4.440250533065665,-6.437115575441794,1.0,
57303462,6,2124.2964220780987,40.67228994128746,27.961300513029755,5.281943927998697,2.5949904632057894,1.0,
57303462,15,281.7872766163029,306.61426959190567,25.838872595273415,7.661972866332633,-0.4229229042413465,1.0,
67251506,7,67.09404148667613,1287.7447547582558,26.97642173654276,3.9093128450190306,0.8239821386159178,1.0,
67251506,8,119.09099933282931,725.4956334570154,26.810450655661498,3.9802499232672517,-7.307164026822932,1.0,
67251506,9,608.8341298335142,141.91057262776332,26.225705153378613,0.14792382562916373,-4.640007369570355,1.0,
86201595,10,5777.231941218778,14.95525900276956,34.19278154576966,8.452907201182057,-5.886135834795056,1.0,
86201595,9,217.01406836669082,398.1308707323484,34.41011168919749,5.857008606629165,-20.31116527623206,1.0,
86201595,8,367.63771095627936,235.01397551209038,34.55353897155487,3.3487173723612784,-11.716878163005163,1.0,
86201595,7,4120.424821907052,20.968711658234202,34.59373281583123,3.5938729441634507,-13.048723313357954,1.0,
86201595,6,191.97806362827828,450.0514192459712,34.71418382229672,2.1732859315127087,-22.235400769359643,1.0,
86201595,5,8829.43445471126,9.785451202245257,34.81608182306002,5.724722071854671,-0.22722077222388748,1.0,
86201595,4,4809.838700159864,17.963180344723064,35.57070488633656,5.9552955388656414,-12.438754481724288,1.0,
86201595,3,84.77570592552806,1019.1599003127006,36.1460332445705,3.2255838588463916,-11.250913241328732,1.0,
86201595,2,65.16713414126566,1325.8216912332975,37.032900433848454,3.434835233214585,-10.547640054030751,1.0,
86201595,1,4327.363916760336,19.96596580781286,37.211020098795416,3.3463639527138582,-10.297219305007985,1.0,
67251506,20,255.42061017231546,338.26557669606854,24.846747079110628,2.90191710609912,-4.297713054317285,1.0,
67251506,19,108.6861265227574,794.9496662015,24.907829415079732,8.766574805944174,2.9847162289112816,1.0,
67251506,18,398.8241325075181,216.63684054618062,25.08996468693408,1.974615955426998,-5.464385676702534,1.0,
67251506,17,105.06145685053443,822.3758035538843,25.14002421782925,4.879646593733412,-13.904940286443718,1.0,
67251506,16,613.1669700679497,140.90778567284104,25.200565557785467,0.41990937181293475,-3.5220023373825597,1.0,
67251506,15,70.72685694945751,1221.6010116460109,25.26849266398176,3.7055662386450763,-8.49406271355997,1.0,
67251506,14,240.27417499408043,359.58920679731233,25.34320711040027,7.416130702187672,-8.17220053823064,1.0,
67251506,13,72.71329681788093,1188.2283403597974,25.516217516215193,7.550408556743548,-2.9844957897927316,1.0,
67251506,12,73.55848744422484,1174.5755384857816,25.571367214745806,3.110383922761912,-6.968140098280685,1.0,
67251506,11,256.1779570298352,337.26555165688046,25.58956081825022,4.284487060075435,-5.110407542542248,1.0,
67251506,10,103.1342618574711,837.7429424898835,25.8596580866797,1.1436487568541338,-4.963018793376023,1.0,
86201595,12,97.18763496904906,889.0019808334204,33.45764743927748,6.482046800458676,-3.150134606841249,1.0,
61563038,20,151.35003361424592,570.8621130551737,30.780267544535945,3.159649473192218,2.6472435368334573,1.0,
56083321,3,2899.2077367069583,29.801244976717932,58.31234018989346,10.00400471991108,3.530196428659508,1.0,
56083321,1,3108.083821436157,27.798478086114493,65.18302739108526,11.051053249731012,8.307330815388013,1.0,
115261597,2,247.94987651036192,348.4575238188889,35.256452702378056,2.436207087107789,-9.314954236555195,1.0,
115261597,1,698.4346077219654,123.70521025841595,35.781592743084275,1.7792288758541872,-9.559460211166083,1.0,
89728490,20,5117.9127708742535,16.8818821007848,35.919472786951474,1.2484552201509587,-43.1262932176744,1.0,ZTF J1901+1458; published416.24-second rotator
89728490,19,406.43655391324546,212.57930461255268,39.748066759235826,8.551648191650258,4.854800251978872,1.0,ZTF J1901+1458; published416.24-second rotator
89728490,18,424.4390135651041,203.56281406432782,43.57690939534609,9.003975446676407,-1.6219680257528921,1.0,ZTF J1901+1458; published416.24-second rotator
89728490,17,408.3575485879064,211.57928951912302,43.721079694617856,8.437682206016461,5.767286503676189,1.0,ZTF J1901+1458; published416.24-second rotator
89728490,15,426.53444681647267,202.56277223296763,46.56872106638343,7.145498057985094,-12.534707576276105,1.0,ZTF J1901+1458; published416.24-second rotator
89728490,14,408.3628570442462,211.57653912348482,47.863397625071684,10.226861359937232,3.077744995807336,1.0,ZTF J1901+1458; published416.24-second rotator
89728490,13,424.43342271092496,203.56549549785504,47.93313919974389,11.399633571954325,2.4559585802128936,1.0,ZTF J1901+1458; published416.24-second rotator
115261597,3,1207.4185866249563,71.55761966652351,34.968158954308365,6.519330988594334,-2.115913655373447,1.0,
89728490,10,412.2599701531061,209.57649603455934,70.11364643924253,22.387877147859058,19.42703560489622,1.0,ZTF J1901+1458; published416.24-second rotator
117035812,19,68.4971964470544,1261.3654935028435,31.80097422698782,0.2219760049542856,-9.87305609150485,1.0,
117035812,18,102.05864559166913,846.5720811706782,32.011165765658006,0.34486344923038814,-4.597499377677082,1.0,
117035812,17,12342.185794633864,7.0003807621795,32.39547831519258,5.348019394485277,-1.7050684979151356,1.0,
117035812,16,1031.0382440384249,83.79902539946912,32.52992146500446,2.0705567105680984,-9.186293325624092,1.0,
117035812,15,61.93664340339504,1394.9738838327814,32.600796665085,5.222505265430414,-9.039564170095446,1.0,
117035812,14,203.32104940362106,424.9437048127947,33.25596837351304,0.5480505379532588,-7.039464759938937,1.0,
117035812,13,1056.2820915145824,81.7963313910896,33.42026863979754,1.1107034926932329,-8.501557672523973,1.0,
117035812,12,106.46965937252374,811.4987923244635,33.46013306816394,1.64976415699266,-10.712766956608448,1.0,
117035812,11,100.22795488869895,862.0349491910256,33.65726830739641,10.822968687671164,-3.703076029642716,1.0,
117035812,20,98.73830053168808,875.0403798196998,31.781312068209445,3.1567105480155533,-4.920832514917038,1.0,
115261597,4,709.9284363894568,121.70240769536123,34.83143927396736,1.1111192543190782,-9.96309106672794,1.0,
115261597,5,258.0436482469716,334.8270751361693,34.56681394772386,7.738348092350009,-9.213974862590533,1.0,
115261597,6,1224.5302199423559,70.55767068293932,34.36559225246015,9.303353374516973,-8.157838527736658,1.0,
69528750,7,64.20154702387192,1345.7619637712792,30.584114918261207,3.0436252539598883,-3.6108808643240877,1.0,
69528750,6,64.2494202100125,1344.7592167771127,30.97788099507011,1.9924812281548867,-2.507275857387441,1.0,
69528750,5,78.31347308398276,1103.2584381405907,31.124217749933734,1.3660146454675584,-10.210311129699193,1.0,
69528750,4,61.99049530547273,1393.7620529444669,32.09395864076572,7.25134839115249,3.368883067144793,1.0,
69528750,3,81.4825330635264,1060.3499517208159,32.65547553322119,2.6700972585874894,-4.299770525722153,1.0,
69528750,2,81.55965980188599,1059.3472337902283,32.839995664711694,4.244400904518059,-2.2414639098762876,1.0,
69528750,1,104.97037189648424,823.0893959793028,32.87734527308106,2.4893743663585184,-4.753128667335702,1.0,
115261597,20,136.83466168807243,631.4189616440678,30.683899018201828,2.756689835674024,-8.720515552276936,1.0,
115261597,19,136.26699805875947,634.0493386575054,31.05493627335227,4.215612648611682,-0.6202183910679651,1.0,
115261597,18,1670.8610041225802,51.7098668212508,31.200871123693105,0.3408400568836214,-5.24092916059692,1.0,
115261597,17,320.9667714655117,269.1867435544922,31.22894014254757,8.255477580938532,-9.084972260122697,1.0,
115261597,16,93.17150236240369,927.3221726524815,31.61361751651475,5.3979795842001295,3.0908797943906734,1.0,
115261597,15,1193.6974309209015,72.38015075004812,31.699674231383824,3.809917922023942,-10.484710623947478,1.0,
115261597,14,165.5461688982142,521.9087857788053,32.0991619761171,8.620247178698833,-21.45585048081665,1.0,
115261597,13,73.1998882483179,1180.329670817297,32.18318227198165,3.8564876534211407,-12.406760006101308,1.0,
115261597,12,80.2438565477006,1076.7179410007532,32.427886506747654,7.0461968424866654,0.6098820503964362,1.0,
115261597,11,93.16999291285,927.3371962238682,32.488129905761525,3.100177162700618,-18.29114955258501,1.0,
115261597,10,206.07278496583928,419.2693373572961,32.92168087936807,4.419613562939276,-8.745784544326057,1.0,
115261597,9,822.7144617342094,105.01820986333027,33.25353978732528,5.872618813882923,-10.929445573044006,1.0,
115261597,8,721.5422722945102,119.74350404342535,34.29902443414858,2.7768481142120436,-7.8866556007876625,1.0,
115261597,7,704.1424179868665,122.70245023303158,34.35992613977942,1.9594878028098037,-6.193129962339867,1.0,
117035812,10,60.597296085410456,1425.8061923789676,34.148930240083246,1.7009118953967572,-2.0753021440567636,1.0,
69528750,8,74.71743844013643,1156.356558840325,30.41625999841449,1.264184699301353,-11.8060416391059,1.0,
117035812,9,278.4571644826747,310.2811168838707,34.545398878125525,2.5222047298910866,-9.84114417083424,1.0,
117035812,7,86355.28545816599,1.00051779739476,35.95659546453771,5.0525285357080065,-2.8668092672825196,1.0,
67563979,1,83606.1576714006,1.0334167052572865,38.747115852111165,6.622881216400913,5.378195998133094,1.0,
116283878,20,64.05292887579034,1348.8844540980238,25.589264626755607,2.597352850365553,1.4927339077413535,1.0,
116283878,19,73.0197117370273,1183.2421403026128,25.652174662067296,0.7030684968854359,-3.1443006282161576,1.0,
116283878,18,794.3809521671354,108.76393720707152,25.785392489566334,1.4227245664278172,-7.469445801209531,1.0,
116283878,17,112.81298368119106,765.8692925290052,25.917462629847478,4.255996197596005,-1.8106829735473156,1.0,
116283878,16,60.44288546358468,1429.4486329917825,26.09495283576325,0.8507558078985085,-1.522933246532503,1.0,
116283878,15,891.6844418145841,96.89526467925737,26.12778316190429,0.09608918212893514,-4.246810178818265,1.0,
116283878,14,64.21955294135392,1345.3846382098225,26.153752915455357,2.448322974418474,-3.2295492160887562,1.0,
116283878,13,100.87403775802832,856.5137464532952,26.21951969399197,0.13930497335726955,-7.531592126510489,1.0,
67563979,2,90.4438057786659,955.2893009769856,38.55819252947185,1.8141463672176883,-3.543185736257726,1.0,
116283878,12,63.6086575246096,1358.3056672210485,26.268593061766467,3.6634880043910982,3.1977377700171985,1.0,
116283878,10,63.964844108023925,1350.7419771724535,26.531807420133873,0.5106668090197246,-3.1035853133546425,1.0,
116283878,9,110.92908795544292,778.8759611428919,26.539011740848593,0.9565554233020208,-1.132351029563182,1.0,
116283878,8,253.41127276176024,340.94773708519,26.60917675065855,0.609375639126398,-3.1774650125766186,1.0,
116283878,7,61.04661450421236,1415.3119006138859,26.628637552518512,4.670462225335257,-11.624950680758587,1.0,
116283878,6,124.49916060472148,693.980582522284,26.7587723858486,1.1053866385483815,-8.918940693972786,1.0,
116283878,5,124.14091191817606,695.9832875800695,26.901364874926344,1.6726264071504033,-11.861105050744854,1.0,
116283878,4,114.34284055486994,755.6222985254512,28.375547263111798,2.1337159193772095,1.0249946351036812,1.0,
116283878,3,112.96085707571181,764.8667178763574,28.721151507161437,2.7113972618865603,-13.162068310629977,1.0,
116283878,2,62.94273185103583,1372.6763592733723,29.022779092515748,1.2004115348117637,-4.500808756997515,1.0,
116283878,11,120.65424094656854,716.0958398326177,26.434694420190112,0.7788705304792813,-1.6186165694591352,1.0,
67563979,3,204.88743317478307,421.6949700682465,36.63375269574544,10.431898422001666,6.591544794979143,1.0,
67563979,4,90.7239434295767,952.3395559526895,36.61676747930778,2.185045129936327,-10.0281045847006,1.0,
67563979,5,2820018.841482787,0.030638093167693246,36.48197863996029,8.429848797366787,0.5800306654410292,1.0,
117035812,6,100.46135671704681,860.0321837514981,36.05548234764683,7.721840296615255,-2.7475137646008534,1.0,
117035812,5,64.76368540306864,1334.080966243255,36.28299964233793,4.179654489714949,-3.4221325303647063,1.0,
117035812,4,175.72961601918556,491.66442149721166,36.37583102057306,2.40284106068691,-10.691756020619664,1.0,
117035812,3,106.20754579995399,813.5015205297912,37.28668554849855,2.4500136319245485,-9.09821106162451,1.0,
117035812,2,1043.4908743545443,82.79899913206533,37.9066833369302,2.9704762935198232,-14.792118586726474,1.0,
117035812,1,64.8610558303859,1332.0782231164915,41.1387875448072,4.717047286025149,-6.627708846440896,1.0,
67563979,20,244.87800733319423,352.82874497765533,31.700522233139054,0.7724191470015853,-5.91113295570625,1.0,
67563979,19,90.53858223465036,954.2892970874634,31.70149847574521,1.1981283120259718,-10.285577634564959,1.0,
67563979,18,87.00881564043543,993.0028280932893,31.709028109532937,7.129871442318802,6.743444826440225,1.0,
67563979,17,779.3428814199658,110.86262806760853,32.17567534972477,2.7745097553558935,-3.9418247941703157,1.0,
67563979,16,676.7206507946255,127.67454325288664,32.21482763855738,2.7710391650712722,-11.48330355560637,1.0,
67563979,15,98.27738507844728,879.1442703836037,32.36408521578187,9.899636459660712,-2.7574762746028227,1.0,
67563979,14,169.76650960853334,508.93430158416294,32.52795795219572,5.850871930683809,-4.728036314042868,1.0,
67563979,13,81.72549792362824,1057.197596773776,32.574722926594404,0.42795773875286613,-9.630285306883309,1.0,
67563979,12,71.02054697633785,1216.5493463291148,32.686194434963,5.086624511559137,-2.3847841084275956,1.0,
67563979,11,682.0627444725625,126.67456286124074,33.0773727399137,1.8244507295093513,-9.128774620135289,1.0,
67563979,10,72.6104664465509,1189.911099987213,33.62778399749186,1.0019543436910112,-9.117433180648959,1.0,
67563979,9,90.3489688180575,956.2920432881771,33.90356588119903,1.190292150498692,-7.709280371552097,1.0,
67563979,8,246.2759424971265,350.82598456001483,33.94934113245199,0.7370343505703545,-8.680607547963461,1.0,
67563979,7,687.5051265845401,125.67179015700866,34.19439577751746,2.0632084778233093,-9.50449929414691,1.0,
67563979,6,204.40274286327983,422.6949149003882,35.416018622823685,11.628755825985479,0.20803391765014112,1.0,
117035812,8,122.93371858128022,702.817754128822,35.20882623473608,3.9176058544176158,-7.933832949361886,1.0,
56083321,2,3224.396935233905,26.79570838685602,59.10350035357578,7.373501328548855,6.412735336104106,1.0,
69528750,9,72.98155957715404,1183.8606971485772,30.172175488603045,3.996330434315155,-1.29845888489794,1.0,
69528750,11,78.24236142017517,1104.2611499928648,29.906960488158404,2.682621250517741,-8.225428715711999,1.0,
57426677,15,256.730232151731,336.54002988217,30.87334003425201,2.453719806226559,0.8169446031276095,1.0,
57426677,14,68.30930662002947,1264.8349730820723,31.265023063080776,5.302526321604915,-9.20375018470159,1.0,
57426677,13,1006.0348703654994,85.88171498330897,31.387003989028813,5.351767526041584,-4.830453577481734,1.0,
57426677,12,95.79592109213351,901.9173156329192,31.577666229468377,3.1298475491316253,-5.33793276531128,1.0,
57426677,11,97.94861260122315,882.0951895639313,31.64901284386906,1.168393603511845,-3.5820717974463037,1.0,
57426677,10,64.34697309976251,1342.7205016473242,31.816907118560493,4.495473762565467,3.0895153776219217,1.0,
57426677,9,63.44864445940622,1361.7312195736163,31.879165249561538,16.105977446270714,-24.331298142055772,1.0,
57426677,8,77.12939518043055,1120.1954818637241,31.973216946940738,4.361923130148483,-8.495688068551459,1.0,
57426677,7,82.28936441695923,1049.9534248704636,32.95509329173092,3.0924962288356426,-3.0726569735582814,1.0,
57426677,16,412.21317101155955,209.6002895491593,30.733433761758533,1.07023102466448,-10.62988952857637,1.0,
57426677,6,77.06060783675527,1121.1954126163816,32.96697330966197,3.1772976101322854,-13.10171495266897,1.0,
57426677,4,118.8609293183712,726.8999198935758,33.92317500802574,9.064342710532571,3.7271806289668064,1.0,
57426677,3,414.1892310190415,208.60030519728298,35.545037377635936,1.4337624290725728,-7.299487858736683,1.0,
57426677,2,86124.58277763381,1.0031978932551382,36.11238441574062,3.5552606477365316,-0.6664610482340834,1.0,
57426677,1,86437.58383820823,0.9995651910136847,38.3851210393334,3.6210225163348184,1.5113666530116348,1.0,
89905789,20,418.17352470150354,206.61279324575412,30.447481995678118,1.402600871944685,-10.450537193365278,1.0,
89905789,19,433.23313020753017,199.43073134460448,30.52731710998819,2.392773925008896,-5.766470066164175,1.0,
89905789,18,159.64737210479777,541.1927478723809,30.57392449928443,4.277546373944688,-12.981657669748074,1.0,
89905789,17,121.12141493403935,713.3338068008202,30.69777162115406,3.7373687518341967,-1.6595766856153773,1.0,
89905789,16,343.0640872853943,251.84798759808405,30.818986218129794,2.580368406188427,-2.3056348142712295,1.0,
57426677,5,94.40268134817197,915.2282410426795,33.058987119832295,1.5971692525833134,-8.842067878364333,1.0,
57426677,17,86.8611539558644,994.6909068684637,30.576411103360897,4.447086737886963,-2.7976114824412264,1.0,
57426677,18,278.8838470569727,309.806397580099,30.444479570524095,7.925737294802246,-0.8989031002940919,1.0,
57426677,19,118.69764847078164,727.8998456424184,30.387277997617275,10.259559100316181,3.4326770964800346,1.0,
74858700,20,223.98581380191803,385.73871502597876,30.44112832127189,11.6777796276495,-0.3247195076360754,1.0,
74858700,19,74.13589206434577,1165.4274008736509,30.45769483602089,2.1509195519455204,-10.619103599942406,1.0,
74858700,18,69.83995843314422,1237.1141383583188,30.506659107618134,5.4811903501814925,-14.637884706887888,1.0,
74858700,17,88.78910976818261,973.0923108203216,30.712233371893262,6.396481762912515,-3.634752329111251,1.0,
74858700,16,77.12254646651233,1120.2949585892636,30.781724678496857,2.1691738311021993,-10.589578846334405,1.0,
74858700,15,79.19827960533975,1090.9327883199965,31.02000565619585,2.121150769453237,-2.6335373320323754,1.0,
74858700,14,85.88848641757663,1005.955554740323,31.475485749562722,1.7612789152873631,-7.790004799462878,1.0,
74858700,13,593.4341278905587,145.59324437089657,31.51036440163125,7.974639023840837,-4.057199090082634,1.0,
74858700,12,97.06161661490427,890.15620193918,31.72231250527284,2.6173804448405065,-3.808250770940873,1.0,
74858700,11,118.17241364298863,731.1351045179084,31.76635012762449,2.3936301052980014,-10.472421346175736,1.0,
74858700,10,77.1855897240524,1119.3799297108462,31.824594370444174,5.013398024806719,-12.481379513104173,1.0,
74858700,9,64.75146106136505,1334.3328256040215,31.90491218105217,0.7196266938285589,-7.988181635748532,1.0,
74858700,8,94.07827759046972,918.3841606465854,32.1843783602377,1.1412461748386136,-1.0730723887081126,1.0,
74858700,7,84.14039809486972,1026.8551368461858,32.711510900000235,9.230458776591632,4.50620787473062,1.0,
74858700,6,219.35648732055583,393.87939265155933,32.78767583702165,1.4970568710864143,-11.773292938509059,1.0,
74858700,5,64.82470013063777,1332.8252938445173,32.84246895659942,6.567654240372548,-3.947517257729288,1.0,
74858700,4,65.1427913634152,1326.317128751763,33.68122216347001,5.044289345696285,-6.176024851961216,1.0,
74858700,3,118.2015692428137,730.954762728354,33.903244585538005,7.650983529598278,-8.54183599105508,1.0,
74858700,2,140.5652485863462,614.6611688800617,36.06864792393242,6.602378129153806,-8.629280490249897,1.0,
74858700,1,79.27114257532382,1089.930045071601,36.11090313150453,2.851799096297526,-3.324232571058957,1.0,
57426677,20,103.06577462382246,838.2996228898438,30.23545851604638,4.268105660486782,-5.105028965458047,1.0,
89905789,15,153.5648354080005,562.6288060703947,31.07281771219732,4.468626215679365,-18.68929768679891,1.0,
69528750,10,105.22641291274887,821.0866227250447,29.950023507014862,1.1199286824223549,-3.6367891573430313,1.0,
89905789,14,70.70635207658317,1221.9552764710415,31.378712866000114,1.311924223012909,-17.2759212668945,1.0,
89905789,12,141.87628791725285,608.9812559121328,31.538641360760266,3.4487596336081197,-3.7930914602602,1.0,
55917078,6,1146.2565286335062,75.37579751279634,31.009085506328006,1.5351300649639938,-4.125199293061058,1.0,
55917078,5,73.62376469543698,1173.5341211824077,31.08042341864791,2.958179653010717,-6.030490559633392,1.0,
55917078,4,265.9890612525397,324.82538790559016,31.540561664989355,0.9052763660240828,-6.599649827410985,1.0,
55917078,3,81.55664339697996,1059.386414169166,31.709628330754526,0.3892867464827532,-11.960411727848395,1.0,
55917078,2,94.68144052715276,912.5336445976674,32.18392703953191,5.918999082212679,-16.02156158955779,1.0,
55917078,1,100.00261677724836,863.9773916361846,32.486348690484306,6.443899275968704,-13.76965867543538,1.0,
57772249,20,687.1392627102384,125.7387034750687,169.96886010764115,14.693362502708396,-44.451873597679594,1.0,GALEX J0718+3731; published11.27-minute rotator
57772249,17,665.9036069363972,129.7485087931839,207.46005912151736,8.148898729725772,-44.9059038875713,1.0,GALEX J0718+3731; published11.27-minute rotator
57772249,16,687.1434236715263,125.73794207088505,209.2872121858975,22.51148944640488,2.033080111968445,1.0,GALEX J0718+3731; published11.27-minute rotator
55917078,7,81.73803721748618,1057.0354138809255,30.97323387171889,5.76266383585704,-8.342574965817164,1.0,
57772249,12,676.3432860493358,127.74577907719122,222.19872847433794,7.464947558949348,-37.655131122878174,1.0,GALEX J0718+3731; published11.27-minute rotator
69528750,20,508.4105116704026,169.94141154975222,28.785405073923698,3.027930505396668,-3.0961193203813053,1.0,
69528750,19,69.5695853822139,1241.9220198786602,28.85861414835506,0.2921821857237745,-1.4919538680491655,1.0,
69528750,18,106.75305899205615,809.3444891956615,28.954863138403255,6.232246199345113,1.1521746484779385,1.0,
69528750,17,74.78228288748964,1155.3538707823252,28.985448397035668,2.1074599556558695,-12.0609570629356,1.0,
69528750,16,105.0984068837083,822.0866763052067,29.006858835285698,2.4208288521213603,-2.260320767873651,1.0,
69528750,15,323.75713851672543,266.86670260256375,29.05192414714395,2.098029927629568,-4.49415041399466,1.0,
69528750,14,1029.6853499480612,83.90912816653956,29.531899952589924,4.409198260369038,-1.7559578992286475,1.0,
69528750,13,61.945929016172094,1394.764779093776,29.614222603342,7.4053011162042,2.7974495350041053,1.0,
69528750,12,104.84264889543759,824.0921124204813,29.633607574178654,2.1900879701036473,-7.004003725765131,1.0,
57772249,10,676.3700213779341,127.74072958464613,249.39736098203548,21.822568053491352,4.988385177867713,1.0,GALEX J0718+3731; published11.27-minute rotator
55917078,8,78.08324995133188,1106.5113203388926,30.86705570074639,0.5362502047344719,-8.616348679817236,1.0,
55917078,9,4583.67075739072,18.84952139302075,30.715358740969577,2.4360131493079393,-2.108850472287429,1.0,
55917078,10,79.08408443655732,1092.508064240304,30.61375996388108,2.119116353924369,-17.653555854795343,1.0,
89905789,11,62.524842531727245,1381.8507412658846,31.70958389885891,6.8231662200752226,-5.079802353129367,1.0,
89905789,10,62.343593903209694,1385.8681316020793,32.23000551360292,1.003214159298068,-8.181205854659368,1.0,
89905789,9,70.82242663740074,1219.9525503743878,32.49735823683409,0.26966092521672635,-11.696153460247103,1.0,
89905789,8,62.52667732171971,1381.8101920792053,32.56074767732184,0.8625611300746527,-10.243554738596686,1.0,
89905789,7,85.30174608219806,1012.874928922834,32.97500552491806,0.5717031045954855,-6.084827375815166,1.0,
89905789,6,154.1134251600026,560.6260448127629,34.06557405492549,6.967839004467123,-23.991514404306145,1.0,
89905789,5,149.32484490864093,578.604317673062,34.37109323353707,4.6856839337926885,-17.723375809201173,1.0,
89905789,4,149.5833700250901,577.6043151421702,34.420278954039986,4.172605416925194,-5.6913834909720435,1.0,
89905789,3,149.84349985024116,576.6015882327307,34.92060016625419,4.602661537036511,-10.874909511440706,1.0,
89905789,2,193.53275586255478,446.43605479043816,36.909344693974845,4.248785965589377,-14.423444908982162,1.0,
89905789,1,149.06651540733537,579.6070282041916,40.271169076873775,2.357938794912968,-16.21899313517082,1.0,
55917078,20,142.6264776414085,605.7781235909567,29.848720067619638,0.8320102612989899,-6.497111830390736,1.0,
55917078,19,63.702428988745325,1356.3062095366063,30.003480397416183,4.290559301600467,-13.447001295675307,1.0,
55917078,18,62.07534372210403,1391.8569728230816,30.104695673954325,6.662188102694586,-8.174202741576806,1.0,
55917078,17,60.81936154230156,1420.6002465169977,30.113748845913847,1.0615807535291992,-12.951788947038636,1.0,
55917078,16,1291.0067698882588,66.92451350001691,30.130637583746307,1.7099681107134757,-7.1929058403364365,1.0,
55917078,15,108.96801425359587,792.8932227665042,30.165248193057323,7.062429608787454,-10.61378781962037,1.0,
55917078,14,100.5849038902412,858.9758170299607,30.185137977640466,8.411197673282118,-16.885758330772546,1.0,
55917078,13,109.24394144292285,790.890541468991,30.275114723493857,5.844202130848117,-12.267908690897087,1.0,
55917078,12,120.93713328467928,714.4207709688241,30.319070422734853,6.6848031845003675,0.5777195961967436,1.0,
55917078,11,64102.673530889915,1.347837699130683,30.400812991338853,4.248889376058685,3.067013219341362,1.0,
89905789,13,428.03974565987676,201.85041430394182,31.435359821032762,6.068180940495097,-20.364715954987446,1.0,
56947585,1,69.5413801240929,1242.4257304905911,36.09881310955939,6.569648395371701,-4.933698361373331,1.0,
56947585,2,1038.7565102916762,83.17637400485647,35.52822409477699,1.0996562900113531,-17.085913895110423,1.0,
56947585,3,71.08670532709645,1215.4171388650152,34.56077143508719,1.1926564570902087,-11.393904677459659,1.0,
56083484,20,260.04614559436175,332.2487237890955,31.535437515567537,2.586083593359035,-8.046639510632303,1.0,
56083484,19,213.7619780400005,404.18787659156243,31.55619580647908,3.1499131281483415,-11.511104955606697,1.0,
56083484,18,78263.56082501316,1.103962036600645,31.631729711423986,3.082941302125846,-9.999472379385338,1.0,
56083484,17,104.19649618587984,829.2025467523204,31.64420191066938,5.089823847947628,-9.855629155098995,1.0,
56083484,16,103.9577787275786,831.1066382671684,31.789186726217395,0.8090390693872678,-5.292896380117838,1.0,
56083484,15,98.56508709599355,876.5781327403906,32.05840554968336,4.37630974289533,-12.109726961424826,1.0,
56083484,14,69.1034337788258,1250.299663494784,32.07196898475058,2.21363110229737,-5.686767461731392,1.0,
56083484,13,104.20889518725052,829.1038864268724,32.086631144255534,1.5085618004009689,-5.016766855513083,1.0,
56083484,12,201.98852174392462,427.7470781707858,32.313226147421574,4.24839368594678,-17.882072614997014,1.0,
90218488,1,67.83053415946006,1273.762636114375,38.04363507659332,10.610373836174745,3.0557636774315142,1.0,
56083484,11,194.67205735704397,443.8233261260272,32.63451040665336,3.1616544137945084,-3.826391654324368,1.0,
56083484,9,28090.34124685178,3.0757903309445647,32.8841396715502,8.621892266933344,-16.542875446529138,1.0,
56083484,8,97.5584118302286,885.6232730638698,33.18608100673373,6.04430653453386,-1.7034078994545325,1.0,
56083484,7,103.78265744183678,832.509035032384,33.64493008847512,3.072234925401517,-5.182690626491819,1.0,
56083484,6,125.0872357482711,690.717957616984,34.090369203741375,2.4001440820346716,-1.8138033790116879,1.0,
56083484,5,247.66071133772982,348.8643779359016,34.74328381524697,10.312133937442013,-5.943210241417887,1.0,
56083484,4,201.51742137145186,428.74705031452896,35.00386874920696,6.2231544045643545,-18.270589572202994,1.0,
56083484,3,257.73441542790556,335.22880464587445,35.09632733850208,7.461534519447639,-7.690012013803937,1.0,
56083484,2,69.10402185625513,1250.289023404783,35.57680419731287,2.57548630872634,-3.4864681366088917,1.0,
56083484,1,311.07980321083267,277.7422356199797,37.057213607854464,15.949206365428722,-4.138048355703631,1.0,
56083484,10,256.9679001391857,336.22876613460966,32.828788235624415,12.02185673002026,-5.564088011102001,1.0,
90218488,2,67.8839711329355,1272.7599543462923,36.18982590775386,10.977708154975687,1.6180292960553402,1.0,
90218488,3,25880.81388971087,3.3383803294667262,35.181993717931846,4.543191574514481,-17.35164769246387,1.0,
90218488,4,72.57073527147978,1190.562554958088,33.9034628885197,1.3213173056265646,-5.590615622840403,1.0,
70017474,5,117.2403844458143,736.9474299185023,33.74068624677773,7.3917380081552295,-6.694438181199359,1.0,
70017474,4,80.43019226029575,1074.2234672321085,33.89829682356526,5.005129704659652,-10.247702140976685,1.0,
70017474,3,363.7023039777614,237.5569223924491,34.52360852921731,15.938805466914843,-3.985569172230271,1.0,
70017474,2,176.86904555100693,488.49701049064157,35.244418241323274,2.699626914169869,-10.622709440030235,1.0,
70017474,1,177.23286331890566,487.4942399623445,37.78729759392991,5.8211476582345085,-10.968589866124034,1.0,
90218488,20,7173.889701011262,12.043675551328965,30.93339330241315,2.0467864252830736,-11.111170213060461,1.0,
90218488,19,101.72267270572125,849.368166425896,30.985066554374953,2.8053339329775895,-0.9269111842448865,1.0,
90218488,18,67.66364834995157,1276.9042478044541,31.2162230900376,5.208586046201731,-11.906524126028444,1.0,
90218488,17,268.7378713371309,321.50288148859914,31.390815273423186,1.3336642695876435,-10.4698145181207,1.0,
90218488,16,102.27040930890874,844.8191474332324,31.44799729248325,2.225774670499902,-6.93624279550977,1.0,
90218488,15,2521.8416231731935,34.26067648581525,31.604213459458606,3.466569629362425,0.5970369215786491,1.0,
90218488,14,95.7462145146553,902.3855453499444,31.70585163368355,2.368678720672108,-4.733257705145718,1.0,
90218488,13,140.0406771184891,616.963597847335,31.86476237821489,3.790703581175535,-9.128227778524547,1.0,
90218488,12,159.83932201302449,540.542833339594,32.01392749635329,9.862721661803164,1.4358023094678742,1.0,
90218488,11,85.05655066371486,1015.7947780130032,32.20274139677031,5.285313354297898,-6.792158217619715,1.0,
90218488,10,60.6249461542297,1425.1559049668867,32.48851519690288,3.8388989157399465,-3.2312368854624083,1.0,
90218488,9,75.29602830200211,1147.4708819097518,32.7049296511841,2.2289372758257286,0.748321188727914,1.0,
90218488,8,109.61610739662098,788.2053290524287,32.898053630362256,9.09882065446834,-7.539969075657098,1.0,
90218488,7,109.4768448505514,789.2079838247624,32.90695847999541,13.51514148719832,3.9870464148855262,1.0,
90218488,6,80.46027390768032,1073.8218477746532,32.939349635998724,4.40381196497475,-17.979290469886223,1.0,
90218488,5,345.22362041628764,250.2725621607659,32.99023643996634,4.802005288049884,3.673887297160718,1.0,
89509550,20,10998.65041917465,7.855509240422203,36.805623532124855,6.967501482711157,3.0692026882168193,1.0,
70017474,6,317.91338277561783,271.7721388312263,33.29220603002739,6.469752039436315,-3.2921551379675975,1.0,
89509550,19,21791.2867392969,3.9648874815727253,36.893331128225554,3.508099080624902,-12.863393036245384,1.0,
89509550,17,8619.198316203172,10.024134128295579,37.16416639275394,2.899996969721883,-1.9544643143547091,1.0,
70916622,11,65.22234836396578,1324.6993119268686,31.417138856888414,2.1711898660100246,-14.55879580888319,1.0,
70916622,10,67.77471398355448,1274.8117243396252,31.657836037993206,11.286097692038027,-13.35150860875487,1.0,
70916622,9,780.0046520109083,110.76857013256851,32.21187652476101,5.822886200601857,-2.779772845463043,1.0,
70916622,8,106.57467852329576,810.6991378924417,32.264253081375045,5.201155697446779,-17.023728413387914,1.0,
70916622,7,103.29141140840424,836.4683841755513,32.51972143121293,3.8001490942908447,-9.221666482743046,1.0,
70916622,6,102.92160574501771,839.4738828118458,32.55550751871351,2.645941229586299,-3.3712788348736353,1.0,
70916622,5,1102.247727904698,78.38528292023867,33.716589376035586,6.663536600583029,-12.3489479255081,1.0,
70916622,4,504.9136791463345,171.11835857978306,34.12820047879859,1.3233397499915327,-16.186879746398176,1.0,
70916622,3,103.04469410789197,838.4711192362383,34.36138102435871,3.147968031741499,-6.87666716364231,1.0,
70916622,12,67.82791783978236,1273.811768836648,31.321607682149306,13.484900238216312,-0.37643074486771866,1.0,
70916622,2,228.2415392410637,378.5463429982665,34.56467385432029,0.4802592453102932,-7.679860539982684,1.0,
56215388,20,132.65783313837494,651.2996477929536,32.22452762382818,10.893347931021879,-19.369404067062305,1.0,
56215388,19,63.04356693904093,1370.4808308759439,32.27638882068641,0.9362258043652503,-5.40288151435459,1.0,
56215388,18,101.92176881259655,847.7089929518745,32.65434042594734,2.8545551117371133,-9.740214225662271,1.0,
56215388,17,1595.1886739335512,54.16287202375101,32.69044105108742,11.087846429696242,-18.460175027633966,1.0,
56215388,16,291.5707386533375,296.32603188869757,32.71568733926915,1.133988426535268,-2.854996244740846,1.0,
56215388,15,64.39902981144719,1341.6351186185425,32.77006869606521,0.933076147147375,-9.758155071666806,1.0,
56215388,14,87.39400394067792,988.6261769016484,32.786157851408916,7.587877986382466,-14.417558888428744,1.0,
56215388,13,1460.638868791597,59.15219829216218,33.38900025549219,3.5506844392883465,-9.626824551149923,1.0,
56215388,12,102.16348608620858,845.7033262069103,34.063430888119456,0.9059333516674428,-12.776301653038786,1.0,
70916622,1,187.70032080276985,460.30821700505595,35.66054734802651,7.627999890219314,0.9517943162514939,1.0,
70916622,13,2752.8580137620884,31.385563500939423,31.027994532901175,2.706962955704114,-9.034684053132253,1.0,
70916622,14,187.29233628564063,461.3109202088806,30.988486946708008,4.737305004721179,1.6687886700012768,1.0,
70916622,15,188.11007338428064,459.3055461920839,30.804004423406127,7.392295021395938,-4.580935195879647,1.0,
89509550,16,28900.332644631297,2.9895849664571315,37.22968087268782,0.8230979563116989,-4.06457604370928,1.0,
89509550,15,92395.48613031261,0.9351106165310207,37.30306015373867,2.1851284392452044,-5.797267745236638,1.0,
89509550,14,28956.020596086673,2.9838354242529004,37.389170523524626,4.6809921577111595,-1.2724469149181914,1.0,
89509550,13,87556.2129156021,0.9867946216824544,37.5107614714816,0.8040974479151259,-3.8341987974226868,1.0,
89509550,12,17212.514272539298,5.019603680901043,37.88730819380817,4.731797011275489,-1.9930804923475307,1.0,
89509550,11,17719.010755149466,4.876118717569523,38.024172561027626,0.4906999697999481,-3.778379369057916,1.0,
89509550,10,30068.71217938781,2.8734187046170687,38.099090627956684,0.3206363827082441,-6.140951813583797,1.0,
89509550,9,28638.950906825838,3.016870285545527,38.19273543285999,1.871553030940106,-2.9804438180314605,1.0,
89509550,8,43095.59181324501,2.004845423040363,38.959375416676494,7.045568172277058,-3.6549319806253493,1.0,
89509550,7,695.620126603415,124.2057219101398,38.965692398791816,1.1885870394299332,-7.53575776771811,1.0,
89509550,6,29409.06703151228,2.9378694641153027,40.96514147519656,2.2356166111765106,-8.563729898924294,1.0,
89509550,5,86435.77971491072,0.9995860543512335,41.80945078729019,0.34838541726242056,-2.21717535452467,1.0,
89509550,4,12361.547458202698,6.989416195030496,42.495975847988575,1.1257861226195018,-9.633388678329766,1.0,
89509550,3,1277481.3723582001,0.06763308011333868,44.336710037859575,6.429341895564505,-6.492337956775714,1.0,
89509550,2,21559.30515103995,4.007550308078104,44.70880958447174,2.261461748526756,-8.517922630313024,1.0,
89509550,1,17326.279355006558,4.98664475099982,47.80307965450993,2.1882933884015756,-5.998449170895583,1.0,
70916622,20,1448.9439360120043,59.629636352806536,30.126541727323456,2.438902531813767,-6.195874183111499,1.0,
70916622,19,1088.3253662572856,79.38802372779999,30.245517525595574,12.468810197845698,-9.834641474545066,1.0,
70916622,18,69.44708646284481,1244.1126676527351,30.40633900852208,5.283353791388038,1.9099918627751151,1.0,
70916622,17,117.01301030772058,738.3794312511528,30.43323106759624,3.761943979594406,0.9395211939366277,1.0,
70916622,16,73.47001797941167,1175.9899122960835,30.453723481184852,1.426909099484476,-3.296967683205139,1.0,
89509550,18,21694.178884040284,3.982635178857206,37.02240677847203,2.883153375912002,-1.8948299612844153,1.0,
56215388,11,1436.2892062114122,60.15501587448573,34.206048700718384,6.797484002247131,-7.377724312396083,1.0,
70017474,7,366.7945947707426,235.55418000094178,33.10242281982448,12.337172604701365,-6.475945422939276,1.0,
70017474,9,420.8583220730192,205.29474045902208,32.82546909966834,2.5992641624010844,-0.8242898564649295,1.0,
94447419,2,100.01496119987758,863.8707545697249,35.704945669369465,1.497220105907033,-1.884835557051531,1.0,
94447419,1,99.8990022952122,864.8735023867284,36.311568357934334,1.9444395496425386,-0.8317337855745706,1.0,
57829633,20,2732.6426686641107,31.617745338887577,38.29466502242735,4.025169927852772,-5.881635980374739,1.0,
57829633,19,2732.7091991857737,31.61697557345047,38.563933585109226,3.7890834535951683,-7.930387607554422,1.0,
57829633,18,2570.1055455638816,33.61729643715617,38.87606058723236,7.679792089339941,3.498624338301312,1.0,
57829633,17,3020.3326513165866,28.606120574943148,42.37785703200507,11.371774838045553,-0.5675569168688526,1.0,
57829633,16,61.76016121308858,1398.9600788426958,43.38386184032265,4.8398536826052805,-3.3737736696102445,1.0,
57829633,15,2648.9030860299727,32.617274846959944,43.9408688948306,6.029715692638632,3.8878036083558243,1.0,
57829633,14,2824.9871140550385,30.584210303168373,45.24533433492411,2.469859651814744,-0.4781565361678588,1.0,
94447419,3,98.7342040882912,875.076684901804,35.331701202592626,3.4022426401894847,-16.63819064806009,1.0,
57829633,13,2821.890360713442,30.617773533255203,47.98690459038039,3.20550292129343,-8.286996546484062,1.0,
57829633,11,2917.8195117620894,29.611153003710807,49.19827604677994,11.947639223545508,-4.356304323543469,1.0,
57829633,10,3129.738273888571,27.60614225184126,49.564102969676924,15.343496698670606,-12.281852915451651,1.0,
57829633,9,2917.5104951978988,29.614289354643564,52.410247582106194,2.270628629439642,-6.815962643066456,1.0,
57829633,8,2918.0400704146286,29.60891485898043,64.56492778250754,20.073183969957512,-11.447708047901443,1.0,
57829633,6,3129.3919143958456,27.60919768551272,120.67427241907899,20.782902858671918,11.791299767254827,1.0,
57829633,5,3019.7238041285536,28.611888240200738,121.59435924595937,21.442365447488953,16.868066375156133,1.0,
57829633,2,2822.1822984075047,30.6146063097177,142.63722036449758,20.996689809993,16.338066755280096,1.0,
79656677,20,786.7236233574145,109.82255703887492,27.875274245106766,2.8353925334884167,-10.173803950126057,1.0,
79656677,19,116.68639995716016,740.4461876595781,27.9320785591176,7.456265156776496,-6.554393026399254,1.0,
57829633,12,2917.441976574412,29.614984871592455,48.126725485547695,5.111725846690632,-14.388942957147748,1.0,
94447419,4,86.72617307762614,996.2390468061562,35.08916164388762,4.284727067558109,-14.011877335662092,1.0,
94447419,5,86.81355222802725,995.2363171715286,33.95178805407795,4.0731202170885865,-14.296932536423427,1.0,
94447419,6,98.84747178891693,874.07394884618,33.369165067978315,2.918868162717601,-14.592806847707422,1.0,
65258778,14,26205.776638009425,3.2969829970497257,52.78203835082195,17.254445964084425,12.380135043021824,1.0,
65258778,13,28752.0369725947,3.005004483068558,53.38675914294981,4.452010078127159,-17.72783164334544,1.0,
65258778,12,43091.63683044879,2.0050294292592126,57.975655058203984,8.895105000304852,-26.29498614117381,1.0,
65258778,11,86267.13606764916,1.0015401453949584,62.786938003100204,7.5575960096449535,-7.458880427882832,1.0,
65258778,9,43130.15153742916,2.0032389620755318,81.16885248279618,13.089241722917109,-44.07450462265655,1.0,
65258778,8,86361.46534928339,1.000446201909159,86.83650880713867,9.792486940260005,-42.946553887370385,1.0,
65258778,6,86201.37044483161,1.0023042505489574,90.72176829324985,7.4412101219720626,-24.852265178118728,1.0,
94447419,20,105.64053794162889,817.8678534157016,31.319215581283743,3.1598844376445214,-15.359589538462231,1.0,
94447419,19,100.31768147435679,861.2639240679179,31.470291310316327,3.5298939993581087,-8.776483960520878,1.0,
94447419,18,99.89932465410645,864.8707115804156,31.596321570852865,0.3092579507909079,-7.434681503588237,1.0,
94447419,17,156.6221458727195,551.6461258946981,31.614794259471182,3.3580422416186053,-13.268155384340261,1.0,
94447419,16,98.62119597076507,876.0794183190814,31.643423178292664,3.977081437697038,-16.12749363199447,1.0,
94447419,15,106.60602156726324,810.4607857022953,31.68937550025049,3.695970234793265,-8.110492664403893,1.0,
94447419,14,99.78331265808853,865.8762442178385,31.732552172163707,2.6927370087646523,0.2907685052348796,1.0,
94447419,13,144.09028157739607,599.6240624569218,31.744068940945056,2.013700100108423,-11.126385946752109,1.0,
94447419,12,65.57923850536635,1317.4901381773423,31.88217053514694,2.464739457750369,-12.167277498584596,1.0,
94447419,11,86.63897048023226,997.2417668526338,32.083087651123094,4.010645684831843,-12.011792559151914,1.0,
94447419,10,145.11481093305426,595.3906389324992,32.12931016679096,3.4603038963113306,-7.064578843118426,1.0,
94447419,9,162.36531211149108,532.1333656580039,32.693786451982646,4.338858886822905,-1.2689072048206782,1.0,
94447419,8,65.62918883251447,1316.4873974062452,32.75419277127554,2.8227419414240558,-14.204886285783203,1.0,
94447419,7,99.78363410615064,865.8734548401692,32.887533584268,0.27085359226427386,-7.479012680407251,1.0,
79656677,18,72.02523942550845,1199.579490316843,27.9322775010491,0.9339981327131284,-16.687007750545263,1.0,
70017474,8,197.46507438183647,437.54572939277904,33.07584106882075,5.178806614795121,-9.104708863707998,1.0,
79656677,17,1007.2433655416546,85.77867371063554,28.29553789460357,5.400004427320511,-19.604633477873932,1.0,
79656677,15,81.61177115798793,1058.6708115027034,29.203360265680146,2.7796167305509982,-17.976981070915883,1.0,
79745562,9,237.2456512853373,364.1794887784308,31.3729703999482,0.2720362746202767,-4.4032091989741815,1.0,
79745562,8,89.59131564082698,964.3791854377827,31.469250835511673,1.8286137764202266,-9.724890821313622,1.0,
79745562,7,1717.1811537916865,50.3150176143159,31.57113510046463,3.4657639053225324,-0.9778064318551145,1.0,
79745562,6,79.7149263436067,1083.8622572086144,31.658257567771557,1.0570342421981422,-8.605400577419331,1.0,
79745562,5,89.68456847109172,963.3764366926686,33.61275193300071,2.9291693253371136,-8.863308912448801,1.0,
79745562,4,84.94583503374727,1017.1187317856728,35.42388817376121,1.8656156999304017,-10.971825019707381,1.0,
79745562,3,3918.2228849931003,22.050812966999487,35.976476657550165,2.245130793490077,-16.157581530127857,1.0,
79745562,2,85.02966299531906,1016.1159877201487,37.07895101765018,3.0849267939741196,-13.052178876082607,1.0,
79745562,1,230.90183701756777,374.18498317718627,37.36017885371734,9.132266836342723,-6.347888610056913,1.0,
79745562,10,151.26893951123336,571.1681477980076,31.209374017128425,3.227138049242086,-10.545364818443105,1.0,
70017474,20,6890.955267991506,12.538174554887634,30.506347249123678,2.5238595177851266,-5.471294823970908,1.0,
70017474,18,178.44710714682225,484.1770840751822,30.66332835770652,5.993423738643855,-11.838677271886638,1.0,
70017474,17,86373.85342615342,1.0003027139905125,31.259227885444943,4.20415495040146,-6.2656423467105355,1.0,
70017474,16,196.56537618369816,439.54841731259813,31.531149366030263,1.3121355555801983,-9.361534763398083,1.0,
70017474,15,712.9757260286322,121.18224624737124,31.586078943480857,1.5643107105006777,-6.770387752742408,1.0,
70017474,14,701.3844732697876,123.1849339310456,31.634784182250655,1.1640271747759812,-11.729292586534541,1.0,
70017474,13,116.44691648829884,741.9689812798255,31.760386995989734,3.513175880162237,-8.012213342250845,1.0,
70017474,12,684.7526900633164,126.17694133046915,32.06380970767373,1.0121255989224665,-5.665155766059371,1.0,
70017474,11,154.0878134496848,560.7192292868293,32.26012480362738,1.0604697691113643,-8.964648652807739,1.0,
70017474,10,609.2233024247948,141.81991998026962,32.36838238379221,1.0909149546725985,-8.310468000513367,1.0,
70017474,19,92.71489284155308,931.8891210676903,30.60750292349826,4.22333937100376,-5.24874169429242,1.0,
79745562,11,238.5575621387341,362.17673933871663,31.172241276146394,1.1506512717448345,-3.286159923029757,1.0,
79745562,12,1136.93997110949,75.99345805010798,30.615935833071262,3.377448503060606,-14.795995700742807,1.0,
79745562,13,342.5959474963201,252.19212495479982,30.58402216604668,6.365652070939404,-16.73065075646734,1.0,
79656677,14,1186.8046577429895,72.8005231832436,29.306718318099286,6.05366938603305,-16.491823881854486,1.0,
79656677,13,1155.029582804613,74.80327888243845,29.47676273555379,4.120796332395386,-15.058304671802887,1.0,
79656677,12,120.91692488856448,714.540169456221,29.569435455452606,2.4179682892006866,-8.193535530368138,1.0,
79656677,11,1398.1681504600317,61.79514243088163,29.67627021183904,0.6441898257871514,-13.132398564889684,1.0,
79656677,10,1375.90326167986,62.79511242273894,29.982752993885697,0.4463126359004548,-15.555843062337203,1.0,
79656677,9,82.88423073566621,1042.4178306672866,30.131947677990468,8.914153104454755,-2.352336515451441,1.0,
79656677,8,808.8592586761838,106.81709960445555,30.411658530969817,3.5261415398920093,-8.925963660970126,1.0,
79656677,7,81.45767105522957,1060.6735851976355,30.88677019190544,1.9167013323935578,-20.107945688427492,1.0,
79656677,6,801.3367960212964,107.81983359429289,31.084340217964723,5.161202268629907,-9.373898559344354,1.0,
79656677,5,68.12320755156561,1268.2902509339397,31.432470107798906,10.33770247960419,-4.286816065905242,1.0,
79656677,4,279.55171424184755,309.0662499935632,31.710455418619233,4.825699474537515,-19.27929801547822,1.0,
79656677,3,278.65015812509205,310.06621557778976,32.57446921760902,6.216690631270694,-21.35309693214677,1.0,
79656677,2,280.4616865988443,308.06346866044987,32.94654407073534,4.615635478481096,-22.206709938806227,1.0,
79656677,1,1421.2313521787787,60.792354367603075,38.230753626695616,0.4843224795788501,-21.170049026655988,1.0,
79745562,20,2260.6193227460303,38.219614921740906,29.449111030917607,2.1554265850608942,-7.494608996005809,1.0,
79745562,19,283.90843058624245,304.32347437373613,29.838987136782066,6.150731465241051,-1.511318865196344,1.0,
79745562,18,114.60402848679759,753.9002000261562,29.853869483682843,2.275765298809688,-10.732092820578984,1.0,
79745562,17,1152.1421916555173,74.99074387324669,30.1541935555814,8.073679726624675,-15.703467367253012,1.0,
79745562,16,84.7789061395917,1019.121429306237,30.294587681288363,0.9980201406944644,-3.4652224701060845,1.0,
79745562,15,143.2729617598734,603.0446983067683,30.381396556337506,4.679623867866042,3.7673301001909323,1.0,
79745562,14,237.89887613099768,363.179521505702,30.541449982547874,1.5235950832703367,-2.752064064678308,1.0,
79656677,16,88.31007451305955,978.3708198233138,28.58941795023162,1.971800960596923,-7.853006346870075,1.0,
56215388,10,1569.8003273025167,55.03884697773402,35.4878868571991,8.268962997808728,-7.6527988672825416,1.0,
56215388,9,274.3355617472797,314.9427637077268,36.22600472178215,2.4645091556134275,-1.6873665608979707,1.0,
56215388,8,1541.7102743044984,56.04165804692264,38.7197590222122,16.535433485280635,-1.318705430005906,1.0,
69156149,1,942.9814626403996,91.62428257929406,44.44654174640664,3.688871368784362,-29.436290792129398,1.0,
89742308,20,26601.284141873606,3.247963502032447,38.42419825780735,3.12825140807945,-42.25383984518476,1.0,
89742308,19,7790.704899025795,11.09013896942805,38.78678308242934,4.589462766253746,-21.373819015240315,1.0,
89742308,18,72.8629126876863,1185.7884459044064,39.48740039983704,6.169236542091312,-37.6735414348359,1.0,
89742308,17,98139.51686052972,0.8803793085998859,40.7607292878306,1.625814185660147,-27.021223919317208,1.0,
89742308,16,3738.3493527434252,23.11180466228885,41.44639901305254,7.206158728261471,-33.32166371340941,1.0,
89742308,15,4521.390451261755,19.109165848724462,43.44585900593893,6.331788157999654,-15.653932459747466,1.0,
89742308,14,4093.033849617214,21.109036273443046,44.22697883164119,8.104656316534147,-27.479385191018764,1.0,
89742308,13,73.29099393080021,1178.8624408829417,45.0387507964474,3.888444151375552,-37.05099265925469,1.0,
69156149,2,191.091766568411,452.1387893971284,39.26497992613349,3.86765265594795,-13.179479789811012,1.0,
89742308,12,4771.766431833467,18.10650232660326,50.725549188635796,3.7410779958609055,-31.15850276887977,1.0,
89742308,10,8558.290786739872,10.095473752056577,61.89467688922423,5.751851706979096,-19.906233351611945,1.0,
86657447,20,79.083081056713,1092.521925619461,31.51693125121551,2.873004192346798,-2.4512062211412626,1.0,
86657447,19,71.79896658794506,1203.3599382544098,31.674192062364,1.131131130133781,-12.321104076256631,1.0,
86657447,18,106.41316606429483,811.9296060395113,31.80335629288311,6.969882671294442,-21.91660017380815,1.0,
86657447,17,71.6798238767006,1205.3601045200694,32.08475131323803,2.9859250896303706,-17.047271931729313,1.0,
86657447,16,191.11107594126565,452.0931064537222,32.14149847420026,1.1822005907545758,-9.911962140693674,1.0,
86657447,15,62.191088121891084,1389.2665751507802,32.146230390149185,3.3199783802786555,-8.717054182309596,1.0,
86657447,14,71.66703835258276,1205.5751428562596,32.15231956022308,1.342752291201748,-8.357086296686873,1.0,
86657447,13,107.97812300286746,800.1620846632569,32.162044769649356,2.7690813983254543,-18.312835746046005,1.0,
89742308,11,9502.026081288626,9.092797605569483,53.2538611804207,1.9354647728951022,-29.706741918375883,1.0,
69156149,3,60.54333999627771,1427.076867667228,37.764646870834895,2.370927581947967,-18.676737042204763,1.0,
69156149,4,119.8556174929383,720.8673386133992,36.773735921916796,1.580102348510195,-8.638180378232278,1.0,
69156149,5,128.00598654979166,674.9684317802762,36.23270351509336,1.0687332592108305,-11.156978061119048,1.0,
94844557,6,74.21409412793697,1164.1993480518115,32.76514665226421,2.3008064501141234,-14.816178647837432,1.0,
94844557,5,846.3055292500975,102.09078992613712,32.987165146783695,0.37335683452701574,-10.359243446774315,1.0,
94844557,4,62.70165870400753,1377.9539773878073,33.0025191607167,8.397160569739356,5.198881095354807,1.0,
94844557,3,253.6060222294428,340.68591605380755,34.09576218643406,6.082911160425226,-11.924742265365637,1.0,
94844557,2,854.7001770418557,101.08808014879924,34.88430889372728,1.0276468385811768,-9.40781435610893,1.0,
94844557,1,266.3316496937542,324.4075576423172,35.6733338468232,2.841608156435825,-2.9418363053731014,1.0,
69156149,20,86.63968623146927,997.2335283991113,32.20511437443747,2.9443920123251246,-15.771809291743239,1.0,
69156149,19,124.74978845464334,692.5863447969966,32.24327838635827,4.629321679820009,-25.781968179260616,1.0,
69156149,18,113.6359173849632,760.3229857977353,32.44786621365847,1.176748129779412,-12.005425042270303,1.0,
69156149,17,503.768807368026,171.50724446676762,32.57305577598572,3.7682315605153462,-4.069818357547547,1.0,
69156149,16,203.89356288728777,423.75050382420295,32.58521418768214,4.081521985152108,0.8700183601357594,1.0,
69156149,15,86.80227916337033,995.3655691158385,33.11597993915757,4.530462914690247,0.8282945743699202,1.0,
69156149,14,109.05463531110988,792.2634352361,33.59122335071379,4.378062058878186,-13.789846442605153,1.0,
69156149,13,64.05968086912316,1348.7422795083717,33.63295812617844,4.709455698398983,-0.9201453362362599,1.0,
69156149,12,62.957145224525625,1372.362099518165,33.78318400216358,5.24021944055221,-16.064475997577915,1.0,
69156149,11,95.04906607177804,909.0041972085603,33.96354559137626,7.150375590301451,4.558778704546512,1.0,
69156149,10,86.97728356211317,993.3628237343039,34.28613100305074,5.4924708392029515,-2.690367295818305,1.0,
69156149,9,106.52617197795249,811.0682886256537,34.4137751799185,5.217991475523263,-23.711833671069485,1.0,
69156149,8,252.9825889961992,341.52547945225615,34.68371013322894,2.585504213405443,-10.139462115612673,1.0,
69156149,7,107.0685256667428,806.9598368144638,34.88402483800428,5.172923198533795,-4.233681143852323,1.0,
69156149,6,953.3865985299402,90.6243072151666,36.12283142198385,1.6932093149860066,-18.514825048754233,1.0,
86657447,12,62.76211235712748,1376.6267060670102,32.63173273193888,11.288769725549798,0.16700951155240773,1.0,
94844557,7,265.51099278039146,325.4102555047989,32.749799441438654,2.936726468820723,-2.853398148793417,1.0,
86657447,11,128.264665202667,673.6071845155643,32.63234197776319,4.598814084850176,-18.623280449476795,1.0,
86657447,9,71.67896000162798,1205.3746315241972,33.25419847867306,2.347048887664357,-17.245443257097065,1.0,
116635353,3,129.78452198097068,665.7188290346993,37.36628837448825,1.209831760561542,-5.770477761660231,1.0,
116635353,2,60.27977418681772,1433.3165836393325,37.92092773269235,1.3252763921650512,-6.6280407469029115,1.0,
116635353,1,85.21495614443162,1013.9065242674048,40.15827499748434,8.022383442496107,-18.397322377305272,1.0,
56947585,20,92.03300802439539,938.7936117126343,30.376738015276715,2.380662006428622,0.6797616892721408,1.0,
56947585,19,92.23210407270821,936.7670928540168,30.47459679987105,1.2597940859312757,-10.464905475242176,1.0,
56947585,18,142.1308433071985,607.890574555003,30.648078817280975,0.511758349518459,-3.9627502740660248,1.0,
56947585,17,84.63342076778584,1020.8733053229793,30.651135162113405,0.3379728679207119,-3.75337007682748,1.0,
56947585,16,777.6962586230959,111.09735843781787,30.822142269375036,2.647503745255335,-5.082698776967106,1.0,
56947585,15,763.9255656995357,113.10002424239133,30.822188093000022,2.969594254471133,0.17789620014974616,1.0,
116635353,4,86433.74978118943,0.9996095300588617,36.9942783164139,2.0986307782241624,-6.758185772679099,1.0,
56947585,14,470.3858626256726,183.67898966546127,31.03623764638428,9.270199601914499,-16.825820974965495,1.0,
56947585,12,207.84510954361215,415.6941685552177,31.56474783014528,1.3229307127486436,-10.150112932892853,1.0,
56947585,11,208.85129163041097,413.69148031363784,31.658826412658982,2.1940661217612956,-5.530938307062684,1.0,
56947585,10,279.44215753269543,309.1874209777778,31.970651205398553,2.4342031377368016,-0.06959884649148762,1.0,
56947585,9,84.46770874860637,1022.8760940721683,31.994711385113987,1.9039611252082977,-5.429406788376866,1.0,
56947585,8,69.65365694582195,1240.4230271384558,32.04329974486609,1.4524180187710272,-1.7730323646142097,1.0,
56947585,7,90.56301025522326,954.0318917901345,32.428376403847324,2.960997217926831,-14.58163929564489,1.0,
56947585,6,84.55036548725587,1021.8761267569319,32.79931051506992,2.6237109117386694,-1.3353135819455701,1.0,
56947585,5,220.86896509958413,391.1821652310657,33.53288694289995,2.029759687094497,-2.5260063582093153,1.0,
56947585,4,27589.674037749115,3.1316064075923706,33.80675826695597,1.5433363607738784,-5.138811833467798,1.0,
56947585,13,102.85130098396591,840.0477113407578,31.397745800939447,3.265198891830778,-0.09175956399224106,1.0,
116635353,5,321.2785772869645,268.92549366224296,36.95297969547835,5.125534583104923,-8.14782741612089,1.0,
116635353,6,136.8100378644987,631.5326079039135,36.63204046715077,11.117715856144741,-19.49686171180224,1.0,
116635353,7,83.13844635423764,1039.230389654691,35.621971727529626,3.482277107337268,-9.652156801655337,1.0,
86657447,8,62.67093863249685,1378.6294235459063,33.92533962361131,7.339409000368676,-0.451381724770215,1.0,
86657447,7,71.44106597541311,1209.388449351177,34.22697560987376,1.342418492596778,-9.640970074976906,1.0,
86657447,6,71.56092739709912,1207.3627766246977,34.526378847557226,6.679546447100563,-22.20080210840655,1.0,
86657447,5,69.71134433791566,1239.3965547585553,34.853906168424146,6.896850559459494,-12.438288393516018,1.0,
86657447,4,167.23172353956693,516.6483856728165,35.05645186608672,3.557929984515738,-19.210120194724766,1.0,
86657447,3,107.52339278082015,803.546072770612,35.70819095009324,9.19993787092318,0.12053011335018482,1.0,
86657447,2,71.55956513646508,1207.3857608725543,36.55001187046764,3.9761257558209877,-3.9352854643018986,1.0,
86657447,1,71.91648733910218,1201.3934939926203,39.039240981655894,1.9116619309025964,-17.486043482179923,1.0,
116635353,20,105.39221061823613,819.7949306990826,31.584744257021157,4.119041830555375,-10.26996431793441,1.0,
116635353,19,104.02253271736481,830.5892746791097,31.647951943642056,5.1849050849778,-16.03874015016902,1.0,
116635353,18,1813.9906920468466,47.629792357153235,31.725229197143108,5.298200696613435,-14.08311253170541,1.0,
116635353,17,104.89588484385875,823.6738755634643,32.01440954703867,3.6376884651270984,-9.220941948945665,1.0,
116635353,16,149.18537345434262,579.1452472815122,32.965271812409924,1.5322164155667224,-4.789283060563605,1.0,
116635353,15,60.364120488261406,1431.3138218720774,33.323529760366796,1.5208071113874553,-10.376999738170639,1.0,
116635353,14,85.38361202114285,1011.9037828782116,33.624938388369856,6.07803148733376,-12.913863524442377,1.0,
116635353,13,307.5427992165743,280.9365077644246,34.10050478625385,1.8384182685905444,-12.658068832854553,1.0,
116635353,12,71.80096889667165,1203.3263802378174,34.60787369765512,3.525949771500848,-9.785136149165623,1.0,
116635353,11,82.88025296357084,1042.4678606854184,34.72108685393607,3.37851513129624,-7.7736737958682625,1.0,
116635353,10,214.95058147529377,401.9528554284499,34.805271288185395,2.1963844330206257,-4.961015670050642,1.0,
116635353,9,208.20687306749213,414.97189178761005,35.32139676868792,6.744766407055295,1.0555669751432788,1.0,
116635353,8,83.85872629203537,1030.304224978504,35.36604768298912,3.623305244120047,-12.313385991657015,1.0,
86657447,10,167.71776436710303,515.151154834657,32.69717779330358,3.6084203112129103,-11.084261867400528,1.0,
94844557,8,93.55076753966325,923.5627058149843,32.49278246739004,2.702899412399546,-16.785084986103016,1.0,
94844557,9,99.06970281763536,872.1132449447498,32.21457399762244,2.1393554094115927,-3.3643243438634443,1.0,
94844557,10,62.74731930484917,1376.9512539689154,31.918715476955185,8.210941796313364,4.623281753715503,1.0,
63025670,20,87.06744227009168,992.33419229175,31.730113227802804,2.030651699173859,-20.014943566920806,1.0,
63025670,19,917.6805313193513,94.15041188220756,31.82129571470955,4.7979775291258875,-11.474554658395164,1.0,
63025670,18,802.1353247127115,107.71249854997292,32.17333899011055,9.444139577468377,2.906010662129688,1.0,
63025670,17,318.8148140145582,271.003718152365,32.26279498087456,1.6768348085743128,-15.073681404979652,1.0,
63025670,16,87.06367700366829,992.3771080373699,32.262941454927386,7.03069486702168,-4.145421079258085,1.0,
63025670,15,75.61359638555756,1142.6516411075334,32.27744783964863,4.653986682891741,-10.350925553120305,1.0,
63025670,14,75.60434167761721,1142.7915127998378,32.65797818415899,1.2241678357905812,-15.041411247131464,1.0,
63025670,13,1794.1762240805067,48.1558047868341,32.74709860571147,5.55287694867809,0.05376890192974315,1.0,
63025670,12,89.51015950723834,965.2535586534527,32.75389937215846,1.7179420973336619,-18.25240120864828,1.0,
68096908,1,29102.919686939233,2.9687742992595507,40.202176138344385,0.7027777594356621,-12.096344433962997,1.0,
63025670,11,278.9690942425094,309.71172715244217,32.85635751939776,3.564028553495973,-8.134405697869624,1.0,
63025670,9,937.6264593517335,92.14757021654037,32.9618602860005,6.160734147555672,-7.34085273807068,1.0,
63025670,8,705.2029192909697,122.51792730363188,33.341077878538044,3.118239488550671,-18.039606586889477,1.0,
63025670,7,93.49479795311524,924.11558601717,33.6730444940074,1.835119196716505,-5.186615988578296,1.0,
63025670,6,61.10563537524843,1413.9448754508385,33.74116430278855,3.9686131020125686,0.8574393548278749,1.0,
63025670,5,66.67656393884839,1295.807625588516,33.75829511363031,5.147102855079311,-10.503849512717693,1.0,
63025670,4,126.4312326017834,683.3754462564756,34.29313005850804,7.541710872858403,-11.921485014170116,1.0,
63025670,3,86.40570197218342,999.9340093066397,34.76748663341618,3.9418466214817727,-3.8257910288228913,1.0,
63025670,2,205.6984493641603,420.03233503739693,34.804545127138,2.4404111159667536,-15.840740648583164,1.0,
63025670,1,1872.0292416902885,46.153125216136,35.66059201900316,3.835862751766399,-1.233964250585359,1.0,
63025670,10,87.2435160542022,990.3314757090012,32.85803929996723,1.7227921957234003,-18.16327701960722,1.0,
68096908,2,877.6985498391457,98.43926484307669,38.35017189691189,7.057232391512002,-19.33319544897688,1.0,
68096908,3,886.7311367111911,97.43652435669522,35.99485597130956,2.76319297488385,-19.455025982532106,1.0,
68096908,4,233.84341912886538,369.47800507649555,35.131405279052615,13.873694060083267,-21.816240052771377,1.0,
56215388,7,1693.0083273921737,51.033417025825436,40.044658183353704,14.513948016238515,1.4663242705883022,1.0,
56215388,6,102.04247923928094,846.7062016143233,40.64462126838316,1.3263993498848663,-9.46174508328113,1.0,
56215388,4,1569.7183167517953,55.04172250393738,45.52349289868266,22.16959297291902,15.120450098860374,1.0,
56215388,2,1629.077187097713,53.03616101452268,64.94940469910625,12.823481900456784,2.074210671833356,1.0,
56215388,1,1598.8473806897466,54.03892894563009,71.5415022427012,22.04722087390249,12.321455502526419,1.0,
68096908,20,80.4468624289327,1074.0008670484362,31.276082484503604,0.7186641111642871,-6.94902029199028,1.0,
68096908,19,868.871609481178,99.43931768192002,31.496645204601464,5.715991594708328,-14.217015106828683,1.0,
68096908,18,276.0840145036321,312.9482167061988,31.562566610089334,7.39304950593089,-9.447833918867332,1.0,
68096908,17,14092.05640523193,6.131113693805713,31.701200577854024,1.8418217038148441,-3.835759499704352,1.0,
68096908,16,755.3483201468988,114.38431475322152,31.723850956275783,1.5140772119065673,-5.259303367862856,1.0,
68096908,15,74.07388638838009,1166.4029553815,31.81949151873414,4.225892986471081,-17.733259257058307,1.0,
68096908,14,71.20915197764877,1213.327186189766,31.91809999878933,4.791777055105513,-12.89058047147023,1.0,
68096908,13,61.370193941057906,1407.8495512492857,32.097729100552215,3.7680539156342547,-9.177271240651464,1.0,
68096908,12,120.60334057867495,716.3980664668026,32.17135010834954,4.605560319898018,-5.712906987347878,1.0,
68096908,11,235.11791323238094,367.47519069125866,32.21186606534775,12.006928398771436,-19.791512553948223,1.0,
68096908,10,73.96706545044034,1168.0874382922493,32.43436929042946,17.385789764046308,10.506250804082697,1.0,
68096908,9,14367.38470433668,6.013620556420463,32.780304620322795,3.3261088054288166,-4.2004192993447305,1.0,
68096908,8,43193.44248529055,2.0003036347339846,32.96579067791777,5.801624235899851,-23.707878571949095,1.0,
68096908,7,72.41899044377203,1193.057228091065,33.43618607279723,14.051897783378138,-26.505721399199444,1.0,
68096908,6,95.86676872368027,901.2507790789671,34.345422868500236,6.016928838374497,5.096309419186468,1.0,
68096908,5,95.87149999026963,901.2063022772052,34.82481794810451,3.317123539190675,-10.965246276021787,1.0,
79672444,20,256.1615280153085,337.2871823080187,29.03694264888827,0.4306591454030553,-10.451890649289396,1.0,
79672444,19,170.50449943825603,506.7314955596677,29.04921511244794,3.834677382894185,-7.261254806597577,1.0,
79672444,18,62.30307949329041,1386.7693331162652,29.052067023716916,4.247919833566868,-9.380759099967634,1.0,
79672444,17,79.58015296448906,1085.69783773291,29.07131789738554,2.6673355563191166,-1.48813772651377,1.0,
114981621,11,425.3276072716317,203.13753098284403,32.58160439434096,6.864690821914053,-12.250977123949326,1.0,
114981621,10,84.09019109857466,1027.4682322783362,32.66163135877923,4.177389582251124,-5.9892579390357525,1.0,
114981621,9,71.7540723742222,1204.1128418383591,33.045019856513136,3.1749763311240145,-1.5822007040940207,1.0,
114981621,8,460902.4076588339,0.1874583394755326,33.0452676156101,4.166989216057573,1.068912377594046,1.0,
114981621,7,101.56798580766322,850.6617445738615,33.84265801269089,6.9331133056510055,4.150117620293145,1.0,
114981621,6,165.76932902922047,521.2061875738793,33.84458488471705,2.969392254048614,-8.14770926438274,1.0,
114981621,5,72.60224959905412,1190.0457696165608,34.04311628155483,3.8636811378261484,-4.8013211203721085,1.0,
114981621,4,83.81941378775176,1030.7874524007389,34.4236015834299,1.7665112634276454,-2.8150029937956162,1.0,
114981621,3,427.4373966055897,202.13486392657418,35.12100036404581,4.956193897956098,-6.672107697460831,1.0,
114981621,2,62.90719825524533,1373.4517256583715,36.39754253203455,3.50384827778916,-2.0444624298223744,1.0,
114981621,1,74.99289881455823,1152.1090845367792,36.63914992907394,2.3896065733143814,-2.7813688076081746,1.0,
94844557,20,1105.1388692675603,78.1802200634408,30.17169226214969,1.9017930148036157,-1.3563238261828587,1.0,
94844557,19,239.20389805563173,361.1981272140721,30.24383478269499,1.1464349377704934,-11.535794482300105,1.0,
94844557,18,544.608342329349,158.6461192101058,30.428449104412607,3.1311788680507675,-10.65775165066691,1.0,
94844557,17,103.65634892747396,833.5234734193866,30.611858084581172,4.264379868840848,-10.429419805112104,1.0,
94844557,16,75.93631422616656,1137.7955446016078,30.988182313669768,3.7658633452869026,-12.852893165744092,1.0,
94844557,15,541.1958123600414,159.64646811147287,31.029642546785,1.9784514068960277,-14.159709229680146,1.0,
94844557,14,87.94904694504541,982.3869956656458,31.14004908085269,0.41754789740141973,-8.577249561775346,1.0,
94844557,13,267.1573966650385,323.40485825413316,31.421603976973756,2.704115061585412,-3.745490739892034,1.0,
94844557,12,68.66332571217939,1258.3136500286719,31.67326585908563,7.6510116860491735,-11.084842920860183,1.0,
94844557,11,72.74068020947857,1187.7810291460753,31.84828115401126,13.061890110591236,-9.066529988732924,1.0,
114981621,12,153.34014026604024,563.4532474673543,32.481459011518155,2.362481420855488,-1.1181776995916266,1.0,
58787823,1,61.30747845268417,1409.2897339870487,41.55274194943331,3.468985479466255,-3.381703001735332,1.0,
114981621,13,74.92769408908565,1153.1116905489484,32.42656137242784,7.517788852567804,0.8656430942776581,1.0,
114981621,15,72.46611093169965,1192.2814525183123,32.006705205671096,3.0939063518241596,1.5767858567930944,1.0,
79672444,16,311.7803851011739,277.1181386922813,29.28226921854099,1.5773283076501485,-13.023235239265716,1.0,
79672444,15,99.45291989245656,868.752773608142,29.47805132637859,3.9304889680198585,-5.05977271598735,1.0,
79672444,14,1077.7341303060434,80.16819507744925,29.683053346799113,5.640340116130275,-12.521612535227831,1.0,
79672444,13,493.199616116084,175.18261810581805,29.719479465678376,1.2789857488932341,-12.191021042826819,1.0,
79672444,12,1248.1474471151485,69.22259080823896,30.01039283184872,2.370909223293012,0.29892620978580453,1.0,
79672444,11,66.78366180396328,1293.7295989192462,30.07680120148308,2.050603098896147,-13.305371238607904,1.0,
79672444,10,130.6518158808488,661.2996491284488,30.09895748110131,2.5673389364985724,-3.787545985844119,1.0,
79672444,9,99.56091355085492,867.81043803769,30.108398295860866,5.377813994445006,-13.218120132372917,1.0,
79672444,8,130.96908753464942,659.6976555795417,30.16834255695096,0.41962623097927576,-10.167204267136071,1.0,
79672444,7,1285.3350145345719,67.21982908968367,30.22297544349715,4.316744384830898,1.896023896813034,1.0,
79672444,6,1427.6687046307097,60.51824188606054,30.231788896934745,2.9403589233875493,-14.69694282487194,1.0,
79672444,5,210.77014060249658,409.92523776385707,30.26036261461161,2.7819950195977157,-12.646812785661268,1.0,
79672444,4,267.93975434653225,322.4605479344324,30.33780105312445,4.419106023894031,-1.9184914917948106,1.0,
79672444,3,1451.6539932166263,59.51831524849239,31.94773312095589,0.6721365560596695,-9.666602276128458,1.0,
79672444,2,113.18983308740916,763.3194399472159,33.12344588572432,2.0214940065998093,-10.503217179056833,1.0,
79672444,1,99.6760871598511,866.8077014443779,33.97580458154215,5.84999703702556,-17.283954213093068,1.0,
114981621,20,81.28253487497922,1062.9589755399725,31.468599517432267,1.4789929269590516,-1.2460021499084917,1.0,
114981621,19,7084.586552057845,12.195489371910288,31.4872214500474,2.4809050157317074,-0.24201697298232716,1.0,
114981621,18,77.79968144503334,1110.5443929232913,31.586412045693578,6.272241651164563,-4.074371675212916,1.0,
114981621,17,72.90249655484064,1185.144598374706,31.683042792846436,3.162279666976815,1.7698025284073537,1.0,
114981621,16,95.29404368697878,906.6673703532418,31.777002261755115,1.151330214669315,-3.65754988077839,1.0,
114981621,14,81.06685102981521,1065.7870498537477,32.07257448581322,7.227854238183141,-1.497868891555612,1.0,
70261664,2,139.97200038216727,617.2663087196083,35.69479780591496,6.054345186519811,-2.04517263330402,1.0,
58787823,2,999.9809328387443,86.4016474341444,37.11877262515509,5.4870463845718405,-17.484166567779766,1.0,
58787823,4,309.20801049337155,279.4235500630801,35.393784637212775,5.55648673200767,-13.96097748084469,1.0,
98290110,5,68.11381342678557,1268.465171060639,33.5763452624243,1.500493472883278,-7.821956383438945,1.0,
98290110,4,401.4416299909121,215.22431543025556,33.960532871448095,0.9283260547429393,-5.814290908149559,1.0,
98290110,3,75.34221057760396,1146.7675203265544,36.9199456314949,5.643716517390686,-4.2323547127807615,1.0,
98290110,2,75.47420182837803,1144.762023405909,37.22332125301125,6.889815119249533,-3.8857678670348292,1.0,
98290110,1,75.40814835899597,1145.764773173783,39.57247786640278,6.513389130589374,-4.616364904845625,1.0,
76755415,20,23741.29774046663,3.639228189819325,36.960227946475925,3.418759476902096,-6.031759115756387,1.0,
76755415,19,78.969550969821,1094.0925830136557,37.04478308762168,0.4137991309557094,-7.111209332430576,1.0,
76755415,18,78.93264878619135,1094.6040875181552,37.28829942870152,8.634521243531793,-8.76774770603754,1.0,
76755415,17,129835.022193475,0.6654598931808257,37.37494938432883,5.232553309420695,1.1587160455552237,1.0,
98290110,6,1532.5860082723918,56.37530261508418,33.489697273282786,1.6846354577601517,-21.957475133103884,1.0,
76755415,16,78.86040942197717,1095.6067896842756,37.45770560879214,2.1538198519551486,-11.262527076414045,1.0,
76755415,14,32104.39138237131,2.691220617483585,37.74654955948358,5.634730135072033,-0.7544883584909883,1.0,
76755415,13,78.88812290008379,1095.2219019006247,37.88371685563857,1.0220149388183017,-10.598996785024951,1.0,
76755415,12,45899.764404257745,1.8823626029763538,38.09855165138151,4.087164683006705,-8.7810888121314,1.0,
76755415,11,32320.541936347858,2.673222502585394,38.11839366987192,4.202348754142037,-3.5570515363482116,1.0,
76755415,10,239980.94994256462,0.3600285773544874,38.231205788970556,8.100282896512539,0.41924527504400544,1.0,
76755415,9,341.1030231211214,253.29590810844394,38.327866271205494,6.371015771394752,-5.283831890892628,1.0,
76755415,8,51794.531558319555,1.668129769698089,38.528692660137494,10.479417563411943,3.005256371838186,1.0,
76755415,7,339.1872598497535,254.72654850972813,40.24274024929309,4.83397347382359,-13.052426298460233,1.0,
76755415,6,256466.01587574783,0.33688673996424895,40.51346769015913,0.43041214396563987,-5.478775346335027,1.0,
76755415,15,129763.04399265574,0.6658290168107495,37.727384257834046,3.523840814967542,-2.375628668675631,1.0,
98290110,7,113.94123056262808,758.2856493068155,33.26213062346767,1.3124583044905762,-16.994899115359914,1.0,
98290110,8,83.55486355222267,1034.0511171560838,33.21420306769244,0.9164463230836475,-16.46959489089977,1.0,
98290110,9,83.63596684495526,1033.0483792955813,33.05769995221192,0.8853822320799054,-15.091192823830056,1.0,
75831511,10,570.5704300555781,151.42740571323327,31.8696621603184,4.505782343820954,-11.991363825938436,1.0,
75831511,9,273.47832288956425,315.9299760474616,32.044058458900395,2.3281655442848717,-4.503657553805397,1.0,
75831511,8,274.3466939452643,314.929984238257,32.777735943864286,2.734548108069305,-11.13550356846045,1.0,
75831511,7,462.4565415762566,186.82836598118075,33.85354272407517,2.316065363308354,-9.211492869627449,1.0,
75831511,6,285.70342417405203,302.41149629121935,33.938056010075115,4.054803684882302,-4.278342197645713,1.0,
75831511,5,315.11479835133474,274.18579023276783,34.22033260494868,3.2973237863841973,0.8296766225514887,1.0,
75831511,4,272.6130526876747,316.93273358772774,34.57847647210315,2.671271767650353,-3.659436044607048,1.0,
75831511,3,450.6945185283105,191.70412873475576,34.7842490133969,1.838690458429653,-10.635375974547657,1.0,
75831511,2,286.65394488350984,301.40872484804333,35.282415944960576,4.548893962052972,-11.199861832047077,1.0,
75831511,1,464.9519841230771,185.8256399592632,36.57319003653822,1.8759500164554765,-10.546921755113942,1.0,
98290110,20,1505.8025199447422,57.37804184520197,31.400359055253034,1.4099439101224647,-20.995894614759862,1.0,
98290110,19,154.50604468993998,559.2014226588093,31.530959370782853,3.7508488943516483,-4.961670350776231,1.0,
98290110,18,65.88800025304263,1311.3161678633605,31.829046404111295,9.666409224721349,-0.7163857514153449,1.0,
98290110,17,399.5799759785449,216.22705138917965,31.83154771647463,0.6608568752967017,-7.65094116702906,1.0,
98290110,16,129.23935694614207,668.5270032410133,32.08370307626285,11.644660340151972,-16.85370455555389,1.0,
98290110,15,113.79075243873514,759.2884144651183,32.105255348949925,0.6754129574546397,-14.479977299824583,1.0,
98290110,14,260.79986170884695,331.28851922650045,32.36119507527627,1.3972365706429741,-9.262491933040081,1.0,
98290110,13,114.0921061499122,757.2828911272271,32.3778611693632,1.979460939541923,-18.107712196075454,1.0,
98290110,12,403.3207086150481,214.22158137301352,32.609684371891774,1.4868944308077516,-3.8234843697264864,1.0,
98290110,11,1560.3393600823722,55.372569718063666,32.70820525748047,2.0013945280874736,-20.351936263277423,1.0,
98290110,10,68.06001062844683,1269.4679181241218,32.85788822670389,1.3119857623165387,-7.8706931808915925,1.0,
76755415,5,86321.18785065167,1.0009130104822548,40.564728125400734,8.42066931079006,-8.8859372534844,1.0,
75831511,11,78.8676102063752,1095.50675840075,31.779018358044823,3.070852407113165,-16.629170111310543,1.0,
76755415,4,86075.35133159615,1.0037716798523793,41.52732254088983,4.8910218854946095,4.364373919313124,1.0,
76755415,2,130302.24242339283,0.663073776729485,42.45188633893531,0.7333651468898097,-6.01168050824154,1.0,
89782846,16,651.9861740023822,132.51814753925183,33.953625936994285,0.7953806168001165,-10.76261255112155,1.0,
89782846,15,198.53641458219283,435.1846495355689,33.966688883175266,1.4883530623299066,-15.276135913727785,1.0,
89782846,14,667.1162693145557,129.51265615028953,34.0183198312202,3.243050429599748,-3.214850134670769,1.0,
89782846,13,643.1044647982277,134.34831311131975,34.03829673357541,5.872767909795186,-21.54819350908531,1.0,
89782846,12,657.1218377593426,131.4824664701559,34.20538746044281,7.117277184315185,-6.032671868540433,1.0,
89782846,11,645.2251309206046,133.90674953519687,34.34168318272714,5.342917385176747,0.10638898858678658,1.0,
89782846,10,654.7048338486792,131.9678663316078,34.726330353327285,1.3693361417597316,-12.487242307974839,1.0,
89782846,9,638.3531008091059,135.34828904330362,34.86084616274775,4.913877062415963,-21.1450270236719,1.0,
89782846,8,187.40992130674906,461.0214838017145,35.03310420867092,4.232568064170209,-29.16070174658114,1.0,
89782846,17,618.9687850731481,139.5870067822394,33.56535982334276,7.823300077721115,-22.07356113159574,1.0,
89782846,7,656.9570879564436,131.51543926371085,36.14237810355144,1.0167467788219824,-12.562568361857416,1.0,
89782846,5,188.2276071635214,459.0187449226861,37.433908267510105,3.8484668902338512,-28.892284031208646,1.0,
89782846,4,647.9405211933139,133.34557289437134,38.072981573056495,8.6617369492144,-30.64379390220506,1.0,
89782846,3,655.1670442605249,131.87476500366117,39.66074948765231,0.8886974301648252,-14.252331953785927,1.0,
89782846,2,661.9912329140737,130.51532362395304,40.661723826254274,0.748749826309961,-9.287217008740981,1.0,
89782846,1,655.0217228811412,131.9040223887017,41.0383637352453,3.704664464452037,-5.857569646264039,1.0,
75679448,20,118.76354737390655,727.4959523395213,26.56782182142166,2.3327114842790895,-0.13515356242205812,1.0,
75679448,19,73.23131659959644,1179.8231140975572,26.625283920858863,3.359785266993386,-4.4268198153141896,1.0,
75679448,18,73.16929649489224,1180.8231613383268,27.1433100788133,3.2662335966030422,-8.28590418141632,1.0,
75679448,17,157.26903435101306,549.377061775311,27.345038816282454,0.7376591109620385,-10.49959412981637,1.0,
89782846,6,707.1898748939727,122.17369488350458,36.48922031038546,9.615128546016592,-11.581052255053521,1.0,
89782846,18,426.1276302814597,202.7561553399678,33.54015853244459,6.541660126597321,-13.358375517696345,1.0,
89782846,19,397.4150589565419,217.40494742915118,33.4091000827616,0.8406940066835773,-8.760223782950106,1.0,
89782846,20,680.7859203355792,126.91214289127913,33.253137853623,3.0637714503958478,-17.372727520505066,1.0,
76755415,1,342.4550699264423,252.29587057525035,44.5894748583803,9.400251476904373,-15.7210789352782,1.0,
56505460,20,440.88905890309763,195.9676663670389,31.239295798515172,2.0257858851577453,-1.9912951131977366,1.0,
56505460,19,80.1854632516007,1077.502037107396,31.599364937856876,6.676649305337293,2.778987546160863,1.0,
56505460,18,78.85043396050199,1095.7453961924898,31.69106300979513,1.5439052760644358,-6.53177599852836,1.0,
56505460,17,121.08607534522899,713.5419969114088,32.04279719138958,4.659883133093956,-1.6375314853090117,1.0,
56505460,16,448.275302808352,192.73870199567514,32.12221301476279,0.3143943098137072,-6.107001970038596,1.0,
56505460,15,80.98954493764072,1066.8043642735017,32.427950856745156,1.704315496793015,-11.169559153723867,1.0,
56505460,14,78.00041478210419,1107.6864173268852,32.64085282312544,3.546211319531551,-3.5387974278905574,1.0,
56505460,13,121.77030619880546,709.5325839038381,32.70025617234808,2.5862735950603337,-8.640831709442182,1.0,
56505460,12,1046.4318314085974,82.56629567900025,32.82395026883614,1.735633125540204,-11.33188116019619,1.0,
56505460,11,2760.125947109474,31.30291937963262,32.96468261316795,2.7591827632037393,-13.138171365245256,1.0,
56505460,10,124.75328638385753,692.5669255249354,32.99485697263708,9.884715944873022,0.5638674159274046,1.0,
56505460,9,80.4654094768756,1073.7533129043468,34.06423269015363,6.495324203656878,2.0786300047661825,1.0,
56505460,8,149.19520588750484,579.1070797887885,34.102998504277366,1.0490441103869443,-7.702167295798944,1.0,
56505460,7,1021.6508325409487,84.56901051518206,34.370404915329686,2.3168964739562057,-12.398878795971882,1.0,
56505460,6,78.93231297724594,1094.608744392259,34.6569158581824,12.188479006193404,-16.519472723327567,1.0,
56505460,5,580.6830336048591,148.79029522118452,34.67611097486633,6.617825415102061,-0.5594489093269317,1.0,
56505460,4,121.59894871903548,710.5324586286878,35.055560593848895,6.779966830404447,-3.516797265089224,1.0,
56505460,3,121.942663424496,708.529710387184,35.531477288793894,10.912458589085531,-3.9768548653131575,1.0,
56505460,2,171.243426060342,504.5449158997482,36.01058111778423,2.1862278921055633,-7.569977405912709,1.0,
56505460,1,129.84564574174496,665.4054474174999,37.748966038908065,2.7955700091603717,-13.648518410837852,1.0,
76755415,3,343.8215456327308,251.29315221068848,42.15953935207472,3.853662547551039,-3.419625175096172,1.0,
75679448,16,945.7159815692837,91.35935279070917,27.495315045292443,0.8085900704118956,-3.8777821177013543,1.0,
75831511,12,859.7655957090484,100.49250683117408,31.008007031688862,1.1132976270990866,-4.920784650293712,1.0,
75831511,14,529.3579872700717,163.2165794750157,30.896867176246587,1.853805654080503,-8.624872517540439,1.0,
86413029,3,407.5256934844702,212.01117225579912,57.65885484279943,6.895640474692186,2.493371832027151,1.0,
86413029,2,520.5961857733995,165.9635670815449,59.52117265024026,2.6711908577887584,-6.098442333844673,1.0,
86413029,1,511.33635975234,168.9690129640827,61.482327456431904,1.8092576482128493,-8.898822390397527,1.0,
74356615,20,544.7391922732385,158.608011366772,31.9799063046662,5.5172254749352305,-7.977435156142917,1.0,
74356615,19,342.82127294775654,252.02636714194435,32.31593768101379,8.829911505153575,-20.297703145648143,1.0,
74356615,18,1024.0686962900836,84.36933997983064,32.47367673878989,0.7417026201962926,-10.033881120709964,1.0,
74356615,17,1012.040359338687,85.37208936653245,32.571203594186954,1.3414681445017322,-9.027869103620503,1.0,
74356615,16,1000.324168346642,86.37200093126195,32.67212086904442,2.2639740946456186,-6.852566006440611,1.0,
74356615,15,1868.150425655057,46.248952339961754,32.70721525575618,3.1481721351989336,-6.043301603714724,1.0,
86413029,4,510.72525173153235,169.17119274418997,57.13357760062627,3.3156012767146876,-14.637765300809406,1.0,
74356615,14,561.6108370753263,153.84318516704755,32.78102466724681,2.773418730216463,-4.857724680272099,1.0,
74356615,12,202.4017916278651,426.873691705529,33.34638732268604,3.6203132969274634,-4.462926977115501,1.0,
74356615,11,573.0820037596478,150.76376405676908,33.57326195796759,2.0802633760937965,-5.441780367380261,1.0,
74356615,10,461.72057818360537,187.1261626239293,34.184081609739906,3.39861126062317,-7.513578613970026,1.0,
74356615,9,576.9193494549626,149.7609675973346,34.65178961236052,4.657763769793291,-2.884099521914095,1.0,
74356615,8,33973.36909919294,2.5431684372467047,35.63537065775199,3.1200792105420874,-2.342765024492053,1.0,
74356615,7,1000.8465017204607,86.32692411021863,35.96649402748517,5.212247567051691,1.7766839223008901,1.0,
74356615,6,24365.458525299448,3.5460034503470585,36.00519721777664,4.944943753093867,-0.9307339659222862,1.0,
74356615,5,613.4200145809106,140.8496591997061,36.04882060866635,4.935507441501272,-5.123177538571895,1.0,
74356615,4,513.6179247200678,168.21842821605136,37.002433349346575,4.244687835579327,-7.312663346264003,1.0,
74356615,13,124.86418667766043,691.9518101939306,32.941844465954546,3.619743755642844,-15.838178160627649,1.0,
86413029,5,516.8439926313418,167.16843231576073,56.80474134401038,2.7859874459724097,-13.303778808502386,1.0,
86413029,6,418.87092446419086,206.26879297129707,56.47778289159487,2.353683401961348,-10.72543009965625,1.0,
86413029,7,514.3888597570193,167.9663125690797,55.97957811706624,3.2914680590928924,-1.3410877853546026,1.0,
115760863,8,75.59609362542402,1142.9161991902513,28.38976044080073,1.0933669426626125,-11.612089063826318,1.0,
115760863,7,79.40080282484158,1088.150206624468,28.468011483111468,2.99551494280513,-13.064537840381888,1.0,
115760863,6,233.01997132803083,370.78366934639917,28.690236752205237,6.324100846380418,-9.74745851752408,1.0,
115760863,5,65.15161355790646,1326.137531854189,29.20545365600742,0.7810742833049176,-5.92440711057742,1.0,
115760863,4,279.13520416355885,309.5274215192651,30.281471664025503,0.738534140674119,-10.899075244456697,1.0,
115760863,3,164.9607515842956,523.7609502272985,30.59427338272758,6.422223061117677,-15.343869699027778,1.0,
115760863,2,65.70511213293581,1314.9661753136334,32.02668462746283,1.8425174896257772,-13.854636903673793,1.0,
115760863,1,79.54720544143933,1086.1475210918065,32.49014199451153,1.0788657854841972,-12.758676659842706,1.0,
86413029,20,423.4806134645051,204.02350722305684,49.864024742416404,1.825211069312104,-11.363509566617893,1.0,
86413029,19,504.44986368151876,171.2756930281343,50.68926585315535,3.6773631067718497,-16.85376836621731,1.0,
86413029,18,532.4993031167551,162.25373346837236,50.94962774312717,5.070759622084779,-16.132344883846315,1.0,
86413029,17,415.35961147965946,208.01252122759914,51.13264163187523,0.8079849769451926,-13.74576323708618,1.0,
86413029,16,421.50238368045564,204.98104719023496,51.28218103111294,5.859182164807123,-20.191239082419656,1.0,
86413029,15,409.44368236456495,211.0180318353776,51.69023163180623,1.3425407128345341,-19.631196505153582,1.0,
86413029,14,507.7158908596981,170.17391331538158,52.070221645736865,2.431835034225969,-8.80762919481441,1.0,
86413029,13,420.96053879159894,205.24489123854255,52.41096958421031,1.1344887941173738,-15.233649787533182,1.0,
86413029,12,519.7092534823684,166.2467993807449,52.452005787135704,3.9694023355827994,-5.198511142848929,1.0,
86413029,11,413.367080936954,209.0151925116107,52.5997757765183,2.425379811075345,-15.978116003352739,1.0,
86413029,10,419.4505337632484,205.983764580848,53.01911314605991,5.983307875015726,-21.2269056328567,1.0,
86413029,9,425.57206245572576,203.02084563877733,53.36104031828427,1.4643340896137715,-13.367563466467345,1.0,
86413029,8,513.4599287683075,168.2701904455468,55.36499510659155,4.685394115395752,-19.1666602818309,1.0,
74356615,3,375.1592638436713,230.30218983477602,37.43404328326869,0.3281816389202845,-12.536290864346029,1.0,
75831511,13,182.04149364840413,474.61706816619187,30.98112154215653,14.664304999795092,-16.844358264314252,1.0,
74356615,2,475.43003241739115,181.73021077504717,37.656953362373315,0.800948995353906,-9.779941280127673,1.0,
68504895,20,10682.211167380347,8.088213071824933,33.64502679557381,5.7761682026235235,-7.969292656554842,1.0,
89480864,14,62.14064422554179,1390.3943397562466,32.959832509129,2.844297634518796,-5.951222375740315,1.0,
89480864,13,102.82237987002345,840.2839937104861,32.991025563889934,2.4716816212971366,-5.669202294213619,1.0,
89480864,12,82.76120216518214,1043.9674357019999,33.047430918750706,3.745881263104593,-2.005704439004205,1.0,
89480864,11,6794.308768107674,12.716525396308095,33.121223342197254,4.359313317528972,-11.034170885056028,1.0,
89480864,10,7375.889843071798,11.713840884046805,33.54799900732246,5.8352740826018135,-22.033837460623033,1.0,
89480864,9,79.95451417661243,1080.6144079513767,33.550340772388154,3.207782714669804,-13.541819303880573,1.0,
89480864,8,6485.3950812895255,13.32224157773602,33.80399187434659,10.534343384479541,-6.854017603498335,1.0,
89480864,7,4467.7871164494045,19.338432594940414,33.8222122740915,11.775102716954507,-6.864234960511453,1.0,
89480864,6,87.82977258362236,983.7210943218477,33.897230118582684,3.8987590538838504,-21.80306509523558,1.0,
89480864,15,101.58158058560632,850.5478995494436,32.910572560444734,3.042562661913223,-1.2581242435739455,1.0,
89480864,5,62.051262568304594,1392.3971314023286,34.264349985431636,3.089570787083119,-10.941049731977785,1.0,
89480864,3,129.2855969092385,668.2878995458002,35.31294386478157,3.8288788810384062,-8.964238092471874,1.0,
89480864,2,8897.083655834072,9.71104727596273,35.75806823481571,8.462456591353941,-20.393987401430422,1.0,
89480864,1,224.15111287358235,385.45425401803925,41.87061719299254,9.084255543459221,-21.734304931073723,1.0,
75831511,20,459.9944284497915,187.82836194597644,30.06945367160904,3.88910420805729,-8.138721942631435,1.0,
75831511,19,241.2424084367496,358.14598502755734,30.084383465794986,8.551064888747874,-15.473667686025749,1.0,
75831511,18,295.2811325688915,292.60250815328396,30.08961939133951,5.529617750225725,-9.18485476036912,1.0,
75831511,17,284.23103295588015,303.9780670726812,30.156089218947045,2.106312552778803,-12.20727414368136,1.0,
75831511,16,182.42691546720596,473.6143226383265,30.224747821039387,7.445309419838708,-10.437200278837196,1.0,
75831511,15,207.00807782981977,417.37501698377673,30.542432767263108,1.2348522780977191,-2.1700158307143624,1.0,
89480864,4,75.92144003498936,1138.0184564489487,35.15682049398629,5.5127825293442925,-6.473900281912904,1.0,
89480864,16,76.0552988216982,1136.0155221078496,32.67587479336589,5.9273466522916465,-0.45949735920277135,1.0,
89480864,17,298.20880656538225,289.72987416136823,32.50160397913396,0.8754078350987129,-10.289511144351195,1.0,
89480864,18,69.51364222059024,1242.9214933929609,32.32550114655578,2.0651061182053922,-4.746347365552367,1.0,
68504895,19,61.93010464863388,1395.1211691018175,33.934371491104,1.0154672272967673,-3.9057061781054188,1.0,
68504895,18,14591.747539583066,5.9211550751973006,33.95911644768648,6.821115446192692,-19.657860810485232,1.0,
68504895,17,9674.028714013535,8.931129165953715,34.02511722719896,2.646980286818689,-7.721061842287412,1.0,
68504895,16,8150.1279204418615,10.601060602164855,34.389328671162275,1.3254585576420368,-9.259171550474832,1.0,
68504895,15,68.69430164158652,1257.7462458355456,34.427790699400475,1.8421164100033138,-3.3665611025543,1.0,
68504895,14,11883.47935045859,7.270597899146917,34.64874348096873,0.6364243817375836,-4.639054650648916,1.0,
68504895,13,80.88806561028143,1068.1427395763803,34.680969090455164,0.3969409102551822,-4.509475023748848,1.0,
68504895,12,24307.817093404854,3.554412132854244,34.72531367943884,3.8060409156503283,-8.894125188647052,1.0,
68504895,11,10443.161993970134,8.273356292843799,34.918241287028195,1.884862386669738,-9.712248188865033,1.0,
68504895,10,13195.690882747123,6.547591995578253,34.98107602904565,1.205601167683085,-11.093037665913045,1.0,
68504895,9,8670.565750409456,9.964747686264865,35.13618514818609,5.746513754391856,2.2546709651354604,1.0,
68504895,8,14506.14231080843,5.956097641178106,35.98693165432769,2.797525775944905,-8.96928386198067,1.0,
68504895,7,7425.460895588067,11.635641371613131,36.00549231563673,2.1523529575941325,-7.75683458547536,1.0,
68504895,6,8123.516857232199,10.635787617413493,36.483429023924145,2.1197984451747516,-11.867467750272567,1.0,
68504895,5,11800.343549164993,7.3218207283561485,36.65012247727941,1.1158057816651876,-6.811582617439512,1.0,
68504895,4,7902.111962158407,10.933785855446224,36.66982517798715,1.946752223023708,-10.563582590959072,1.0,
68504895,3,17432.858249566725,4.95615800708684,38.40926482091436,3.2986526463561745,-6.377745915834339,1.0,
68504895,2,12189.273114680911,7.088199533074599,38.73242821123813,4.037969673751547,-5.983588281260921,1.0,
68504895,1,8969.3057457922,9.63285258065075,39.73234435765539,1.4099910857068494,-9.852426916835839,1.0,
89480864,20,101.17322812822289,853.9808563832727,32.01992429183997,6.164536977657747,-21.771310085060918,1.0,
89480864,19,5632.8269296566195,15.338656961943439,32.21426993130581,6.191318166068186,-13.169036084790775,1.0,
74356615,1,320.7784254375783,269.3447973695256,37.85455622474592,0.9255011245701326,-5.893805579238858,1.0,
115760863,9,74.86555959204401,1154.0687129143125,28.283494100818757,3.1443517094122058,-8.79517277262056,1.0,
75679448,15,183.82711719148375,470.0068266315754,27.52907082195844,1.371625894590828,-4.484902406311175,1.0,
75679448,13,262.31897071089674,329.37000235191505,27.96649049921689,2.0724032894008424,-10.604550301946905,1.0,
71417064,9,164.78309911561837,524.3256163023025,31.07734037131047,2.7616409434049274,-18.186291332378573,1.0,
71417064,8,126.02259072484289,685.5913650326817,31.277532316469205,6.979415552277885,-16.058148818109885,1.0,
71417064,7,646.0502502690573,133.73572715747332,31.578955439795777,7.73128808385178,-8.634586340121416,1.0,
71417064,6,1480.1592520083257,58.37209738260922,31.633842194431168,2.4189293088076624,-13.640337458337342,1.0,
71417064,5,123.95661807380985,697.0180482703489,31.759849915957602,2.4074594025175884,-12.186727563017655,1.0,
71417064,4,167.2972994003706,516.4458739601663,32.36005255328098,4.840344479115629,-25.69479482590839,1.0,
71417064,3,75.10672361624843,1150.3630545975302,32.75199137446339,2.926397538185199,-6.9794384714646185,1.0,
71417064,2,159.95390388615957,540.1556192182189,33.98122442819488,3.1322551899307314,-7.481601705029561,1.0,
71417064,1,123.60148194898126,699.0207450397978,34.546547572319014,1.554044615010696,-11.871310168686705,1.0,
71417064,10,1455.162903859652,59.374795612803176,31.065513718768898,2.6324818498302136,-10.476014407593993,1.0,
70363653,20,158.11785613401685,546.4278489000601,31.557997586563147,1.1915282862667596,-12.653739406635623,1.0,
70363653,18,158.9923220011066,543.4224679063348,31.82217645344565,0.6712900842181,-11.363586280339462,1.0,
70363653,17,207.28083114593562,416.8258083603026,31.8780271458387,4.750646721039402,-14.873378533807056,1.0,
70363653,16,63.957562743295384,1350.8957548426474,32.00185765144977,3.0388418007752307,-11.83219687944083,1.0,
70363653,15,122.6570847874986,704.4028492091312,32.21203675782829,6.022217087737147,-29.73506482441411,1.0,
70363653,14,61.03368571342492,1415.611706716829,32.451703750422666,4.861245323641981,-9.607385587151896,1.0,
70363653,13,221.39134657796694,390.2591557234722,32.506414184831215,5.596773786664784,-22.205740724082034,1.0,
70363653,12,751.2664868906014,115.00579555677888,32.534553619918256,4.773942112836096,-12.889011118524706,1.0,
70363653,11,184.33242195679694,468.7184114591088,32.64811740897699,1.6871791826466165,-4.238132249684327,1.0,
70363653,10,249.089457471268,346.8633352736981,32.67488673540822,6.350274389515221,-1.9622873362453106,1.0,
70363653,19,123.81455339634614,697.817805984589,31.699134686874345,2.8490804614833394,-6.552052656889316,1.0,
71417064,11,160.54915787777122,538.1529317380648,31.042143490758576,2.4379874342236008,-14.93967071199944,1.0,
71417064,12,75.04148801109099,1151.3630964677866,30.840883505268835,4.5393244277368865,-8.70766578212266,1.0,
71417064,13,61.41084819860073,1406.9175485182218,30.726324671112252,9.054173687946559,-18.478754001798677,1.0,
67570994,14,98.01630184514592,881.4860219527739,33.56438565494091,2.725617202477906,-7.958446632878008,1.0,
67570994,13,729.9015101428851,118.37213486938312,33.780327293942264,2.663009497876942,-2.9953803856448644,1.0,
67570994,12,737.7218620026126,117.11730999195198,34.087213950375826,0.09604219360608113,-5.207781600922999,1.0,
67570994,11,723.9696962360599,119.34201175711661,34.358539721041325,4.017052612399368,-6.420228840823199,1.0,
67570994,10,64.86141227941951,1332.0709026160794,34.59980881573483,1.031515220142353,-4.660973551542327,1.0,
67570994,9,43147.873636740784,2.002416172982153,35.00661334111919,6.443095726526451,4.1405778741937525,1.0,
67570994,8,103.62283848389173,833.7930253998105,36.17933800224682,3.7005584700319787,1.7334274876988616,1.0,
67570994,7,723.7701767004278,119.37491040855834,36.536992571723204,2.127979217086306,-11.002813707940675,1.0,
67570994,6,711.8276506973262,121.37769573204994,36.621225799958665,2.652663671238713,-10.934175607805003,1.0,
67570994,5,177.33196225699353,487.22181213326417,37.18231037152782,0.681336701146563,-1.7797933320601373,1.0,
67570994,4,183.52992790525664,470.7679068266301,38.197795200848304,0.5283113573082119,-2.509750156433313,1.0,
67570994,3,717.7575028817419,120.37491722916245,38.51187062588315,4.59900062717287,-3.6740669399680996,1.0,
67570994,2,170.57661796834915,506.5172532382586,38.749163293669426,4.185293580785412,-4.965266119342743,1.0,
67570994,1,86240.14879057935,1.0018535590634106,44.534388874245906,8.27777146082326,3.764632621272881,1.0,
71417064,20,167.62276607849074,515.443110869215,29.927782856553108,9.940545265355269,-25.33269274083517,1.0,
71417064,19,9537.4689528727,9.05900720903277,29.965388378706052,2.380722376631809,-7.008419024797206,1.0,
71417064,18,603.3632788940039,143.19731250197339,29.98569320423678,2.2861632468707853,-8.081984953323683,1.0,
71417064,17,1651.8694738993481,52.30437474944496,30.03766681879381,0.3631462376141599,-11.095380748876778,1.0,
71417064,16,158.19118192333852,546.1745651655258,30.102493141586365,5.8582012604748,-7.422541976281195,1.0,
71417064,15,125.5437760782807,688.206159627752,30.18906280507224,2.191654524634828,-8.654678793663493,1.0,
71417064,14,6138.622775460524,14.074818271190837,30.590448124325007,3.453464313473006,-6.766089938730602,1.0,
70363653,9,1143.8962150835905,75.53132780816685,32.6811244997192,5.433047700899863,-8.693589819326974,1.0,
67570994,15,711.3883652777631,121.45264698877236,33.555207323226114,12.889241370638956,-17.96108979965578,1.0,
70363653,8,1151.77367346808,75.0147376956819,33.009673006287244,1.9044787732327961,-6.189414753705705,1.0,
70363653,6,158.6994971924723,544.4251653501664,33.32114641853627,2.0998352985453437,-18.590463898324003,1.0,
68687212,20,79.03866061134765,1093.135932867712,27.76721585674261,0.8741455576957549,-4.657525345933465,1.0,
68687212,19,191.71931700257406,450.65881388905626,27.823542755362837,0.48657691540282144,-5.809446964982413,1.0,
68687212,18,65.60090027215091,1317.0550959142674,27.916777823977327,4.194231419047014,-13.109964687422604,1.0,
68687212,17,278.74112172515447,309.9650294339868,27.939937935886064,1.4573745390092654,-10.999653951953206,1.0,
68687212,16,282.6904734519737,305.63463616215034,28.060883793745802,1.7974046397450536,-13.812066129337609,1.0,
68687212,15,275.9496030935192,313.1006496527522,28.217113158712664,2.9507291209600055,-14.649463572394637,1.0,
68687212,14,126.54032229722714,682.7863121531916,28.32641295071926,0.8283651067653466,-2.494987542611142,1.0,
68687212,13,66.57554988995918,1297.7737343936037,28.342463111279926,0.6723202842981948,-5.11960912884129,1.0,
68687212,12,271.88395286981415,317.78263883551375,28.345329487622394,3.634693112348401,-0.21307306165664386,1.0,
56484766,1,200.70726402160594,430.4776930779104,36.48167925612256,1.3634885927671405,-4.62593327234336,1.0,
68687212,11,285.44301679807984,302.68738387500537,28.397209866968524,3.6926480792781717,-6.415359027636299,1.0,
68687212,9,80.18773549047636,1077.4715044828952,29.023652825782165,0.6522478055078693,-10.318887308043344,1.0,
68687212,8,99.53339996413666,868.050323118985,29.322788113409956,3.495338870704245,-14.15851950269618,1.0,
68687212,7,66.62702353452568,1296.7711210336163,29.790877755546035,1.283868801332801,-10.863836948969805,1.0,
68687212,6,279.9241037090743,308.65509205950946,30.4543465293209,3.537061979694755,-13.639612963289977,1.0,
68687212,5,282.620423504086,305.71039038426346,30.747263771515236,3.459736790722104,-0.06297467946305346,1.0,
68687212,4,1382.9803992972354,62.4737704481599,31.13234457214935,2.1379287673610463,-9.48134879203559,1.0,
68687212,3,430.8556917233956,200.53117937099879,31.439149456982364,2.0013128686983066,-13.009803190907888,1.0,
68687212,2,65.54097900808043,1318.259222056294,31.70428411255466,4.989043860711774,-16.10988233614424,1.0,
68687212,1,126.72642159461829,681.783632117244,33.98723655609854,0.6521624855814707,-4.239555169326906,1.0,
68687212,10,284.64718264001954,303.53365594089223,28.67906612798606,6.2094403952739015,-16.307573219744683,1.0,
56484766,2,66.66093083301024,1296.1115142006845,34.097628259378666,1.5214205987964817,-6.611057448332161,1.0,
56484766,3,525.6673099037607,164.36251289017406,33.26192388050458,0.5794988050681411,-4.261424082622256,1.0,
56484766,4,71.29414845785935,1211.8806643867756,32.57465893223207,3.9396423577122164,-1.1320153287342976,1.0,
70363653,5,1114.3493728329913,77.53403206065147,33.791796771069016,2.562808920953927,-8.13310835869575,1.0,
70363653,4,183.17506456906816,471.6799210812994,35.2697425848138,2.3777385354430294,-3.1133546153934617,1.0,
70363653,3,285.93682014224015,302.16465286639215,35.70857723675101,1.3039948106664383,-9.67133236064862,1.0,
70363653,2,1128.9493823014209,76.53133201053637,40.83910877898336,1.81556278912376,-14.45027703361319,1.0,
70363653,1,1159.2859928556907,74.52863273812986,42.10043285156951,5.87749297164666,-17.524421008280285,1.0,
56484766,20,94.39272859847622,915.3247425182998,29.81826592695063,1.2995628427667896,-5.076158514448167,1.0,
56484766,19,213.13629203441084,405.37441641356287,29.86325429308681,7.659311260704413,-13.63456878522723,1.0,
56484766,18,61.335402411714405,1408.6481314663802,29.901664129613664,0.7503005030854979,-8.52628133982509,1.0,
56484766,17,373.30879001490985,231.44378678184677,29.90359491670256,1.174712610325031,-7.2608808308471,1.0,
56484766,16,219.57299905576855,393.49100468430356,29.980246683094947,1.28353731971157,-2.43440097875137,1.0,
56484766,15,61.031739886128,1415.6568395592797,30.250110127034077,2.5925593404540734,-11.163507337995469,1.0,
56484766,14,60.308717907663286,1432.6286977661211,30.530665884224845,7.950184241815663,6.983567848892733,1.0,
56484766,13,105.79838495405727,816.6476268755806,30.618654045175163,3.5016896561067767,-12.788083436025914,1.0,
56484766,12,66.60953528799996,1297.1115865984038,30.631350778700835,3.59000854252767,-2.404171431050031,1.0,
56484766,11,241.77150131679318,357.3622181664417,30.68082622168231,3.880300332500923,2.3088130471471686,1.0,
56484766,10,1168.9883997966588,73.91005763190547,30.707066166901086,1.296812737380293,-11.292610036836578,1.0,
56484766,9,145.43929274848307,594.0622947707586,30.926825468502102,4.533496923354733,2.0368226483199408,1.0,
56484766,8,69.50008836885651,1243.1638869500555,31.486151667524496,5.362208301611787,-5.114765142946169,1.0,
56484766,7,106.05848287555767,814.6448794800913,31.725758536389435,5.805701599402482,-14.705253903046724,1.0,
56484766,6,109.81080360097829,786.807829163635,31.773251231112454,3.0309207413280603,-4.64896446152801,1.0,
56484766,5,195.2558955278538,442.4962420029709,31.863872259777054,6.189054472947561,-5.847693927603785,1.0,
70363653,7,83.95018782967276,1029.1817354274142,33.198369709762915,3.8381387777043017,-17.286543675456187,1.0,
75679448,14,130.91663357942133,659.9619745613527,27.557628917972124,0.9618234067100886,-3.684606247976877,1.0,
67570994,16,96.5692817394229,894.694445725887,33.39083515251377,0.7739519302564872,-6.3665079216122535,1.0,
67570994,18,88.01290948708115,981.6741714768798,32.87874349412186,1.0785097605532314,-1.1685526147385303,1.0,
68731206,7,189314.92050021465,0.4563824117597854,39.060713180047514,5.5332344015660055,-9.167937989815584,1.0,
68731206,6,642.4294126818504,134.48948366065514,40.8378569045185,6.236859410907186,-2.683677639490952,1.0,
68731206,5,630.563877626821,137.0202180390883,41.412785516005215,2.6908474998001566,-14.073072564036465,1.0,
68731206,4,676.8753046597059,127.64537191002553,42.397901670973624,6.401414465114385,-22.11993657311143,1.0,
68731206,3,157124.40506016213,0.5498827503398844,44.49183865982468,3.6026614885599884,-19.822228724165086,1.0,
68731206,2,654.1433838212198,132.08113410134786,45.049085819002585,1.4979064090478573,-13.438427544834155,1.0,
68731206,1,55874.8777246432,1.54631210874031,45.62188268302475,2.986471583318121,-12.618620957254166,1.0,
64867327,20,18549.93665929526,4.657697844844418,28.980297946812243,4.524439942227559,-8.324879078444837,1.0,
64867327,19,315.9717844927018,273.4421370525748,29.031407207039592,3.001485098895728,-1.3186106724415367,1.0,
68731206,8,632.3216414638575,136.63932140607983,39.03636856984167,2.270854802699432,-12.510994221219903,1.0,
64867327,18,275.20210431362005,313.95108774872824,29.055766275869246,7.438379703796386,2.5353928581290575,1.0,
64867327,16,274.1451111909198,315.16155668312985,29.40736473779657,5.1579901272508835,0.6712890133982228,1.0,
64867327,15,273.27016598352935,316.17062802679874,29.51799162981274,0.4532127976472111,-7.012231944863288,1.0,
64867327,14,152.99840297201132,564.7117768660993,29.7459361870458,6.185380795905189,-14.415418972371981,1.0,
64867327,13,264.24422033713097,326.97025459920445,29.774882388179094,3.7578800258707474,1.26338499320849,1.0,
64867327,12,274.71007321867626,314.5134031223653,29.820672124770226,1.3849959648542267,-6.631112621221973,1.0,
64867327,11,273.8371277610579,315.51601751896135,29.93494760017279,0.9920998757479538,-7.327711022504047,1.0,
64867327,10,294.33148468423394,293.5465775694776,30.06151425099256,5.77514286918975,-1.813937693799346,1.0,
64867327,9,329.18000841207345,262.470374239261,30.191872844367936,1.4505890152995562,-4.233662510239924,1.0,
64867327,8,273.90484169420023,315.43801659578133,30.66389563781331,3.5666767535585677,1.2510361485013846,1.0,
64867327,17,30104.66286168569,2.869987297215727,29.27892707913975,7.493452909341812,-0.42057798903533694,1.0,
68731206,9,644.5122313705806,134.05486474052944,38.86674695335864,4.412722800966719,-16.178577701372433,1.0,
68731206,10,633.0225970959946,136.48801858948156,38.84979978039928,9.039094370794146,-8.252766361950364,1.0,
68731206,11,637.6957514303634,135.48780873355858,38.04621200613519,5.948488700008284,-9.844276485678279,1.0,
75679448,12,130.71802514523483,660.9646978984337,27.98140610920325,1.0870891358820387,-4.476035484920569,1.0,
75679448,11,114.26652834349248,756.1269363174847,28.06670262153108,0.8670897321539286,-6.397232895759402,1.0,
75679448,10,184.22014149562054,469.0040909671866,28.124028164071376,1.5097576022922325,-4.793309590358042,1.0,
75679448,9,945.7521383578606,91.35586005654616,28.21126656801755,1.1642298971540264,-0.6430848254152011,1.0,
75679448,8,66.38092155535153,1301.5787966721073,28.371011905883847,1.1861595597790036,-12.92881686445834,1.0,
75679448,7,114.11518624396035,757.129728687384,28.37608991513457,0.8696208409660038,-7.640583061729831,1.0,
75679448,6,66.48322397277948,1299.5759657409985,28.797066448835494,1.6019222379845672,-13.208210916838858,1.0,
75679448,5,66.43196185688468,1300.5787814325392,29.01761629947697,1.8534825528660548,-16.129940036737466,1.0,
75679448,4,66.43210500063766,1300.5759790265668,30.27607674233127,0.9534190354389125,-11.760533349532608,1.0,
75679448,3,935.4764125075832,92.35935705572868,30.816205949984152,1.026902079710677,-4.017204383641829,1.0,
75679448,2,261.52275877627295,330.372776749091,31.340755665233416,2.1452932507471196,-10.979756399003229,1.0,
75679448,1,945.7446125903723,91.35658702125981,32.10111048347494,1.0578038197274395,-3.648635910252281,1.0,
68731206,20,644.6756408676324,134.0208851132007,37.144431345916246,2.6306423317160466,-4.982429582923089,1.0,
68731206,19,632.3122335356676,136.64135440948468,37.20391223276329,0.4997015865275216,-8.560435465911155,1.0,
68731206,18,654.2864509840456,132.05225306141455,37.303234316073485,3.2023784118524645,-9.576078055441315,1.0,
68731206,17,641.199377297998,134.74747958129336,37.373201469402375,3.6914243635441153,-16.67052629091296,1.0,
68731206,16,677.9598646165538,127.44117241935382,37.428702157810676,0.755108393327248,-9.67820673987444,1.0,
68731206,15,647.4852333535503,133.43933660464268,37.46626387932861,2.5183032363264033,-10.900242361396295,1.0,
68731206,14,68137.89256047334,1.2680169103163674,37.586398050785874,11.55231857886912,-16.167994270806958,1.0,
68731206,13,657.7492740743122,131.35704348985502,37.84480865478508,3.74394769144277,-1.8699990750509414,1.0,
68731206,12,649.2147931430964,133.08384361007035,37.85043953771083,3.411575848177563,-12.624663439643257,1.0,
64867327,7,21196.11488387812,4.076218706745938,30.843395708205662,4.3723586937449,-5.515749047336897,1.0,
67570994,17,101.05502732209746,854.9797302474938,33.227612853773735,1.8324331487185077,-7.3617592610044085,1.0,
64867327,6,276.0839050503985,312.948340774258,30.87175149285281,2.4081441785049833,-3.3535487724781774,1.0,
64867327,4,272.41095454234227,317.1678618620691,32.164662238170195,3.5190428285441158,-10.773900370327851,1.0,
62961897,18,85.31505750160342,1012.7168934789289,31.505119194813233,2.530733769750981,-16.756522642537078,1.0,
62961897,17,91.37016363866792,945.6040851768319,31.51426894728695,1.0027760031794628,-14.751613641442049,1.0,
62961897,16,79.66736298474368,1084.5093494125772,31.551454551657116,5.739457816062213,-15.344855408187158,1.0,
62961897,15,63.81209238136479,1353.9753481776067,31.72829570934141,3.31309979601221,-20.66326740824016,1.0,
62961897,14,81.08889711442123,1065.4972884645908,32.026487424066545,3.235366334501464,-6.085720851159067,1.0,
62961897,13,91.56428919799714,943.5993088219146,32.05406138616274,0.9181831855443079,-11.98412587530737,1.0,
62961897,12,262.87976612739635,328.66736482917054,32.15069257236689,1.069959776023154,-8.831300394218005,1.0,
62961897,11,67.50360844824458,1279.9315767873861,32.1580519774468,8.825772230943642,-9.181450512240275,1.0,
62961897,10,128.87013291997008,670.442390663595,32.295454191487124,2.914140037478859,-18.098118195157298,1.0,
62961897,19,189.21750796079303,456.6173655447496,31.393163050180647,2.261771229486442,-18.474208075593168,1.0,
62961897,9,644.1173823143337,134.1370414342214,32.4142684867611,1.917777079026365,-11.086878630887924,1.0,
62961897,7,105.74254027197898,817.0789142928826,32.464968263792684,4.444229230579566,-24.895512842838343,1.0,
62961897,6,64.23321219682462,1345.0985408491092,32.55931909332571,2.0521875928855877,-4.91300315559937,1.0,
62961897,5,547.1914942376881,157.8971912207205,32.707908876129295,1.6156057826866856,-9.97207900678967,1.0,
62961897,4,107.26369268074507,805.4915679358267,34.69597087002944,3.959641868854618,-0.10450386827798752,1.0,
62961897,3,228.20460417797625,378.6076109692197,34.77436119840877,4.191704495634411,-1.846583531602306,1.0,
62961897,2,110.33767149288634,783.0507824842973,34.84880568137078,5.288983671095139,-8.390649400016457,1.0,
62961897,1,105.61293311167357,818.081625558509,42.2835301119153,1.3376110330156052,-24.153110021814342,1.0,
67570994,20,455.2094269708393,189.80274766044067,32.353121143266435,6.788662941421933,-6.183473026098568,1.0,
67570994,19,2488.778380331221,34.71582712338629,32.72002232791783,4.904026702752674,-1.7151381610853491,1.0,
62961897,8,541.3013698237819,159.61533595994246,32.428614941093315,4.4552002892326925,-4.158060103113854,1.0,
62961897,20,536.9703587269846,160.90273624196251,31.381980102051784,0.9137795636903832,-20.7827441434346,1.0,
63107508,1,243.68848074882447,354.55102241395866,39.979220921311025,3.0812696605605083,-12.65328354322088,1.0,
63107508,2,163.93705949868283,527.0315343230503,37.42134255702763,6.40405373944958,-22.17378525165651,1.0,
64867327,3,318.24564181104415,271.4883996786964,32.63927410166548,3.8055270022131253,-13.481305888425254,1.0,
64867327,2,270.7016335376825,319.1705896668439,34.65076251953019,3.26541173328485,-11.360142378122191,1.0,
64867327,1,275.01217245796994,314.16791201561995,40.91866908616498,1.3400413992633844,-12.785687882042907,1.0,
63107508,20,3102.9133111820474,27.84479981720344,31.89578962460928,5.9372471179505055,-5.795028492600068,1.0,
63107508,19,77.41636153414836,1116.043150153588,32.01916871611638,1.2465540911836115,-11.226834843876304,1.0,
63107508,18,97.19604650904682,888.9250448263659,32.14192348623192,2.144926801314341,-6.262413709492819,1.0,
63107508,17,63.01385264092697,1371.1270836324634,32.232341061258694,0.9937441752988434,-6.571523550636016,1.0,
63107508,16,271.98893711116455,317.6599788126216,32.443212229996334,6.318432686606599,-4.858587423381209,1.0,
63107508,15,131.47613509491026,657.1534821709612,32.752293152630045,3.9390642640200895,-5.255067615758094,1.0,
63107508,14,131.27581810930678,658.156248762122,33.02517470656994,0.29743677290952064,-7.777375504726592,1.0,
63107508,13,163.3164395088893,529.0343106904267,33.181605703002106,4.645677350418282,-15.698140149940059,1.0,
63107508,12,67.85144011748785,1273.3701724000916,33.49559073591013,0.5568612366924981,-15.25666462640254,1.0,
63107508,11,67.74186023238754,1275.4299882466464,33.67315462244187,2.8202138065461213,-5.6518967947232,1.0,
63107508,10,62.9678015752499,1372.1298479310472,34.21387577158475,2.341065602662411,-4.307266393696068,1.0,
63107508,9,381.9747275143983,226.19297502278658,34.60055428755322,1.7696471455901701,-17.55016127880708,1.0,
63107508,8,64.60339449705734,1337.3910252337512,35.09711849582868,4.100471268853994,-10.519726591426377,1.0,
63107508,7,1577.2690469817014,54.77822579815222,35.100518446999786,6.702939795985742,-2.38210254639489,1.0,
63107508,6,1521.6366951837747,56.78096504472449,35.382508581089496,8.508298969487043,-2.7487253862250327,1.0,
63107508,5,103.09636160924823,838.0509132559874,35.75195426627761,1.393695403943184,-10.590967457481383,1.0,
63107508,4,72.69359986652212,1188.5503009707206,35.856157872369295,0.4954385963467871,-8.048305751223666,1.0,
63107508,3,72.57131507731374,1190.5530430026504,35.929644128570544,2.1622393495994174,-17.588788908449146,1.0,
64867327,5,17020.230470878578,5.0763119893017565,31.882348010556825,5.245127156086767,-10.29704197562603,1.0,
78672688,20,876.6428474774053,98.55781091310037,26.791960618439134,3.028831762312521,-10.387890299009158,1.0,
115760863,10,135.08426801714822,639.6007563888342,28.063849815138838,2.9683737269588732,-8.836317576018303,1.0,
115760863,12,255.21240167863388,338.5415419929153,27.30818776235401,1.2048461592924014,-4.025423828026419,1.0,
69049482,17,80.38768085863165,1074.791548619763,31.60184404401639,5.017549365823527,-10.403483856298408,1.0,
69049482,16,91.60728889729786,943.1563911564306,31.751155453000592,0.8226697521489541,-5.913671117907995,1.0,
69049482,15,74.04620724015125,1166.8389674542298,32.23293734290746,3.1910194359262505,-13.36862153869589,1.0,
69049482,14,62.783642755780846,1376.154619382047,32.61570991290523,3.8237729094332167,-8.322291582196499,1.0,
69049482,13,226.7291142637642,381.0714838302018,32.97012549845499,1.6040295622553913,-12.678561253421776,1.0,
69049482,12,288.56723828135955,299.4102882731201,33.04781717198034,2.018970125664964,-4.80523321504711,1.0,
69049482,11,325.02665302662854,265.8243537736011,33.12244452316327,7.812825478670447,-23.87522169080239,1.0,
69049482,10,590.9696019382552,146.20041321351604,33.189953484591115,2.0075403652697332,-1.5046613490189884,1.0,
69049482,9,137.57100963776531,628.0392956880786,33.52407436032263,1.3625636007396338,-12.921342814718741,1.0,
69049482,18,62.605464451834976,1380.0712247166725,30.966316803206155,2.0109436436516717,-7.6367558578778585,1.0,
69049482,8,1269867.041383576,0.06803861915013039,34.35539670062781,2.6924275238875452,-8.368043529553347,1.0,
69049482,6,582.3382845306656,148.3673704702996,35.03745168410842,8.48113271105484,-14.307813361668195,1.0,
69049482,5,62.69240354060128,1378.157402181032,35.64109551775118,1.8139551784835248,-7.495764836399985,1.0,
69049482,4,366.35834092947977,235.83467427217963,36.74110234858563,6.625425084186702,-5.066197108468998,1.0,
69049482,3,135.95813800643657,635.4897269622038,37.57275003557356,1.6372985193820568,-14.094110066436428,1.0,
69049482,2,154.00367907969556,561.0255580666275,37.96818307733429,2.066950335617207,-18.62359280473447,1.0,
69049482,1,154.2794481015087,560.0227448516202,38.076038541117214,1.4530466559193087,-16.667392150163778,1.0,
80269065,20,461.3479564913893,187.27730075382394,31.846547401557018,1.8052452901427216,-13.224098004458256,1.0,
80269065,19,523.1379948033912,165.15718769857534,31.88438341424751,3.0107313164715777,-11.332396145184163,1.0,
80269065,18,174.11966242111893,496.21047272097496,31.911647372400466,5.071391613213166,-13.089349378466864,1.0,
69049482,7,326.2574537962437,264.82153585971116,34.79369059084047,6.954248848957491,-3.9768472891867077,1.0,
69049482,19,752.3636427275925,114.83808506052804,30.798207248153403,2.3237829467568645,-5.513155371071321,1.0,
69049482,20,279.9320165953248,308.6463672531661,30.687673000640643,1.082632365999757,-3.4759357543584883,1.0,
63598537,1,86099.25938767295,1.003492952372249,64.81399276727666,2.678325229561011,-13.111146927862364,1.0,
75754139,2,447.43573167647224,193.10035806991232,33.22135203382504,6.499769740166016,-2.872488149555352,1.0,
75754139,1,81.24672367379036,1063.4274970508386,35.44492024248257,3.8370791370182076,-16.496792723150207,1.0,
63598537,20,14381.708296888739,6.007631236595955,32.605137088745096,4.560297180680493,-8.679206155749057,1.0,
63598537,19,100.76643030942388,857.4284087933966,32.77660761186144,7.142878080858338,-8.67856586368032,1.0,
63598537,18,43146.600394966204,2.0024752636149765,32.96406457994874,6.812845062948838,0.6278212636640319,1.0,
63598537,17,85970.90497884944,1.0049911655723076,33.007535371803556,4.186529022382217,-4.743606204716343,1.0,
63598537,16,28744.608118130764,3.005781106666154,33.03795018566291,2.979852818265414,-5.104610221763664,1.0,
63598537,15,550.3763248600932,156.98349674100365,33.587119294684044,9.247145916049902,-17.188350166373596,1.0,
63598537,14,115.20015760483315,749.9989739282713,33.60932873337913,1.6559787958586014,-9.205203951840645,1.0,
63598537,13,1303.4367134901167,66.2863022851743,35.33851262196163,2.0922802832352545,-19.565452333960934,1.0,
63598537,12,28780.0914063364,3.002075246396808,35.37000373927924,5.440942204589874,-27.01468356081591,1.0,
63598537,11,190.8973780830347,452.59919684396374,36.47217681328698,1.555043081929,-20.307971660656392,1.0,
63598537,10,3504.1250575025647,24.656654252396574,36.650668935060594,5.283056044513785,-35.07653893811016,1.0,
63598537,9,28740.23405026956,3.0062385660770095,39.07743410249668,0.9401309112857064,-7.4567144643226015,1.0,
63598537,8,21573.995507803953,4.004821451304491,41.66542903589118,5.486782485705248,-23.287745730673976,1.0,
63598537,7,43133.1509206862,2.0030996612993435,41.93319275821682,0.9655484200473836,-8.108674307527394,1.0,
63598537,6,86419.90239066712,0.9997697013058734,43.890037093089404,3.0981764357161694,1.4682691540437247,1.0,
63598537,5,43123.31288533162,2.0035566430098863,44.69430001994829,0.679022484205376,-6.910506500024951,1.0,
63598537,4,43156.60676026321,2.002010966245694,55.68361383586614,6.099322797146556,-26.4888006328232,1.0,
63598537,3,86461.16362460685,0.9992925884635047,55.85151931559574,3.608615454251378,-30.977639647214914,1.0,
63598537,2,86140.78084774404,1.0030092500869494,58.417015804352786,4.097066064317829,-4.923229014304866,1.0,
80269065,17,135.44554006954468,637.894757964255,32.05742190791432,0.42939125682477197,-5.763075180933271,1.0,
75754139,3,115.4741513031264,748.2193982374024,32.90510960954498,6.22618556232473,-3.3293513217458894,1.0,
80269065,16,129.46032880150622,667.3859150510266,32.26083807044574,6.233335815260119,-7.181592470138696,1.0,
80269065,14,130.93502603307246,659.869269649639,32.52181485978713,10.555003008672344,-8.04632360527691,1.0,
114650782,8,98.48658284926843,877.2768584349537,33.73073042193664,4.0849475902851395,-35.18129086790708,1.0,
114650782,7,60.94657916873962,1417.6349383086592,33.87016738372495,6.020552382656376,-20.03021311589714,1.0,
114650782,6,128.4072355089412,672.8592797559592,34.48414301986202,7.73256542388566,-21.31877369543116,1.0,
114650782,5,342.9454168922451,251.9351352846545,34.66919563852025,2.7317889783236637,-23.85023226741299,1.0,
114650782,4,148.5383090546698,581.6681268951319,35.353038722591236,3.8203481015455623,-7.863010337843264,1.0,
114650782,3,340.2407459895633,253.93783965736503,36.28662495922765,3.6955840919907246,-33.59033145814391,1.0,
114650782,2,149.0515147979454,579.6653601080409,37.837683746328366,3.970172032271364,-5.810162916662023,1.0,
114650782,1,86.3586155692787,1000.4792160046626,38.060199479808944,4.419353295691735,-10.010174999377625,1.0,
67972498,20,369.47296892569136,233.8466065629197,28.859175545827497,3.362542823567807,-1.5091943946520274,1.0,
114650782,9,144.1158266141893,599.5177769843444,33.62600334226386,3.107594470168465,-25.09937237709096,1.0,
67972498,19,409.93079692380627,210.7672823031619,28.949174702533014,8.523741169212144,-8.175723373255224,1.0,
67972498,17,81.48952571688386,1060.258962607985,29.291130984766255,4.128347993201928,0.9674060277502008,1.0,
67972498,16,88629.46292415564,0.9748451265459716,29.587831225097148,2.056751600706434,-2.101561753212934,1.0,
67972498,15,125.60697497853113,687.859890063968,29.596435852253535,0.47743351291674685,-5.139239855676166,1.0,
67972498,14,101.03338058553351,855.1629124876695,29.708528965794244,3.8941419245147983,-0.7420898818856614,1.0,
67972498,13,95.32825295334204,906.3420058929231,30.252726328032736,5.0136827511601325,-5.742251591229106,1.0,
67972498,12,150.60277029773692,573.6946261293197,30.269185929489367,5.384800604483772,-7.022431632975199,1.0,
67972498,11,90.25101349687921,957.3299695187093,30.4103735569704,4.851064750674723,-3.313654170469377,1.0,
67972498,10,42734.25845449965,2.0217971043534657,30.707126796532407,2.9887087013083686,-1.3091240903521424,1.0,
67972498,9,150.34070422533222,574.6946606722207,31.293594900071525,1.428498031898485,-1.3056500002658282,1.0,
67972498,18,120.35772496282787,717.8600295634068,29.172844499416783,2.5185215005016346,0.4550584402625617,1.0,
114650782,10,104.57202702464299,826.2247797839794,33.60419662947834,1.890317986152695,-25.083014124849456,1.0,
114650782,11,60.98971895662369,1416.6322042154068,33.271970832468924,7.672524681186076,-25.952348836474926,1.0,
114650782,12,85.60664371892594,1009.2674615731801,33.20300801526264,7.394594386413132,-31.59308189575114,1.0,
80269065,13,197.90935752401526,436.56349088756866,32.56703159808944,3.4607067456419713,-12.35633917627348,1.0,
80269065,12,91.08707406750369,948.5429286703167,32.805813946696844,6.609031926224702,-12.40762222296135,1.0,
80269065,11,63.69473608562761,1356.4700210681258,32.82444665811954,7.6934702683320495,-10.061142690288165,1.0,
80269065,10,64.19058519527802,1345.9917795913123,33.013735944124164,8.18213002649398,-11.787558087069868,1.0,
80269065,9,64.0954733739361,1347.9891083093842,33.42092607941129,5.413292503750512,-12.0088999315997,1.0,
80269065,8,127.92115844627695,675.4160222547188,33.57871805723482,4.571162017722003,-18.49089001709197,1.0,
80269065,7,64.09521326345322,1347.9945787038182,33.651418818184425,10.40273602008233,-9.236615344384944,1.0,
80269065,6,62.65632003053691,1378.951077208031,34.51209326420235,2.367553457933127,-7.695965707317669,1.0,
80269065,5,63.181221110403115,1367.4949372856263,34.81888172238746,10.919145345351268,-17.373022927672196,1.0,
80269065,4,174.4722480752859,495.2076960842382,36.40376209413023,10.248952145282288,-7.660206461913305,1.0,
80269065,3,63.5539197743717,1359.4755493718744,36.564820010305084,7.624473491836994,-6.750338207178714,1.0,
80269065,2,173.76947510155907,497.21045626398865,39.517237877550315,9.512454217107432,-14.08140803088881,1.0,
80269065,1,63.60083194544121,1358.4727959866411,41.651754323955515,7.806261931356488,-11.773516868425986,1.0,
114650782,20,61.62250265205573,1402.0852169514685,32.0283017131394,3.111975609085505,-9.57497380019737,1.0,
114650782,19,86.44525592240217,999.4764788198117,32.128261438592745,2.5566701241218084,-5.60988208858862,1.0,
114650782,18,66.37488036023446,1301.6972615405678,32.193559314054596,2.6773846610238365,-16.762962951302086,1.0,
114650782,17,63.52604556708611,1360.0720653823487,32.19439934242985,1.705910575662699,-19.547113729167222,1.0,
114650782,16,123.98526673967386,696.8569917376561,32.28799450614406,1.3285744903183172,-13.082471316230055,1.0,
114650782,15,61.5784623686924,1403.0879738875603,32.61105637244884,1.8370565077721608,-10.455622545838594,1.0,
114650782,14,88.07135448809366,981.0227230203482,32.617425062550296,5.092029918210187,-11.418066346743615,1.0,
114650782,13,60.969013677324185,1417.113297211403,32.88834071647386,2.0483433432626725,-13.545431900534084,1.0,
80269065,15,526.3336856849124,164.15441828992684,32.48703730427462,4.645462111463502,-15.901348466658504,1.0,
67972498,8,63.302633389017984,1364.872128921402,32.06727429746934,0.707640978043969,-3.856495188711648,1.0,
75754139,4,65.32005291983141,1322.7178506122832,32.557411570130284,1.685415846552246,-15.949513894081747,1.0,
75754139,6,1721.6323518975564,50.18493054267438,32.41554059333771,4.095624692527792,-18.028914654768812,1.0,
89149473,15,77.61387158613894,1113.203068398796,30.481823973662756,2.4786553931547672,-8.642938343643081,1.0,
89149473,14,1223.0617149610093,70.64238782321331,30.535618384476948,6.928796916708151,-7.959748689240982,1.0,
89149473,13,359.9412659669357,240.03916241139387,30.560623641979987,8.392778122081324,-2.10968059715492,1.0,
89149473,12,90.50947850836523,954.5961530649475,30.57747403699716,5.1718285368201435,-9.85639865882277,1.0,
89149473,11,74.68931406593397,1156.7919866519073,30.60338802346007,5.148651577772284,3.2929960090795873,1.0,
89149473,10,126.32833533345443,683.9320709161552,30.63888506308996,0.7996344748723914,-4.313979640496925,1.0,
89149473,9,90.6997623836152,952.593454816019,30.840623960441917,3.4901130220872716,-10.221801143176222,1.0,
89149473,8,74.56023138390945,1158.7946871453196,31.3770539893693,6.437123886453719,2.6658831050936556,1.0,
89149473,7,639.2633527145654,135.15556559454157,31.80563500352821,1.1316413818504003,-7.483129151329095,1.0,
89149473,16,126.143387698372,684.934831515668,30.415540715450675,4.982559250129654,-11.469106814746112,1.0,
89149473,6,74.67466315013942,1157.018945318653,32.34185991810102,4.737395176781476,-5.506308739116122,1.0,
89149473,4,21448.66793003892,4.028222185257321,32.82191418506005,2.1067056336644896,-2.630089660383277,1.0,
89149473,3,26208.625756160065,3.2966245847397238,33.57710311819238,0.6855644702056907,-7.257040256964359,1.0,
89149473,2,14326.106903334323,6.03094759678855,34.319168010400574,2.0211537437802463,-1.5571490571699655,1.0,
89149473,1,25860.069497903976,3.3410583063979367,35.76595988819088,4.730922226532144,2.1837230560360013,1.0,
100517762,19,114.4035346174597,755.2214211641505,29.57562175160885,0.752725071651497,-10.223270678326351,1.0,
67669279,19,65.34484090186943,1322.2160894040558,31.763854818967047,3.4357831706345223,-3.42528829696289,1.0,
67669279,18,63.44466788003414,1361.8165700444913,31.886672079037453,5.022110016619592,-2.0861757949874686,1.0,
67669279,17,65.39443778797448,1321.2132854499175,32.058512928566415,6.673514226099087,-8.424975239642094,1.0,
67669279,16,216.54117683918062,399.0003253014875,32.24077989030047,7.012218496156834,-4.527257077067816,1.0,
89149473,5,194.93753029846863,443.2189115544506,32.45131385750312,1.939186047601865,-2.166436133845309,1.0,
89149473,17,1848.091399063985,46.75093452832451,30.222056917005943,4.7518853256040785,1.7196032723794161,1.0,
89149473,18,81.2192200303838,1063.7876104655782,30.19017533530473,5.3815631607768495,0.10020973549147527,1.0,
89149473,19,1110.1890856343616,77.82458062144529,30.123524279132823,5.093699001329938,3.959928302005835,1.0,
77445751,20,122.75916810038974,703.8170862264559,28.713675768939197,0.9127144430533463,-6.93305919234902,1.0,
77445751,19,72.68501098671655,1188.6907469242856,28.925713580067168,1.7971237849509976,-4.043376102048001,1.0,
77445751,18,222.65814058679118,388.0388104037079,29.162579833928476,8.264658477005696,-11.752747962549876,1.0,
77445751,17,246.47836602191978,350.53786421286276,29.174684865306517,3.441048733340608,-8.791018794792706,1.0,
77445751,16,116.34262353783687,742.634104102879,29.18236121983955,0.056959491036195686,-5.515044862830848,1.0,
77445751,15,239.2426640541597,361.1396000022838,29.49798553395101,0.7391747773522184,-7.290947753096475,1.0,
77445751,14,43078.859543200655,2.005624125526251,29.689051789551513,6.226255492695998,-2.311036938838299,1.0,
77445751,13,74.61376723697009,1157.9632445792122,29.695681954367046,1.082697700066234,-10.179076179976732,1.0,
77445751,12,121.83640802090122,709.1476300350052,29.760022019476082,2.4765150457807295,-10.11581432398279,1.0,
77445751,11,124.7948076191802,692.3364973938294,29.76998504763833,3.313189974641773,-11.577571008391573,1.0,
77445751,10,111.45968445556993,775.168173335721,29.799603298524517,2.340367438192061,-2.0976570676768347,1.0,
77445751,9,8466.223453828343,10.205258634052562,30.476656569880788,3.548036413843107,-9.790421980859435,1.0,
77445751,8,111.17245977523243,777.1708944344923,30.489656006888595,3.7426778215277636,-3.567503763898003,1.0,
77445751,7,10533.343386629947,8.202523816860293,30.676860517128375,7.139543681923527,-13.139165207382177,1.0,
77445751,6,226.1420797394352,382.0606943190386,30.70867629186887,3.46615360717945,-9.802353466073498,1.0,
77445751,5,62.764464574329644,1376.5751143735108,31.69676308898795,4.999619791557507,-14.368856611104775,1.0,
77445751,4,333.4195129723183,259.13300403378986,32.12580884966053,3.1901508193948587,-2.0666234924785556,1.0,
77445751,3,97.68429529687883,884.4819910653603,32.437332681295175,2.014748727573391,-5.498161137311115,1.0,
77445751,2,80.55457326577512,1072.5648029310387,32.87631139412633,2.1143846879396335,-2.7510300838775095,1.0,
77445751,1,86155.8462230957,1.0028338619792798,33.30706837292314,3.521302443693571,-2.0623694981989615,1.0,
89149473,20,1089.0591255635638,79.3345356298171,29.986946712492568,2.1224964201069696,-3.921350824858038,1.0,
67669279,15,834.9787750403673,103.47568415235821,32.398793005430434,0.6643709490766696,-3.308510263520702,1.0,
75754139,5,418.7355717062115,206.33546762685592,32.53639732949421,6.193405169081302,-12.930213272340268,1.0,
67669279,14,71.8907302744979,1201.8239301520775,32.433534200036775,0.839553929278452,-1.1290411563309135,1.0,
67669279,12,1103.248334816851,78.3141902628325,32.56278177362219,1.808689432631354,-8.775679893884671,1.0,
62243776,6,72.73548914382549,1187.8657999969537,29.06798716183266,3.90953419912352,1.3543319435961578,1.0,
62243776,5,86.17632672888848,1002.5955303457665,29.09138195368473,3.1434459424420567,-7.433084877353679,1.0,
62243776,4,181.63261938297006,475.6854814598401,29.12428229750128,2.5570191329234575,-5.34801636903056,1.0,
62243776,3,68.19751525558071,1266.9083276157887,29.450395063136057,3.554790223775825,1.684173545530541,1.0,
62243776,2,86.26260272070809,1001.5927791993104,29.569204034640165,4.166453224903179,-4.674881736108134,1.0,
62243776,1,184.5191684247564,468.24403522733394,30.093673021350583,2.6501704262600327,-0.41657092998188716,1.0,
75754139,20,62.52211047914649,1381.9111245263816,29.74555569116103,4.505564810901831,-14.847104366710482,1.0,
75754139,19,119.13422897702853,725.2323764705746,30.4244419049121,3.390528149088567,-15.292254999570758,1.0,
75754139,18,63.298102236222796,1364.9698323902826,30.538290231997166,2.9560343352647465,-17.305986407297553,1.0,
62243776,7,85.60552096658905,1009.2806985395373,28.343018462146688,6.392446346169805,2.449644103646058,1.0,
75754139,17,63.34463582966921,1363.9671121059973,30.544076090909925,1.2454969916352638,-14.551848474055191,1.0,
75754139,15,1756.7373510566497,49.18208174263032,30.682560773398905,5.303687616234328,-13.784990778911151,1.0,
75754139,14,1023.6927525980019,84.40032400417782,30.98500305111463,4.364444852009228,-9.683771366852056,1.0,
75754139,13,105.12207433666147,821.9015896061698,31.095274507917225,2.3636875160112822,-9.325180839555372,1.0,
75754139,12,335.2130057987276,257.74656264941365,31.269898598300983,2.896726436725146,-16.561504596270964,1.0,
75754139,11,449.77116407999944,192.09768633507215,31.384282593243256,2.6295359279597506,-1.0592297966075819,1.0,
75754139,10,336.5222324879592,256.74380964738015,31.506718288364596,3.62641345779096,-19.59928642821751,1.0,
75754139,9,64.51085194828724,1339.3095485587355,32.00369568013468,4.346118367865529,-15.184133221605265,1.0,
75754139,8,348.8873508078371,247.64440384537778,32.00864007709015,2.5387252772757734,-13.622483374189642,1.0,
75754139,7,118.96974600690615,726.2350547086527,32.095813383920245,3.2502136200724294,-18.169898637017013,1.0,
75754139,16,81.32341475775151,1062.4246443336249,30.628697827291603,2.0087141843743836,-10.189769959261639,1.0,
62243776,8,63.747412884218576,1355.3491207074435,27.823487563481876,0.866839471694206,-2.1059018169359973,1.0,
62243776,9,85.77570116180885,1007.2782714654055,27.722159361903323,12.137002044831718,-0.5843901531463302,1.0,
62243776,10,85.69065429617436,1008.2779821166253,27.499416411644916,4.03565619588862,3.0098428673413835,1.0,
67669279,11,64.90388876988789,1331.1991259310369,32.645939978781826,0.7942222457926391,-6.0628533165981935,1.0,
67669279,10,89.59787917305506,964.3085394144377,32.8173126318261,4.710531240059083,0.9317211206556522,1.0,
67669279,9,43118.57349331056,2.0037768645895517,32.985043573555686,0.9875288077322466,-5.874495890755668,1.0,
67669279,8,69.2084164819082,1248.403075695076,32.99142479022703,5.1076643176086804,3.0647955796636666,1.0,
67669279,7,80.26686156230498,1076.4093465014118,33.196430894990044,4.290811888183441,0.0945136970848921,1.0,
67669279,6,149.50232771626438,577.917423225515,33.374218853398816,3.1363254054725758,-8.283749592878337,1.0,
67669279,5,89.69114408419868,963.3058077494353,33.696325227307625,2.002999452066547,1.1157993075682953,1.0,
67669279,4,219.77981586115476,393.12072248974374,33.941828043167334,5.046915758774958,0.13741300305696313,1.0,
67669279,3,81.07287164214232,1065.7079026554254,35.37699963767682,2.385479820416549,-5.623952512224946,1.0,
67669279,2,64.90553820310816,1331.1652963978122,36.60426778618739,2.148496197015902,-3.079800756876125,1.0,
67669279,1,89.78434577193441,962.3058369158122,37.71862467365554,5.477086353181846,-1.052105087710629,1.0,
62243776,20,183.34263437343563,471.2488194318126,26.42502927405667,6.635447039068417,-2.32810476235737,1.0,
62243776,19,184.1248819691176,469.2467366495934,26.472161732001723,2.2239230830478505,-0.1523122547369411,1.0,
62243776,18,64.92515492149676,1330.7630933567925,26.480814192550042,4.596933074762859,1.343713740072836,1.0,
62243776,17,213.1044827746666,405.4349250426516,26.666663983415447,1.53724165110863,-4.770379605482717,1.0,
62243776,16,200.06262099783393,431.86478098242776,26.69915142779689,2.9320192701240018,-5.936511932912751,1.0,
62243776,15,181.25054788039947,476.68821424480416,26.709178062358774,4.0519287997543785,-6.906829329193727,1.0,
62243776,14,300.2699392868024,287.7410912501473,26.802817895916633,3.542244855312063,2.8086464166575524,1.0,
62243776,13,72.67414046381096,1188.8685500590684,27.238267787343034,1.5679103109336552,-2.2751450884033915,1.0,
62243776,12,72.67431291260813,1188.8657289941937,27.313953014872823,2.697596135158747,1.6262648517884202,1.0,
62243776,11,183.73348425107642,470.2463481394182,27.42025820693027,5.6386506277864115,2.7098466295773846,1.0,
67669279,13,188.37874550896206,458.6504691204112,32.4438960086577,1.818006034505629,-1.4060253915541807,1.0,
115760863,11,75.52296308918042,1144.0229099323813,27.76405852763139,4.082017416289887,-15.817990281519371,1.0,
67972498,7,63.25615950905952,1365.874891402881,32.08364176256316,2.2706993518669947,-6.740279778719241,1.0,
67972498,5,44495.85107126532,1.9417540718935855,32.736227100874544,0.5633572162085443,-0.6287235185990596,1.0,
77081980,1,1200.9095798315523,71.9454665455488,36.54572285847871,2.018740071384144,-12.547916347725334,1.0,
67149232,20,305.23253328046815,283.062880196358,33.42532900372498,3.4053323016224795,-10.807264048906973,1.0,
67149232,19,23228.145485042976,3.7196254025373885,33.44371092324036,2.201584663628978,-6.536419461863261,1.0,
67149232,18,11322.776947084887,7.63063693683767,33.521592152850644,7.411334092877041,2.910574770065182,1.0,
67149232,17,62.056253901425116,1392.285137566382,33.57705153574716,6.520250646097736,-4.030318159196781,1.0,
67149232,16,66.13978479887997,1306.3241778413394,33.65148289216859,6.798907028727058,-4.345085891906933,1.0,
67149232,15,60.041544176634325,1439.0036296505393,33.67220174322074,8.411468885888212,-18.84312414712349,1.0,
67149232,14,74.52076738217993,1159.4083506534146,33.73564463561388,3.421590256900231,-5.694090010154753,1.0,
67149232,13,31973.124940025282,2.702269489205946,33.84042309315646,1.9781991589604786,-1.3408787059085512,1.0,
77081980,2,91.28737813304865,946.4616222636448,36.42031455644178,6.278962870234494,-17.82289449069711,1.0,
67149232,12,12434.509863958532,6.948404154668829,34.65009430567261,1.92724983934977,-10.701990024035467,1.0,
67149232,10,15354.004663697817,5.627196415035584,35.04959989386316,0.4164400040014584,-5.634163496849055,1.0,
67149232,9,138.12841065847962,625.5049166794706,35.063800455964156,0.2551442349394506,-4.981956964054746,1.0,
67149232,8,21913.414426661537,3.9427903985094694,35.16900897618052,2.035370535517245,-2.719945720873284,1.0,
67149232,7,73.95178873249904,1168.3287379637165,35.39397600933307,6.941846663863259,3.774501743133328,1.0,
67149232,6,93.80902809140763,921.0200953772993,35.5278471573356,0.7729507487073306,-7.220937427089723,1.0,
67149232,5,2119.9851707342723,40.75500205979023,36.37762312159384,2.3396827418617363,-2.9017803287420634,1.0,
67149232,4,167.22245693235868,516.6770156651191,36.95459379994054,1.5626315975628131,-8.690724042179852,1.0,
67149232,3,50325.582704623914,1.7168206577379892,37.44777588312354,0.3105039059374235,-6.379644653076184,1.0,
67149232,2,73.88854868034609,1169.3286922413442,38.35852429205352,6.411181791619299,-2.115285000432266,1.0,
67149232,11,14531.819859646392,5.945573289132584,35.00389990655458,1.4613253686836174,-7.260583508391278,1.0,
77081980,3,226.4774694499967,381.49490194244686,35.99371739377966,2.9695491906398104,-4.053168889223116,1.0,
77081980,4,113.4256440345111,761.7325053381384,34.53046716512358,3.0795323277365583,-3.6156331650278446,1.0,
77081980,5,62.942132176328705,1372.6894373065636,34.42623038419492,3.125649925766197,-11.10622965828722,1.0,
69472918,6,802.6335063826855,107.6456431396543,33.208992250422284,3.8386304271136,-0.36828625504914214,1.0,
69472918,5,63.07219578776924,1369.858761390299,34.53808740298763,4.694483065794103,-9.533818251088874,1.0,
69472918,4,795.2253636764663,108.64844602108471,35.37226884352708,3.7141082520532365,0.2533634382177752,1.0,
69472918,3,337.78058344246307,255.78734905204288,35.40970679727178,0.2583538955794893,-7.2561968448839735,1.0,
69472918,2,111.15314369449405,777.3059504054298,38.94045963593322,0.6537434266870292,-12.879161229329128,1.0,
69472918,1,111.29671840219366,776.303212173568,39.09296745611846,0.0628029684247764,-9.198880390850377,1.0,
77081980,20,250.5669647762382,344.818001356073,30.373349765461853,1.2555749965454197,-7.624603627693062,1.0,
77081980,19,198.20183620755375,435.9192712499561,30.53218522287534,1.2197641397299321,-3.1773831585699384,1.0,
77081980,18,80.20311182829862,1077.264934370226,30.55414349323246,5.6909128189304,-8.583152447185938,1.0,
77081980,17,333.0283061896044,259.437406353109,30.767686519545578,3.606983989213205,-6.97934560119586,1.0,
77081980,16,91.19076387325306,947.4643739149747,31.188492797921754,2.0589092441466335,-11.15240312308913,1.0,
77081980,15,72.02045065271663,1199.6592525728797,31.66942185134144,5.556213379702086,-13.95022297602523,1.0,
77081980,14,68.3325125180035,1264.405431854072,31.728788601858014,10.454208070440558,-20.562673770681528,1.0,
77081980,13,198.38079169535087,435.52603687902723,31.74410331389936,1.684550693747866,-4.110146741480747,1.0,
77081980,12,197.61562920882724,437.212382167901,31.876792418485365,2.9881765670183142,-4.627040276701678,1.0,
77081980,11,95.02036018819298,909.2788096033324,32.25177191423518,1.7160935431968483,-2.370659132126576,1.0,
77081980,10,76.24207782006809,1133.2324940553783,32.30495137023627,4.282100879107702,-13.52024983457568,1.0,
77081980,9,1307.7887261151977,66.06571709533867,32.669158281351656,4.590080381704041,-17.472687436469812,1.0,
77081980,8,216.1873513103973,399.6533537984314,33.14590368576569,6.317483176769002,-8.078243058355042,1.0,
77081980,7,252.73249534839312,341.86343897288367,33.185096426475184,9.385634972428392,-12.073746408471692,1.0,
77081980,6,61.3192631126381,1409.0188892402505,33.28569096282308,5.977647631961503,-9.809432802432156,1.0,
67149232,1,74.01531895522777,1167.3259160345413,38.622581400194576,7.413302115735462,1.4209273907877673,1.0,
69472918,7,339.1099235482534,254.78464061434576,32.55747773567259,0.8912850285190359,-2.895067473008808,1.0,
75038556,20,87.60820935138341,986.2089482215364,28.946588405696048,5.463797806657965,-19.189998157156765,1.0,
75038556,18,352.14709990453866,245.35201347227235,29.036708707191337,4.378165006041144,-12.592413873968951,1.0,
70693392,12,262.16964841935,329.55759951968207,31.36298460218893,5.634710640834726,-11.519425263932135,1.0,
70693392,11,364.99155564280505,236.71780528685545,31.557692971923757,4.554157778431119,-1.130889773123613,1.0,
70693392,10,417.7838447051059,206.80550742929213,31.915522990916315,5.832309225363076,-10.150599016584238,1.0,
70693392,9,120.175107565816,718.9508855041508,32.75034782025034,5.427867145625157,-17.695181966872326,1.0,
70693392,8,274.3896338313362,314.8807000963782,32.90822766425083,2.691918315955064,-2.5364287693938934,1.0,
70693392,7,415.7733838976461,207.80550979489755,32.933966191534296,6.245712125212862,-8.829171624986998,1.0,
70693392,6,65.31364274576254,1322.8476680793542,33.47402360954402,10.77262880097146,-4.741333549276561,1.0,
70693392,5,67.39362361638358,1282.0203954576486,33.87089103245535,4.895355585832306,-16.521272028689452,1.0,
70693392,4,306.5273555491807,281.8671757540334,34.168186375522055,2.4468599095199863,-12.889070984862315,1.0,
70693392,13,78.37697589290096,1102.3645530552517,31.318831724855045,8.569515569977398,-13.756351424945365,1.0,
70693392,3,305.4406495731908,282.8700113122845,34.78224117748687,2.9276272299193806,-5.020624675016506,1.0,
70693392,1,419.8194804457662,205.80274147416907,36.010966032980946,6.1410093685688025,-18.298486908652023,1.0,
115760863,20,106.84516952651244,808.646758509385,26.796475106300022,1.6420202715901837,-9.706566582370385,1.0,
115760863,19,78.68784185657262,1098.009526776508,26.861421752804176,5.101164028374626,-10.910749401967394,1.0,
115760863,18,1592.5933701464357,54.25113630358495,27.000722155164453,1.0225158294986727,-5.686250423320416,1.0,
115760863,17,1614.004202335598,53.531459134351714,27.0533248060417,0.7701462611886996,-8.264267484734034,1.0,
115760863,16,340.6459139732996,253.63580320758572,27.066926302543948,8.335078266068933,4.256016172120155,1.0,
115760863,15,254.45478210952265,339.54952343089246,27.12844775359497,4.091112546301815,-6.497854970790115,1.0,
115760863,14,444.9613455831967,194.1741700883214,27.159845374950805,1.1607413737590946,-3.564397769072002,1.0,
115760863,13,81.82042851270039,1055.9710034589805,27.297138200117615,3.853958156872636,-3.041783591639785,1.0,
70693392,2,96.39135654590626,896.3459286813969,34.91163915323898,10.487173473638563,-10.838757011609232,1.0,
70693392,14,96.49931286756231,895.3431628946123,31.137598762644302,13.581044417674804,-5.222234130980894,1.0,
70693392,15,96.65268979744322,893.9223541638628,30.81009482515242,5.002159862440891,-8.775124552529519,1.0,
70693392,16,489.01739112261777,176.68083296926304,30.68113934914743,2.276864187109595,-5.274040499744046,1.0,
75038556,17,8073.15149635552,10.702140302830157,29.145631118007373,1.4805180775151712,-16.07932032759524,1.0,
75038556,16,86.83945907103859,994.93940800945,29.179315588745112,6.070287965927122,-6.370130321762986,1.0,
75038556,15,1088.080674664668,79.40587679918801,29.397798497126928,3.0664248232745024,-2.997338074802059,1.0,
75038556,14,143.79464271325944,600.8568773475799,29.43310256759628,3.4269989781766412,0.5642253319540202,1.0,
75038556,13,207.69263321112928,415.99934799887853,29.510474243080125,1.5564343025810956,-12.184928212541166,1.0,
75038556,12,87.74510473135308,984.6703159626813,29.73826151533649,2.0627058488153125,-12.856270833643663,1.0,
75038556,11,498.0079736180487,173.4911980872523,29.893008971299878,1.9393421294786606,-13.4766717525886,1.0,
75038556,10,11616.054011186088,7.437981944367517,30.25246155038235,3.2272443523268635,-12.171474490317024,1.0,
75038556,9,99.37074964806052,869.4711502731058,30.39178865158624,2.28756626079155,-10.488360547422843,1.0,
75038556,8,119.0593554394788,725.6884575015152,30.69015988705337,3.2436671763541938,-16.17324199810278,1.0,
75038556,7,78.98320006006544,1093.9035128267049,30.71377875292194,2.051620767866126,-17.6855734356366,1.0,
75038556,6,350.71755078082407,246.35208533944868,31.09119568044639,5.064542967441099,-16.774217384991033,1.0,
75038556,5,86.25858642295967,1001.6394144966268,31.099177255918335,1.676319095036746,-7.9800606892974315,1.0,
75038556,4,89.87317086846781,961.3547532049258,31.38435902841593,6.750150223929182,-0.5755316683123226,1.0,
75038556,3,8643.800485269652,9.995603224211239,31.745235530291666,1.87541929288534,-17.652431998926176,1.0,
75038556,2,86.34479065422978,1000.6394056358455,34.12511962984718,1.8888195578743705,-14.519630892785273,1.0,
75038556,1,86.43140007218861,999.636705269585,36.91579656689396,5.79355471277907,-20.74072809682727,1.0,
70693392,20,417.78943227939027,206.80274158351935,30.392339619474797,4.709712946558227,-12.909202845030222,1.0,
70693392,19,260.5860602086054,331.5603295542161,30.473979330864836,6.2453605783333614,-15.624546290428725,1.0,
70693392,18,67.44637728656488,1281.0176539639087,30.54572915790152,7.293437287110294,-20.94371773761509,1.0,
70693392,17,60.13350377341088,1436.8030229132155,30.61329168432144,0.36130723207287474,-10.999959503088348,1.0,
75038556,19,118.7316706779822,727.6912681059592,28.958446660820755,1.494752064959215,-9.591217124099956,1.0,
67972498,6,74.57184868545109,1158.614162355567,32.649854193158035,0.31245047193664277,-3.830171501821596,1.0,
69472918,8,97.93858736683005,882.1854829944388,32.515040213018324,2.319821819860536,-2.8289296318381076,1.0,
69472918,10,744.9249647932669,115.98483616934212,32.08708093654121,3.679405476716596,-0.07888017797020552,1.0,
76252702,19,394.15198101905486,219.20478434896685,31.756171256911784,1.487054829693136,-7.528549159556803,1.0,
76252702,18,447.04738667726417,193.26810216290235,31.771094477493534,9.226802310264247,-2.788393565018964,1.0,
76252702,17,218.49452880783483,395.4332425229215,31.826903169129764,5.697178960961992,-9.181644102347377,1.0,
76252702,16,123.02257865810809,702.3101039046999,32.04955440885874,1.2887146707264492,-4.867538891381912,1.0,
76252702,15,104.99338196040485,822.9090099467718,32.39588032887741,1.3177553885865336,-11.83584195864995,1.0,
76252702,14,72.92165811159738,1184.8331790231061,32.72312069787313,5.039718470376442,-20.263346847355876,1.0,
76252702,13,107.45546052348645,804.0540664856732,32.806914331761845,2.7390735941707476,-4.450193947322987,1.0,
76252702,12,78.15023540685293,1105.5628885850247,32.8834957950362,0.329662366334162,-9.512007701018149,1.0,
76252702,11,170.41776216448844,506.98940593179543,32.89655046199232,4.658643407075658,-7.111318884409343,1.0,
76252702,20,103.46848335117754,835.0368846787268,31.350160792200995,2.7693513875875055,-11.488686188524923,1.0,
76252702,10,218.49300257625632,395.4360047290096,32.960168161932415,4.500164639309105,-10.963820901478698,1.0,
76252702,8,110.59139905367452,781.2542452606694,33.22484799832637,3.180774596046888,1.2737190880475282,1.0,
76252702,7,217.9418645419118,396.4359953586827,33.25577111309167,6.809469730299668,-11.038410956608175,1.0,
76252702,6,93.36074937495678,925.4424431941852,33.35979044284613,3.1295628663980324,-10.592629811589518,1.0,
76252702,5,104.73847835907263,824.9117359123433,33.394300902529494,3.9399248704608567,-9.955016140021485,1.0,
76252702,4,118.8482246820119,726.9776240341009,33.555869865702334,4.625190911329298,-10.014461272362837,1.0,
76252702,3,316.0883236113293,273.3413212258981,37.2310570083157,0.6412571972813339,-10.39511152610686,1.0,
76252702,2,219.0484509089098,394.4332846979548,38.352394376394386,6.4728729182398865,-19.965909677938726,1.0,
76252702,1,222.5131825784537,388.2916014179838,40.88640859866382,0.5074372524034629,-9.587725152604548,1.0,
78921678,20,60.55547826671158,1426.7908118809394,31.9307094701378,1.2332911443850492,-23.286336407296858,1.0,
76252702,9,214.23408826939152,403.29716292094076,33.171250722672085,11.986302220776224,-24.212727983614172,1.0,
63317491,1,151.0733173326841,571.9077433755915,37.62668903988879,2.6735407178498463,-3.5178422872781994,1.0,
63317491,2,107.45278225700123,804.0741075773353,34.87560936580485,1.8044754031182038,-7.365673420965777,1.0,
63317491,3,82.87992422006037,1042.4719956378485,34.64343764659452,0.9937736589914721,-16.325155535957492,1.0,
67972498,4,755.2253459688965,114.40294007764714,32.852118588637495,1.1909802825118163,-5.807176473147024,1.0,
67972498,3,81383.29216328244,1.0616429699925674,33.91655985273269,7.085216012513484,2.271567532993899,1.0,
67972498,2,91757.1496397091,0.9416159976552855,36.65142327891806,1.244016819846209,-2.5890981277804315,1.0,
67972498,1,1407278.135377347,0.06139511289773058,36.77238422303276,4.753484772214847,-6.864134757726646,1.0,
63317491,20,407.5077645776277,212.0205000009057,30.359149493670884,5.22210885468121,-21.66518539611377,1.0,
63317491,19,329.78124909813414,261.99185137506,30.447331342831603,6.65843648742441,-11.711727061519241,1.0,
63317491,18,179.63796914438183,480.96736125176886,30.489553714851354,4.810317678444335,-15.351190207146374,1.0,
63317491,17,88.31523146303117,978.3136902739944,30.52091136772333,3.6043673529233047,-7.336483623665686,1.0,
63317491,16,121.63533385211164,710.3199149767455,30.53410884755158,1.1426040644746536,-4.926839373664279,1.0,
63317491,15,161.65262403500293,534.4794154488433,30.565847039390064,3.054017937725348,-16.016851591906857,1.0,
63317491,14,62.41170794762815,1384.3556416129688,30.639865446210024,0.9605754781177893,-13.529819638977528,1.0,
63317491,13,640.6216189770432,134.86900448031267,30.667456762367237,0.5882273249311538,-10.966409950165598,1.0,
63317491,12,164.02000979951387,526.764997183021,30.712829693046842,7.402616227553608,-0.3079469683211755,1.0,
63317491,11,124.46453811259016,694.1736281690362,30.8376588645051,0.7735886680991371,-13.390193666699133,1.0,
63317491,10,351.21266052154755,246.00479911998843,31.43822401763964,1.6229468220390117,-5.494411693510983,1.0,
63317491,9,66.70822213082452,1295.1926650144721,31.77636514726055,1.056402602971957,-6.592583450096981,1.0,
63317491,8,122.92127649979945,702.8888932839952,31.838173240625565,1.270104394904365,-3.7892698364335047,1.0,
63317491,7,1201.8683706549757,71.88807202981393,32.08357676787591,2.5755526960366524,-4.7456610142886575,1.0,
63317491,6,179.26422520316427,481.9701192587695,32.10387708939652,1.9798364276811071,-20.347817496137395,1.0,
63317491,5,305.1644942245408,283.1259915068188,32.23842968456211,1.3884080660036489,-14.46167537282713,1.0,
63317491,4,1615.3912764500803,53.485493737386776,33.67639414454152,4.041860680302079,-7.900498565044586,1.0,
78921678,19,116.3617025744042,742.5123394422143,32.03726433394445,2.2539060177105625,-15.09573976968133,1.0,
69472918,9,105.09352106064168,822.1248953124805,32.231656985627694,7.155594918509848,-1.2363598703186511,1.0,
78921678,18,113.96310837832334,758.1400790962801,32.12711360444155,7.218676951902495,3.1775558837526034,1.0,
78921678,16,167.63049731266977,515.4193382773539,32.40304933539801,1.0642684646796,-8.719098878918317,1.0,
69033605,10,668.6927964190094,129.20731382585572,36.17913177802939,2.2901578497577475,-12.153703453851108,1.0,
69033605,9,124.88164124139738,691.8550968832,36.57225156193181,7.3854886591882405,-14.764209829606216,1.0,
69033605,8,1692.8271116357496,51.03888011133823,36.60833302110768,2.311484480549666,-8.231168524680243,1.0,
69033605,7,43122.274609503824,2.0036048836106177,37.832928736590475,2.7565345150181884,-5.108598959545702,1.0,
69033605,6,43135.42107512429,2.0029942410791928,38.04710584964596,0.7582538639123868,-8.361476703281028,1.0,
69033605,5,43160.378429962126,2.001836015877487,38.55565746498269,2.9899369260355115,-2.993694907655822,1.0,
69033605,4,86478.24352267536,0.999095223035435,39.30290111339127,0.7752684488697241,-9.08933365741916,1.0,
69033605,3,86089.34215313045,1.003608551756813,39.50895616827165,2.524456092672267,-6.611179360368965,1.0,
69033605,2,1628.9094195069224,53.041623410928295,41.30814725745768,1.8589117662888839,-5.607433927682109,1.0,
69033605,11,185.9274177971067,464.69746648277555,35.190617576111435,3.0362954969881457,-10.267563275792668,1.0,
69033605,1,86144.9212069465,1.0029610427344953,59.17115162864775,1.9649506931893939,-14.040085103951583,1.0,
69472918,19,97.82739266126062,883.1882119067676,30.741505723708087,2.513514007901975,-2.447953506009739,1.0,
69472918,18,136.4351072908801,633.2680914436114,31.145847902260982,3.565195337137439,-1.7680461908136493,1.0,
69472918,17,174.1474162231727,496.1313918621509,31.414380392628914,2.886282587130367,-0.942779530099358,1.0,
69472918,16,105.47911384795638,819.1195095224434,31.501021947019694,3.2843771624544473,-8.390739468294782,1.0,
69472918,15,140.65526596863296,614.2677944192133,31.604871928402872,2.076800437774935,-4.292949784398203,1.0,
69472918,14,90.42186143844842,955.5211386442629,31.641012488149443,3.497904806414283,-8.980697562864336,1.0,
69472918,13,63.02606355038767,1370.861436252091,31.703347244925624,2.1561758702171687,-12.126710474716944,1.0,
69472918,12,105.2218520254891,821.1222130843157,31.969121118532996,7.099658039803657,-3.671167465077062,1.0,
69472918,11,236.16455070812842,365.8466088197133,32.0397184971531,4.084887906326472,-5.363438031943957,1.0,
69472918,20,62.633880814320015,1379.4451002666647,30.71286212101319,0.7433534415652332,-7.899160307090611,1.0,
69033605,12,75.10709553168795,1150.3573582278593,35.143614234881625,3.7557633487002704,-7.161200083995595,1.0,
69033605,13,1660.2090058140434,52.041640358188424,34.92644128584561,2.8919956882044744,-9.059149515312242,1.0,
69033605,14,497.7489990950608,173.5814640653837,34.571854886744404,5.052669859675007,0.4621252554406965,1.0,
78921678,15,130.2625236375545,663.2759567932324,32.798068402979425,1.1846307788816546,-7.154074346499698,1.0,
78921678,14,261.8611757634901,329.9458186120551,32.81251648053524,8.92251556185127,2.5988427907115863,1.0,
78921678,13,66.35555121094843,1302.076441582544,32.90319285518399,3.111791798221759,-9.133793702887345,1.0,
78921678,12,78.92466668787296,1094.7147910258536,32.97055487383409,2.572985523250793,-11.263575837846616,1.0,
78921678,11,116.36099365563616,742.5168631310931,33.13349763907922,1.3561931531694142,-15.258661830848354,1.0,
78921678,10,177.5819825806813,486.53584527217254,33.56853617893535,1.834555382587979,-11.763569959061272,1.0,
78921678,9,293.06140841278454,294.818756478176,33.935112815242974,8.58142713640757,-14.024578811536315,1.0,
78921678,8,70.18160774557207,1231.0917742612016,33.94177457041678,5.865780667101404,-2.5779347134758837,1.0,
78921678,7,115.89257835014102,745.5179721600772,33.98616588296227,3.759109772833284,-10.891349669229498,1.0,
78921678,6,262.65941273208523,328.9430944099792,34.010241083274195,4.114791839246124,-3.723712836884232,1.0,
78921678,5,167.30501129037083,516.4220684940877,34.59126047534892,1.5756058796307855,-11.041530132902096,1.0,
78921678,4,826.0073218445066,104.59955706816912,35.42341711393135,4.459177549328928,-17.29036765132915,1.0,
78921678,3,115.17740674552275,750.1471203540411,35.91317689156824,2.9368143356877283,-25.952942787794882,1.0,
78921678,2,182.874173638142,472.45599682633144,36.686601174353996,1.458850841281361,-16.582344467820633,1.0,
78921678,1,60.04100695329927,1439.016505289512,37.66769599049917,1.1625364317067124,-21.9666779259438,1.0,
69033605,20,186.30361526124383,463.75911642318795,33.29283384234941,5.208662108498288,-1.936616918622235,1.0,
69033605,19,60.97044490083932,1417.0800318173604,33.37100583906613,1.651971968020348,-9.323790069815118,1.0,
69033605,18,160.91965202034513,536.9139127213401,33.80669821975789,0.7333596120154198,-9.05908112507825,1.0,
69033605,17,109.92076143952289,786.0207559382334,34.06169711375696,4.021014147287815,-4.864209141392848,1.0,
69033605,16,85424.08770338913,1.0114243221420105,34.26194890548959,14.911918172141554,6.695355275708721,1.0,
69033605,15,797.7207751099435,108.30857449850441,34.43753526422188,1.8180625489446811,-10.179090330979875,1.0,
78921678,17,284.83970230799235,303.3285012584978,32.25033570741675,3.8734376462261935,-22.732276756015636,1.0,
78672688,19,84.17366773656762,1026.4492723591418,26.894979424562052,1.338146980554356,-12.460911370592896,1.0,
78672688,18,367.4863894743936,235.11074824723633,26.905222004161715,2.0564810873193125,-14.122261162632853,1.0,
78672688,17,177.05190764510718,487.992482821394,26.966864141054657,3.4627775721498892,-16.197912367566687,1.0,
62917920,9,397.6815417723807,217.25926633389588,32.203454433333036,2.905507138234384,-2.4868723365055416,1.0,
62917920,8,60.39810048552567,1430.508564101377,32.23868752409214,3.542564340528031,-7.928251195566588,1.0,
62917920,7,1416.657256877316,60.988640393123916,32.32687229580665,0.0866205219369931,-7.074173140467394,1.0,
62917920,6,175.56644038898128,492.1213861178366,32.44273296136066,4.0208014448846825,1.0139460005789829,1.0,
62917920,5,401.9021220227725,214.9777153829121,32.56259974613738,1.7281194500651225,-3.2938297288144156,1.0,
62917920,4,64.9772291528501,1329.696589504544,32.68843568439547,4.155791145957608,3.1673867040377672,1.0,
62917920,3,1106.9522265326414,78.05214889050342,33.53431287768785,3.5471174090648674,-5.489543963210622,1.0,
62917920,2,149.5059417540538,577.903453109129,35.08252280297563,1.8475388828140353,-10.150717660265997,1.0,
62917920,1,1121.3586581854267,77.04938947884146,37.648334904774515,5.421224286840072,-8.365967384514278,1.0,
62917920,10,65.07524372790512,1327.6938364035746,32.043854497494976,3.252353196263954,2.9664765896202425,1.0,
75268132,20,147.772049465223,584.6843182636752,31.66102325844463,6.162393446565943,-9.136728295927497,1.0,
75268132,18,134.00251531582137,644.764016528867,32.12803675914108,1.3836595221319499,-13.442635499364513,1.0,
75268132,17,155.82360725827348,554.4731091791136,32.24635767354482,0.5935111936730664,-7.890623226306104,1.0,
75268132,16,161.84316061921962,533.8501773533679,32.29060452440581,2.2149415106103447,-4.998723497668408,1.0,
75268132,15,116.87259653295264,739.2665394889144,32.397965591083675,4.11481267252293,-5.082875367731106,1.0,
75268132,14,99.80839033364157,865.6586857195099,32.54058143499037,5.490386348004421,-0.5709603516630182,1.0,
75268132,13,201.47650190963827,428.8341279557762,32.619509420811596,9.374110926289234,-2.648653121266591,1.0,
75268132,12,233.68474801705966,369.72887932631596,32.725550908448895,0.22723897923557956,-11.34284101234337,1.0,
75268132,11,78.51135329873371,1100.4777827641078,32.97632541136932,1.2881957796025745,-12.190575060920253,1.0,
75268132,10,233.37449714554086,370.2204013582418,33.30833607838895,5.890139065665835,-23.628612727190387,1.0,
75268132,19,183.31239295292048,471.3265623137102,31.951028282860307,0.43654927592461945,-12.785123433241438,1.0,
62917920,11,341.77236729849056,252.79984067448507,31.69825561178186,2.6871834695443226,-7.992150810232687,1.0,
62917920,12,228.58584101858335,377.9761669182998,30.587764786478715,3.738563016863907,-0.39380624513859175,1.0,
62917920,13,177.27694629842873,487.3730160861068,30.49356335199286,5.367669696201148,-4.590309384020543,1.0,
61224428,14,443.85874725287994,194.65652200107542,31.29271929484412,1.496036443902085,-6.535418436811256,1.0,
61224428,13,111.73437835081035,773.2624575824956,31.315537824819785,2.729301483389463,-4.529427057493194,1.0,
61224428,12,72.99116005304646,1183.7049847845772,31.903861771214906,1.0789414328984321,-11.305001463646363,1.0,
61224428,11,537.5316068126056,160.73473430209063,32.13516961102505,4.907672835091944,-13.923617334518667,1.0,
61224428,10,113.09289291264075,763.9737367646982,32.19700582810947,5.147394665398451,-1.9791886677403454,1.0,
61224428,9,113.3901400771765,761.9710138923344,32.7437259041958,4.104794314792116,-3.3334792260882296,1.0,
61224428,8,84.73845265618255,1019.6079500124814,32.804114862065944,5.728002282903617,-3.2112790959977247,1.0,
61224428,7,329.3973830099687,262.29716584416593,32.83051352716666,0.45508740150580707,-8.935091329374472,1.0,
61224428,6,188.57815638331374,458.1654718501907,32.945988417623994,2.3212646178558316,-2.376172428965674,1.0,
61224428,5,7154.87626689008,12.0756805257171,33.67977536054377,2.0325360611386714,-8.726363189317908,1.0,
61224428,4,5364.323229959768,16.106411992002204,34.32229428354185,0.9231613321827581,-9.749018673639853,1.0,
61224428,3,1288.5227523751303,67.05353075119483,34.46908921480372,5.051297778025287,-10.663387004101878,1.0,
61224428,2,90.56226915708814,954.03969891845,34.51649471364408,1.1153392074226076,-15.776764995758072,1.0,
61224428,1,7800.8025056763345,11.075783541133127,35.720059748286076,3.1384102139589913,-10.157506838950667,1.0,
62917920,20,378.4308577012673,228.31119144148656,29.60362055994665,12.023287355296361,0.6257008388158738,1.0,
62917920,19,133.56452919664991,646.8783330399903,29.74836091495081,5.857437313019119,3.284576381503882,1.0,
62917920,18,62.572094485944596,1380.807222609558,29.847457349334263,3.440863112705017,-11.186192042155028,1.0,
62917920,17,219.31622066885996,393.9517092557107,29.92376043460706,2.6919685092811676,-12.729761002756703,1.0,
62917920,16,144.1391174066128,599.4209036001504,30.0720951837003,6.788831494588067,-10.634192074154925,1.0,
62917920,15,361.70968732632923,238.86559588339466,30.140086862644466,0.6577679480090808,-5.897989123428772,1.0,
62917920,14,147.24681602482548,586.7699032991868,30.269453165768027,4.992668400880575,-16.611735058098816,1.0,
75268132,9,92.11140181399476,937.994627141512,33.360923828862724,4.232853682312424,-8.4065060730764,1.0,
61224428,15,328.1429799986281,263.2998578862215,31.242975265683526,3.602133447385768,-16.145259647787498,1.0,
75268132,8,133.58431405184183,646.7825254278703,33.66048839574978,0.32016013114224506,-11.128470353447,1.0,
75268132,6,170.66460098224013,506.2561275316317,34.23146567858953,3.66458180565499,-0.6287703720756781,1.0,
80562569,20,82.78419434410506,1043.6774880101543,30.93008321210914,0.7843466671091051,-5.8830764928218855,1.0,
80562569,19,142.8658625387616,604.76308660901,30.96385549433444,3.1000669722268412,-1.0533092921374987,1.0,
80562569,18,194.31544857860501,444.6378331316732,31.07085630129245,4.893246991086755,-8.464750317293465,1.0,
80562569,17,299.59689842543673,288.3874981820051,31.123154739141455,5.15708304963465,-8.901203903400699,1.0,
80562569,16,4001.5534453611076,21.591614651595165,31.42165617811247,5.964684323887525,-11.266926750248842,1.0,
80562569,15,140.37406773494683,615.4982996085843,31.831591393621693,3.6369912344872546,0.7877716589860597,1.0,
80562569,14,207.96472252164034,415.4550779207729,31.835445481879788,5.789633406649045,-3.7646597585132895,1.0,
80562569,13,149.67346010808305,577.2566488247705,31.911910697628173,5.06960278863221,-5.420849718094303,1.0,
80562569,12,74.43674383456687,1160.7170806936567,31.917382331554563,1.1757438592908898,-3.699753743658505,1.0,
94875880,1,863.1724148994562,100.09587714878958,37.865450614551264,4.080003880476909,-5.0946010858457385,1.0,
80562569,11,93.28163006143494,926.2273819946894,32.27633543406273,3.7881740170572016,-11.421281084230657,1.0,
80562569,9,113.66987114535002,760.0958735100531,32.50452007993022,5.418760093091407,-8.41631620094455,1.0,
80562569,8,3661.8863235412523,23.59439708561086,32.61626564796711,3.8488090159459034,-7.3021625821105545,1.0,
80562569,7,1612.3410610531353,53.58667721553031,32.75398648616465,3.4042713095872728,-6.484643167420018,1.0,
80562569,6,82.3903475452699,1048.6665316289261,32.760155021487435,5.920057470149516,-10.14089951928355,1.0,
80562569,5,143.34055674720807,602.7603210190745,33.165829002244664,2.0804327362645267,-1.6285781192404443,1.0,
80562569,4,125.64957423333486,687.6266833945074,33.18445571339066,2.257925440661438,-6.814822848829749,1.0,
80562569,3,108.89727631988053,793.4082735568531,34.20933978144558,6.502078555385424,-0.0307531479487011,1.0,
80562569,2,67.80102668611985,1274.3169863781384,35.526279978256525,9.462081290652861,-15.03257898666476,1.0,
80562569,1,3650.296192290683,23.66931214581278,35.8674021904842,3.154781198017133,-4.771529182105212,1.0,
80562569,10,140.83234305554052,613.4954380892899,32.337155948283225,1.597354028483494,-2.3934980715549727,1.0,
94875880,2,157.6173933052991,548.1628530212168,35.285592067923744,3.9173758666485696,-1.1531498349088452,1.0,
94875880,3,98.15844017971298,880.2095860714056,35.154474165686224,1.1177831477996278,-4.5985127525837015,1.0,
94875880,4,92.32942730148078,935.7796590450022,34.3128390297295,7.1600387606073355,-8.979614816868775,1.0,
75268132,5,442.40671199951584,195.29540953278882,34.23517619433619,1.4282391953165927,-5.594060614907306,1.0,
75268132,4,155.26282440583805,556.4757715224924,34.27529774980553,1.3131871497050156,-11.046167047555286,1.0,
75268132,3,133.79500419474462,645.7640217585474,34.4131290356587,0.9746158509628344,-14.384841466377452,1.0,
75268132,2,155.54311292946332,555.4730027756434,34.44030000037685,1.1115439714414492,-9.4565227741233,1.0,
75268132,1,446.99062451006597,193.29264477236103,36.740137150829696,0.927990025338687,-8.762416829388371,1.0,
94875880,20,84.83541897708974,1018.4425448919252,32.14405464992956,2.30949710676623,-4.217663348495705,1.0,
94875880,19,345.44916926016214,250.10915552363383,32.28309978992843,10.809971732780127,-0.5784936026634568,1.0,
94875880,18,93.81529790777358,920.958542229826,32.39969799678579,1.9424177564927732,-13.265493538958367,1.0,
94875880,17,97.16063366599938,889.2490378048554,32.49701880032353,7.795351820546216,-2.131768518397564,1.0,
94875880,16,648.5536738976043,133.21950592117238,32.659033796288895,3.2207936374486508,-7.4615262983573984,1.0,
94875880,15,7743.039505357082,11.158408779940164,32.72450190137556,6.59863452816694,3.0082642405832303,1.0,
94875880,14,563.772733914083,153.25324337726317,32.74624943119625,2.127111825524537,-5.625724861318304,1.0,
94875880,13,96.14591244268556,898.6341468391048,32.84400582723765,1.5193967679625757,-1.7069748677524785,1.0,
94875880,12,98.27039386966962,879.2068149700036,33.06177071535467,1.4434200670280006,-4.433407440937117,1.0,
94875880,11,71.17426494361003,1213.9219150131444,33.345214995708375,6.5110036038449834,-8.928888488897542,1.0,
94875880,10,85.99797266567923,1004.6748466488119,33.72809873934989,5.65210144225847,-17.75618820213657,1.0,
94875880,9,871.907021629194,99.09313476861107,33.77116809695667,2.293111863886679,-5.441468303814304,1.0,
94875880,8,810.3494701602447,106.62066575167206,33.84664109912933,1.3671832338022227,-4.630763827344595,1.0,
94875880,7,567.4755819868949,152.2532470868417,34.04567367637128,4.323269651357464,-6.025403733723067,1.0,
94875880,6,225.35355378457118,383.39754820372116,34.11262163469655,14.418144685726418,8.533763033143487,1.0,
94875880,5,95.14922279051387,908.0473541042297,34.19847225777153,2.184179971645449,-12.758975610635787,1.0,
75268132,7,162.51198546673643,531.6530947047268,34.21839311762983,4.607585755800557,-19.7181356449276,1.0,
68508124,20,126.1974685122621,684.6413087248644,29.07805950899092,12.344625381475566,-7.745319555647882,1.0,
61224428,16,11091.06547619398,7.790054092228576,31.194555749527353,4.315084522683378,-7.769002082951829,1.0,
61224428,18,111.44574201000191,775.2651509309873,31.16223959222407,5.874745653839113,4.69546655521367,1.0,
76823202,7,115254.81031311252,0.749643331721056,39.052668206914404,6.464124495012925,-14.318400941069285,1.0,
76823202,6,89760.05936371732,0.9625662083165298,39.114014047740284,6.2098496779322545,-11.655235603813821,1.0,
76823202,5,2558222.3205625764,0.03377345248907056,40.73385725119533,5.092233450745994,-0.514910769821256,1.0,
76823202,4,43282.43851842751,1.9961906712630153,43.31453159268585,1.172875781286848,-11.611229118508504,1.0,
76823202,3,28809.27585324794,2.9990340763896475,44.03483357013829,3.2316640700267385,-12.06856102974018,1.0,
76823202,2,89428.68098800135,0.9661330016887121,47.771875395325424,1.857417562690216,-2.954450700588211,1.0,
76823202,1,43882.27426506385,1.9689043343130908,51.73829356589681,0.8881407350164636,-4.343627428198602,1.0,
62959584,20,84.1331085570281,1026.9441065693577,29.889980575654363,3.0168407780018356,-7.340106450287351,1.0,
62959584,19,1145.9912662277043,75.3932447359792,29.960220698184457,5.902695995131978,-3.438707480620394,1.0,
76823202,8,69065.98401794012,1.2509776155155816,38.90366914508263,4.773581463240021,-4.7022561283448,1.0,
62959584,18,153.77770241509057,561.8499863314472,29.984692070917845,1.6628740314748143,-4.846083501360113,1.0,
62959584,16,376.09239384929515,229.7307826826765,30.1949267154979,4.758015898040696,0.6729573766207864,1.0,
62959584,15,198.82442767847039,434.5542497409929,30.22762371932788,2.9644836989504597,-6.906439522203925,1.0,
62959584,14,21603.726747693534,3.9993099805904677,30.2424836930644,1.4841530896024437,-14.727826474070412,1.0,
62959584,13,195.93215172712556,440.96897440461515,30.273968316642026,2.051222995345654,-11.453214883573253,1.0,
62959584,12,86155.04549031424,1.002843182407852,30.440193316945738,3.049197123831391,-8.523128469993537,1.0,
62959584,11,377.24848974887044,229.02676179701976,30.74676766804953,3.063779219024184,-9.278951315132929,1.0,
62959584,10,222.67870892546165,388.002968119063,30.764892297461643,4.736220755389468,-17.15778631922268,1.0,
62959584,9,195.04630512590694,442.97173404144615,30.931392508340764,2.4015470381481805,-6.1375224221151825,1.0,
62959584,8,82.6053454429134,1045.937154995726,30.951289225139476,10.319148276835733,-22.69098402651008,1.0,
62959584,17,64.4448659665433,1340.6808859662265,30.0447547005366,3.9850200067009496,-3.774298850358093,1.0,
76823202,9,87650.17773297112,0.9857367347641915,38.820287518840814,3.5177372531983337,-13.292108530609596,1.0,
76823202,10,460244.8382914833,0.18772616836015651,38.25816149125649,3.014998823401868,-5.596961096755422,1.0,
76823202,11,78.7765891998834,1096.7725421669802,37.85697486824051,1.769340508540381,-4.5684235345352135,1.0,
87797681,12,42799.822947862245,2.01869993960607,34.68696240952522,5.842135292743819,-3.053282313302077,1.0,
87797681,11,264.5536810982071,326.5877822653572,34.726626033406546,0.43584783597799515,-10.771135529378284,1.0,
87797681,10,1279.7259101522945,67.5144570525402,34.845452700490796,1.562624665025396,-13.53373937550873,1.0,
87797681,9,257.49467884216,335.5409144317183,35.0478831693606,2.2788879958104644,-3.7055721901519405,1.0,
87797681,8,259.0407768968289,333.53822141450536,35.96350990565611,3.3936455797084477,-2.1011564982256914,1.0,
87797681,7,469.27520418110333,184.11371244464132,36.408971938928744,1.387446499004568,-3.098773935719578,1.0,
87797681,6,43425.468452638,1.989615842468854,37.272374147529035,2.7031830233618166,-6.231465442819854,1.0,
87797681,5,459.2834501468503,188.11912332650925,38.41510522900671,3.5727106882078488,0.6629206318506249,1.0,
87797681,4,85047.17490488937,1.0159067611196202,39.549250656817094,3.5453330099675213,-1.425643974112461,1.0,
87797681,3,87557.10212810278,0.9867845999927013,40.52613108249966,4.327115230529955,-4.413946101645706,1.0,
87797681,2,306.6933329848183,281.7146338302597,43.02099261277249,2.320231854309725,-6.011235611547363,1.0,
87797681,1,464.2255608478961,186.1164211686074,45.2441118064346,1.6658968925984254,-2.9128607174997114,1.0,
76823202,20,21605.515864142486,3.998978804453979,35.67850669897621,3.697494178562124,-9.298494739547948,1.0,
76823202,19,32010.933220616316,2.6990778245838505,35.81251583297944,4.720957618173998,-18.45873755326778,1.0,
76823202,18,43448.652462068225,1.9885541922256253,36.06995487877566,1.4100663433634395,-8.625364042107208,1.0,
76823202,17,124072.33701496407,0.696367958230524,36.38742512586987,2.2464099269424764,-13.219089465884338,1.0,
76823202,16,83122.28776893228,1.0394324111985378,36.39462987320485,9.369929950885421,0.1966408137993767,1.0,
76823202,15,344012.5607017151,0.2511536201578271,36.42411093331225,5.449997058109602,-17.8778296658694,1.0,
76823202,14,114937.97520168847,0.7517097795431736,37.23302259329148,0.716720374641568,-5.65297658392592,1.0,
76823202,13,86723.2435353393,0.9962727001186531,37.26621078241169,1.8223467565351257,-11.395806234051406,1.0,
76823202,12,177.59393026682307,486.5031134239202,37.82175335512602,1.2504353206592782,-7.572906893970583,1.0,
62959584,7,107.61442535923352,802.8663416784831,31.187058365124926,6.0226914075635705,-11.76412874540739,1.0,
61224428,17,72.929544981506,1184.7050467942715,31.181751180170977,2.4915338547660895,-5.996385545807698,1.0,
62959584,6,87.58317944388843,986.4907913665495,31.908090575667188,3.366152204260402,-6.30979554740378,1.0,
62959584,4,144.60363771138046,597.4953422157251,32.97529074381589,2.7419596999190503,-21.56801287803313,1.0,
78843739,18,100.04597359242062,863.6029706901226,33.20209660072726,1.0314576519599115,-17.18890026204386,1.0,
78843739,17,68.43218283048748,1262.5638468090428,33.27571521452444,1.2303330758713145,-17.011369104294573,1.0,
78843739,16,68.54090714003593,1260.5610810413723,33.72949458437449,1.405523089379571,-16.33685778189502,1.0,
78843739,15,80.52072220006315,1073.0157112268455,33.77812675635079,1.5220797369890704,-16.557694691058714,1.0,
78843739,14,74.8712141798664,1153.9815528093013,34.285478060624826,0.5677933166543312,-16.079449303097178,1.0,
78843739,13,116.47190219123011,741.8098131353914,34.62616928799213,2.391578600218196,-16.669924700956813,1.0,
78843739,12,116.94571177933322,738.8043450710666,34.63596787767494,5.398062022645917,-21.588847718474938,1.0,
78843739,11,112.1875568280727,770.1388856556338,34.756796929969596,0.4185387158291718,-17.35317729061353,1.0,
78843739,10,68.32169068217299,1264.6057077528403,34.97520378004049,9.218017671263425,-3.5383421849446393,1.0,
78843739,19,169.37651443565625,510.1061400860398,33.07232799199858,4.137912171284398,-12.263533704222482,1.0,
78843739,9,98.11990103010115,880.5553113378526,35.20365603145041,6.342102992901545,-9.685312125690587,1.0,
78843739,7,76.05617752729214,1136.002397293712,35.34377274746146,2.2831912106057786,-11.10222255221528,1.0,
78843739,6,99.4697544247554,868.6057435213424,35.42880619510413,3.6151030672196782,-20.36630424276808,1.0,
78843739,5,111.48115534977248,775.0188785622083,36.11928664054341,1.2674770714932606,-12.317124768410793,1.0,
78843739,4,73.9566059047154,1168.2526387340772,36.15278891896014,1.8431601973400973,-16.13846242595625,1.0,
78843739,3,112.33381898906497,769.136140634643,37.2535608027776,0.9417759869646289,-20.20372674855247,1.0,
78843739,2,99.81449767635803,865.6057187218067,38.5306145193199,1.3540328212998816,-17.465608734047905,1.0,
78843739,1,66.88908166327563,1291.6906294953144,38.77132200633446,1.5412325841555514,-17.82190488209301,1.0,
61224428,20,84.82186912076448,1018.6052358382798,31.033457327331234,4.062492903656221,1.2450040667029043,1.0,
61224428,19,83.54886264513658,1034.1253880016689,31.054345263950836,3.8939842590414173,-12.429488778337145,1.0,
78843739,8,67.0913862308158,1287.7957194498322,35.30727422596823,3.174178897017967,-9.21315296324454,1.0,
78843739,20,137.87238497243055,626.666464189162,32.49784131936849,7.758861837947762,-6.572265615765588,1.0,
89557764,1,308.22520759962526,280.31451636567914,42.31480755822031,6.950239179609071,-0.7729188229217243,1.0,
89557764,2,4474.222242370977,19.310618766718875,37.22493111340145,4.482986325741365,-15.843133753432085,1.0,
62959584,3,70.77375842079779,1220.79146180557,32.97576604744256,3.188600965121907,-2.9680090356390565,1.0,
62959584,2,144.1205608201687,599.4980834678303,33.4829404780902,3.245740155166004,-22.796552229717292,1.0,
62959584,1,179.44807637542982,481.4763230966011,34.46733861983648,11.692837218743762,-17.002758134755936,1.0,
89557764,20,245.44208447932903,352.0178708687448,31.563562810628127,1.971998317069108,-1.6619353030866364,1.0,
89557764,19,155.64619756124733,555.1051124522415,31.823431607991097,1.223630674491801,-9.186378899455178,1.0,
89557764,18,90.96574693334975,949.8080641640303,31.954447616655216,1.2494336009313542,-3.6504492276482097,1.0,
89557764,17,91.15796378799803,947.8052866663037,32.036573245373575,3.083432053674642,-0.9594004423918818,1.0,
89557764,16,211.28580963533867,408.9247647493178,32.16478402467237,2.96758947210094,-10.319793400887534,1.0,
89557764,15,81.24856965875193,1063.4033357495932,32.218951700894195,5.591867009182579,-16.93781345180878,1.0,
89557764,14,77.73625332779937,1111.450530496591,32.23370628181374,1.172442890694981,-10.97063003942975,1.0,
89557764,13,122.65398182204541,704.420669565827,32.249537939304446,4.309150902751867,-15.801580604571654,1.0,
89557764,12,130.01390540550932,664.544301861567,32.2567791844599,1.5025848401577946,-7.215388477152828,1.0,
89557764,11,91.78476823839634,941.3326596368337,32.458859748666555,2.4337666808066274,-1.7579638156827286,1.0,
89557764,10,175.6856660734649,491.7874174428715,32.63194709365143,2.89790318880398,-14.682737547538409,1.0,
89557764,9,84.67324367287478,1020.3931756033387,32.659105618644844,4.973583898458401,3.1220501445197897,1.0,
89557764,8,825.9215661538607,104.61041767240228,33.422749212100825,4.505706680145977,-14.32936999050014,1.0,
89557764,7,141.79787861088727,609.318001414488,33.439911104563635,5.30248086131752,2.4705144041838025,1.0,
89557764,6,211.80515485102237,407.92208320317445,33.69629576359603,4.061894919424276,-13.481499548553245,1.0,
89557764,5,810.4059574877975,106.61323402388851,33.778841044763794,4.17836448869997,-11.387325917244937,1.0,
89557764,4,141.33336237136493,611.3206291164075,33.946841772577955,4.693377488064016,-1.844525085778855,1.0,
89557764,3,155.92786341616767,554.1023785428298,35.27974280904209,1.4579216346472776,-2.2516589500463056,1.0,
62959584,5,178.70474313556844,483.4790531242671,32.131655609779614,9.381080169370136,-15.198344206065599,1.0,
87797681,13,466.74024635435063,185.11367012992673,34.42802474498467,1.2000792989594515,-4.5330119482295,1.0,
68508124,19,96.19099866729657,898.2129429681723,29.320816994229972,7.251641906062616,-8.423079431362964,1.0,
68508124,17,83.33704577349907,1036.7538133620155,29.630990732151304,2.7695877592424267,-3.174487266837616,1.0,
57904031,13,117.71977387430181,733.9463639494902,31.827107571217994,1.98059659669741,-6.250234811785106,1.0,
57904031,12,671.3441444662429,128.6970337228352,31.99478842369149,3.334918669356739,1.6467332643886152,1.0,
57904031,11,97.27923851569189,888.1648470764193,32.02821131899054,7.463538931057656,0.21574422023871875,1.0,
57904031,10,121.30345492411772,712.2633073728045,32.4012286842335,5.1708461969784025,2.409960725207384,1.0,
57904031,9,129.7205288536446,666.0472383479073,32.70642013764791,1.2572225904541483,-1.4915498926178543,1.0,
57904031,8,101.71721879302557,849.4137081727226,32.74386656481033,4.492254739299483,-0.3824333400881983,1.0,
57904031,7,94.64671330707681,912.8684661207333,33.028252107681965,2.439327982598286,-8.40225495520366,1.0,
57904031,6,129.2581656290713,668.4297241842327,33.26447686814049,2.6004868645047736,-0.7643828350590525,1.0,
57904031,5,71.92064626989095,1201.3240214190166,33.31895679595618,2.7203656259950435,-0.22406218056391936,1.0,
57904031,14,2196.092019120148,39.34261371917179,31.822350286899336,1.24098947714117,-2.652079989584763,1.0,
57904031,4,142.7570144468653,605.2242009597252,33.46965723715584,3.5215947129048004,-4.862612008648853,1.0,
57904031,2,88.59170848412715,975.2605687188002,36.96581625785393,3.5923273847641894,-7.815814795393749,1.0,
57904031,1,88.50070999908827,976.2633542814525,37.58326020343475,2.3282259144359045,-4.74167798035171,1.0,
71793984,20,72.42377904785121,1192.9783440728015,29.818352565204805,3.1057714544281225,0.023624121070952242,1.0,
71793984,19,323.3796870085799,267.17819167691766,29.860137268635754,0.8174230027688054,-8.106238975307065,1.0,
71793984,18,91.30727075058807,946.2554218273306,29.862221749648143,11.505828365909451,-8.307021415211466,1.0,
71793984,17,114.94983309106827,751.6322353556629,29.895147640505684,4.378972517840566,-15.041676461423663,1.0,
71793984,16,66.0323863686149,1308.4488498974772,30.000730722726985,2.855191856328304,-7.730141013332116,1.0,
71793984,15,89.0744216773845,969.9754247401022,30.269995160667122,1.935013309804674,-8.289938780715886,1.0,
71793984,14,124.61331939481455,693.3448239690765,30.556666787254926,1.3942315063361548,-4.0924718495900265,1.0,
57904031,3,889.3226598341959,97.1525902827083,34.568557899757025,2.542766657641721,0.21955203344037955,1.0,
57904031,15,60.41350875716148,1430.1437174803732,31.81790332919536,7.5816965117873,0.1951633454401076,1.0,
57904031,16,185.67203574750087,465.33663323160357,31.546208356519855,2.557218807243771,-7.520684171897074,1.0,
57904031,17,157.49479320528752,548.5895644015444,31.491169721063443,0.3199000962195555,-3.3321348968615894,1.0,
115729269,18,711.0880955227426,121.50393255632372,27.380623015335146,1.947205322860043,-6.7525761488917695,1.0,
115729269,17,585.6240623813156,147.53492137715924,27.405503450688528,8.78072338606112,-2.687771340520534,1.0,
115729269,16,272.06559043756675,317.5704794606393,27.807506206863664,7.633713779652453,-7.310800777952728,1.0,
115729269,15,725.5689190056189,119.07897063508436,28.101356195240967,1.0825836861669131,-4.056000754018406,1.0,
115729269,14,327.0661055342106,264.16678016476,28.141403882019375,1.3446210179101925,0.37197862850973706,1.0,
115729269,13,767.5613338785591,112.56429445633057,28.18274439271616,3.4095595087620794,-7.0444694817942874,1.0,
115729269,12,328.3088159803437,263.1668593546781,28.183919086160373,4.087416188377119,0.029541930632603908,1.0,
115729269,11,949.9269889365588,90.95435860468035,28.261456997074816,2.6365874846719137,-4.847277237901636,1.0,
115729269,10,274.5958989149451,314.644174736062,28.293070478857018,2.5930375438743596,1.774312979665055,1.0,
115729269,9,229.29744327447375,376.80315474157914,28.600411865778057,5.749551942066979,1.1124838064657183,1.0,
115729269,8,2833.9005761914054,30.488013844196498,28.723541584151107,3.5352055563043194,-8.139105211213632,1.0,
115729269,7,457.72207248943477,188.76083368689697,29.07176770102032,5.050540867121256,-6.171555986289476,1.0,
115729269,6,284.24831299866815,303.95958761734084,29.58239678387872,3.9886958091211255,3.521821375040936,1.0,
115729269,5,317.5838778119424,272.05411242935276,29.78518081503711,4.444589704830534,-1.3537279295776514,1.0,
115729269,4,939.5973779529305,91.95427959605081,29.899219729018725,2.652068556914358,-7.635443884481219,1.0,
115729269,3,271.2093501873732,318.573087322793,30.19689458173177,4.241794518946776,2.548048120257178,1.0,
115729269,2,328.31239017319143,263.16399437262254,30.60477645223841,1.7802169274768858,0.2572727568014912,1.0,
115729269,1,951.6265022713745,90.7919228749699,31.93201132719321,5.16916471865499,-9.8045781988221,1.0,
57904031,20,203.13546232982847,425.33193864355115,31.128043333833602,3.0388111614134914,-2.614190541642415,1.0,
57904031,19,170.98363942137564,505.31150402685046,31.271889775600812,1.88622475269932,-2.4853081685952247,1.0,
57904031,18,173.0692681315109,499.2220798804491,31.391429671539527,3.6555404903009503,-8.263846691369167,1.0,
71793984,13,120.26195396078317,718.4316997558064,30.660034656173593,4.183515020302025,-14.77679529772064,1.0,
115729269,19,1068.74036407795,80.8428341476006,27.350892739089147,0.6615515395012892,-1.56648266403689,1.0,
71793984,12,254.15063440085527,339.9558698867023,30.73595705366688,1.4868637149220945,-8.093673614705494,1.0,
71793984,10,204.69238567548908,422.0967952221487,30.854978224945853,3.9554392521731643,-5.491065674495587,1.0,
70141944,4,161.44014145007773,535.1828809361986,34.70195580264908,3.242306087253354,-12.499201025472615,1.0,
70141944,3,104.73873801218741,824.9096909106016,36.76651943213949,8.00005845278335,-14.354723041149867,1.0,
70141944,2,310.7279283880037,278.05675675252775,37.36168690827776,4.83723454851139,2.1355436520565547,1.0,
70141944,1,311.8525577672613,277.0540046828193,38.07360298799097,6.021402212080176,2.9001039718637855,1.0,
58787823,20,67.48072064421615,1280.3656981604188,30.29296670017311,2.0099277321868954,-13.341280397333492,1.0,
58787823,19,4847.877032881573,17.822234230360404,30.347064581409313,1.9679370912216427,-17.17726815440858,1.0,
58787823,18,371.66629453377146,232.46660047121725,30.35599610043687,4.900868321187602,-3.403274098866177,1.0,
58787823,17,223.803262314765,386.0533537642714,30.528991996390687,1.1204177605495147,-15.349565229299742,1.0,
58787823,16,80.66921699402221,1071.040518546281,30.61676154383008,8.037828152072052,2.7822868587836638,1.0,
70141944,5,507.3326491060962,170.30246358525125,34.61276034062519,7.404104413539272,-22.966842108946224,1.0,
58787823,15,523.8669856098516,164.9273620467203,30.720582944972193,2.533996689183084,-8.282083694972698,1.0,
58787823,13,71.8364729417173,1202.731655131488,31.868133632068975,8.225989347596908,-3.681651660619764,1.0,
58787823,12,207.7205863936439,415.94336651961123,32.630833562184534,2.077851625874473,-16.827747060713932,1.0,
58787823,11,199.51771668606787,433.04425008003926,33.20208251601957,2.2141195376200926,-4.064762089470037,1.0,
58787823,10,90.26480674775654,957.1836811376921,33.4684062960996,3.718600963898666,-11.105865450068393,1.0,
58787823,9,26745.58764229759,3.2304393964169327,33.507132272089166,7.118664758468583,-0.05401020925103239,1.0,
58787823,8,66.68378995434401,1295.6672087647532,33.84737218800865,2.4027886133527545,-9.900989393864393,1.0,
58787823,7,223.7154487710842,386.2048887308109,33.9501629585377,2.013324356437863,-10.396676443154831,1.0,
58787823,6,195.46268822754212,442.02809642840884,34.67078152555359,4.816933099257994,-8.671209969668325,1.0,
58787823,5,20423.534146974125,4.230413765719422,35.33502847250884,6.93077040879507,-0.5158045928478714,1.0,
58787823,14,195.02024131234882,443.0309357561496,31.07613114548849,3.5203053950244794,0.3426354649161567,1.0,
70141944,6,75.80257200123661,1139.80301352559,34.49222300012991,7.5563408897986335,-2.478333835668508,1.0,
70141944,7,170.3822440580524,507.09509360941337,34.133815646787866,3.322419886648845,-4.893297100913259,1.0,
70141944,8,407.6826938492795,211.9295258384015,34.00911866697277,4.981197545911414,-2.4707843182831937,1.0,
71793984,9,70.05850461474759,1233.2549841752184,30.87360107632003,1.413069814714845,-16.656796579572926,1.0,
71793984,8,74.54043394036478,1159.1024553079922,31.852192507610653,4.790289025857476,-6.525387293256983,1.0,
71793984,7,261.54609372436977,330.3433011354878,31.88778051710483,11.48325786305088,-0.6758837791697943,1.0,
71793984,6,101.29550469452036,852.9499928013474,32.05910854898457,0.3818240077706605,-13.30541824936347,1.0,
71793984,5,535.7415977961834,161.27177795305315,32.41112344441785,3.0009659146265903,-11.000900502992636,1.0,
71793984,4,204.42682155602716,422.64512720176685,33.13995283185295,7.1558873550910675,-11.660192526695198,1.0,
71793984,3,116.7507606385753,740.0380051267333,33.71682804181364,4.694336521192554,-19.48169461716907,1.0,
71793984,2,80.7087593802658,1070.5157737950035,35.3857194736986,2.560755461073768,-13.843255958744862,1.0,
71793984,1,318.4886982141488,271.28121181212356,36.715660808447865,0.7754870417707025,-8.728277527251521,1.0,
70141944,20,62.74102175602578,1377.0894636681935,32.28827938468544,5.281370443588969,0.39987434082277673,1.0,
70141944,19,88.5151389147605,976.1042128985713,32.32764337211131,4.153463094110265,1.0163088318630287,1.0,
70141944,18,60.273798907380744,1433.458676344026,32.36141692628098,0.05392517768356697,-8.613690209389091,1.0,
70141944,17,86.52200740240916,998.589868565558,32.44233636370609,3.2301212321088713,-7.098801562998773,1.0,
70141944,16,90.1052344326167,958.8788103604838,32.50900109324334,3.3475602416700383,-13.60505019002963,1.0,
70141944,15,104.10226434172543,829.9531287464018,32.63569073741655,4.527066550190938,-8.908161384436909,1.0,
70141944,14,158.35373245468296,545.6139155085947,32.675870894850505,0.6995139489272049,-7.1870246007331104,1.0,
70141944,13,85.9602857494494,1005.1153186232099,32.76903651770681,4.654930238643402,-14.122698325182085,1.0,
70141944,12,72.51465036093653,1191.4833701872674,32.80059781985187,1.4146480105911508,-5.577979487051067,1.0,
70141944,11,144.01001917637223,599.9582563362069,33.629617082198365,3.1022237677541966,-13.338704718528817,1.0,
70141944,10,86.34882700313412,1000.5926310598757,33.89951314569328,2.2346268255163295,-1.996251757258193,1.0,
70141944,9,73.24544514682621,1179.5955342588807,33.92293567945342,5.212547572591205,-6.827033862587626,1.0,
71793984,11,83.79218715607212,1031.122386614286,30.80878384783,2.6263438289259966,-16.084653565183316,1.0,
68508124,18,316.8263365192485,272.70460198863816,29.535091002944682,7.133253091902247,-6.145184732657128,1.0,
115729269,20,161.86033014916612,533.7935485512484,27.28750189379585,3.0894661689256466,-2.801339204055374,1.0,
116557768,2,108.22813261679086,798.3136908212314,35.12754772232711,2.526389622145871,-7.587704693964724,1.0,
65264678,11,64.46336082258381,1340.2962380101505,32.46187520968124,4.560054377131905,-6.390584031225217,1.0,
65264678,10,99.54950680457198,867.9098749290031,32.8195185136035,4.410040596452802,-18.372203708062102,1.0,
65264678,9,159.37233128947284,542.1267248897115,33.181358156807846,3.850408316177891,-0.4599152220127394,1.0,
65264678,8,240.21829615284352,359.6728533326468,33.37720615521789,3.471083860104386,-21.712090109504743,1.0,
65264678,7,157.28226951345877,549.3308321864384,33.39286828294098,5.0661290758507675,1.4434563456154592,1.0,
65264678,6,100.74006866705439,857.6527804994032,33.62515337076343,1.4977882485560485,-9.729879409819205,1.0,
65264678,5,156.71092241033895,551.3336190681486,33.99965238410368,2.5956844997106145,-3.3218769954344793,1.0,
65264678,4,86129.204729484,1.0031440586426696,34.85039536223121,14.221300808609726,-12.491544441568578,1.0,
65264678,3,158.78571001372475,544.1295692951963,35.3236190522839,3.100772228720757,-3.150774893110963,1.0,
65264678,12,171.08377199422338,505.0157533522074,32.4613791967256,1.3927675267735822,-6.358280328287833,1.0,
65264678,2,123.99899642284049,696.7798328413343,35.454274807411366,4.624333862709705,-21.949660724538603,1.0,
87404924,20,111.56019128553575,774.4698086691262,28.126618467411618,9.783605286768534,-7.695601772417518,1.0,
87404924,19,216.24824492533364,399.54081490849677,28.13567864750371,1.222093554488879,-4.793906932922283,1.0,
87404924,18,1016.7227026391516,84.97892274435078,28.149267084804706,0.4582020598021188,-5.593094505451887,1.0,
87404924,17,86.96188245083677,993.5387501397014,28.20382385764674,2.18894395562603,-14.200625362944322,1.0,
87404924,16,134.26147976324555,643.5203913464704,28.242350492776268,5.260578848861854,-3.5799692494299507,1.0,
87404924,15,456.05973278386557,189.44886774502064,28.28583662709275,5.6212743355133625,-11.522989647126735,1.0,
87404924,14,306.6055721083598,281.7952700789949,28.428137780579846,3.918125375839395,-4.49590820253465,1.0,
87404924,13,109.43901439730183,789.4807941739847,28.475708721417732,3.244595506479186,-7.567894270375177,1.0,
87404924,12,198.07247348410317,436.2039736275332,28.554653385376923,0.28996381378564706,-7.661930797460286,1.0,
65264678,1,335.86866890527335,257.243404934468,36.02392479397258,5.5765585274658065,-7.715015304439362,1.0,
65264678,13,441.5705084265331,195.66524111375278,32.33474376872505,0.8178612019394222,-2.578054046466491,1.0,
65264678,14,159.00527594991604,543.378195999072,32.32284703620462,0.974863597166916,-1.8790383682813285,1.0,
65264678,15,91.69496799849406,942.2545411807,31.829447771790228,5.383761049863381,-4.424531841638668,1.0,
68508124,16,129.51596717258275,667.0992147622245,29.711869275592107,4.61704835566951,-5.9770975435176865,1.0,
68508124,15,432.51991004344103,199.75959023787422,29.88706878126459,4.189092241430387,-12.368720440457821,1.0,
68508124,14,83.24018688002647,1037.9601877219202,30.049970257952737,2.784662744155753,-6.97464511380025,1.0,
68508124,13,111.86261176367907,772.3760301836026,30.147271569379882,5.038840091047518,-15.178236789283972,1.0,
68508124,12,92.55165017954481,933.5327877178747,30.30107039203358,5.422743572679337,-0.9328963650828541,1.0,
68508124,11,63.62627245349737,1357.9296203961546,30.357711200732865,6.629020807037477,-5.670658977662242,1.0,
68508124,10,85975.2025630914,1.0049409297593324,30.574521820701648,7.494813209174083,3.9259685113701153,1.0,
68508124,9,1840.7674117020708,46.93694567316899,30.776225791685647,3.0628010145255757,-8.395269924441152,1.0,
68508124,8,113.56689150519836,760.7851095937161,30.880026718617273,6.392549340625976,-1.912244956025745,1.0,
68508124,7,129.6932168996232,666.187500514154,30.969491293057217,5.2267145277715485,-8.343942529541835,1.0,
68508124,6,69.66533430290504,1240.215106473653,31.09063241132617,0.4003511641826094,-6.190580731312366,1.0,
68508124,5,155.2088625720621,556.6692427752652,31.210939663617637,0.5546837509978104,-7.494048900270798,1.0,
68508124,4,1214.2180038472295,71.15690899512529,31.391931459961143,0.9775831475354835,-4.037164481284037,1.0,
68508124,3,134.5608889657483,642.0885047957183,32.01198405997593,7.123470879099045,0.8770226264916232,1.0,
68508124,2,1231.5244638587385,70.15694980941156,32.438249384165374,3.12638650319559,-2.457090571607523,1.0,
68508124,1,69.7215531806425,1239.2150785302372,34.53409479174911,0.5188908287814229,-6.758535656111462,1.0,
65264678,20,121.60827347546409,710.4779759695563,31.15394690477774,8.055577762907774,-0.9536018880251049,1.0,
65264678,19,78.48514229259963,1100.8452998389564,31.29188059766966,4.412438504067325,-9.044189754750619,1.0,
65264678,18,91.19021974153787,947.4700274315065,31.370944007752314,3.8427762741197284,-1.1240834584259005,1.0,
65264678,17,158.42132213220754,545.3811320164119,31.496555825313862,1.7599987373031922,-5.748906634878381,1.0,
65264678,16,162.67917004700263,531.1067174429068,31.53501937634678,1.443852183500553,-14.328776216569509,1.0,
87404924,11,194.94053383129435,443.21208268964926,28.584707448261952,1.3767509548746943,-2.6088884012522158,1.0,
116557768,1,61.02020477698952,1415.9244518396158,36.275944401122615,13.183361233490587,12.65162911537891,1.0,
87404924,10,2865.0958217058273,30.156059474673683,28.711595263042227,1.8840737404383674,-10.211971870312368,1.0,
87404924,8,183.5362917029283,470.7515837785748,29.032415712400734,2.0332329343801803,-1.429931816876035,1.0,
55380899,2,125.75518341040859,687.0492146477104,36.21114510719701,4.027247229405987,-16.99394646963509,1.0,
55380899,1,125.38967789862929,689.0519335239834,36.94442726535567,4.8334208981470965,-16.771310084574935,1.0,
116557768,20,116.97668860669866,738.6087008369317,31.067036800667665,3.3070489130673195,-14.056911493966027,1.0,
116557768,19,78.86310828848708,1095.5692956450869,31.10388695062693,1.808304876021566,-3.3666186429725258,1.0,
116557768,18,89.9158865115372,960.8980498558942,31.19205605794832,7.174806486307716,-4.6904200195904195,1.0,
116557768,17,152.93918183230346,564.9304446700708,31.210615068041307,3.0554205489879678,-0.879445086478313,1.0,
116557768,16,322.6647105486877,267.77021835786684,31.706380818271555,4.6653068572542225,1.2145843266791871,1.0,
116557768,15,64.63733119051734,1336.6888516070937,31.783848255519615,0.7389889373680489,-10.401563353773781,1.0,
116557768,14,60.77345280371322,1421.6733789843354,31.994626119865416,0.9605516745465366,-12.61586661518595,1.0,
55380899,3,73.79207770665734,1170.8573966905014,34.43817218082279,2.0653301379814764,-15.43770568732242,1.0,
116557768,13,78.13244204576486,1105.814662101468,32.357144187827316,4.378889443808021,-14.727033163114356,1.0,
116557768,11,64.68585404882707,1335.686159987659,32.483146563371065,2.632685752054954,-7.242830180157625,1.0,
116557768,10,62.29774769422967,1386.8880208008354,32.66825860005474,0.35908824407897555,-11.416822578584402,1.0,
116557768,9,80.21776733362178,1077.068121837231,32.80238612449875,2.5278996502103155,-10.844240024676765,1.0,
116557768,8,61.94973163193976,1394.6791652516906,32.96446175693882,1.1819279688448887,-4.791525761070602,1.0,
116557768,7,322.5678956516278,267.8505863872817,33.04865554779417,0.6136510565709159,-7.872804977991336,1.0,
116557768,6,61.063448303358726,1414.9217314222274,33.12766201520981,6.779327514622537,2.745464931752167,1.0,
116557768,5,587.8508514884238,146.97605656475164,33.156488497454575,1.137829397104042,-13.08426307724676,1.0,
116557768,4,82.0223159475101,1053.3718659601295,33.24204443727922,2.942348862073004,-10.88611965508926,1.0,
116557768,3,71.1704207015093,1213.9874845248416,34.75317117325403,2.467121614015241,-11.278382281993117,1.0,
116557768,12,92.28976393902954,936.18182897379,32.46579889574423,0.37166968517021814,-7.061497310271989,1.0,
55380899,4,73.72911104519457,1171.8573406783437,34.433218061481284,2.745769504098689,-10.053442780297303,1.0,
55380899,5,107.67875564638966,802.3866869685254,34.057506541814746,5.3860994340919035,3.6463981184887757,1.0,
55380899,6,87.27768865742499,989.9437224916666,33.705062911868254,0.35795203415977994,-9.010987469350454,1.0,
87404924,7,109.16208913870086,791.4835698153463,29.658702637138276,2.984865995898673,-8.390596010636415,1.0,
87404924,6,184.7155916675398,467.7461129296923,29.931853772509157,4.131611029137616,-5.213787233963444,1.0,
87404924,5,134.6806358683434,641.517612706106,30.043101796953806,4.403278348649451,-6.459039419730345,1.0,
87404924,4,148.56835370869598,581.5504974189053,30.384755702353687,6.230325640017668,-1.1032799692411857,1.0,
87404924,3,137.90035523118155,626.5393577497002,30.669517810846855,4.062418527169541,-14.044216508696906,1.0,
87404924,2,193.20400643354273,447.1956953424742,30.789893773158838,8.189182042348762,-14.066387215521388,1.0,
87404924,1,81.96360960100736,1054.1263424169415,31.064986612106168,1.6883630319832719,-6.500229853831968,1.0,
55380899,20,264.2032581946304,327.0209481533032,31.09726816971306,11.154496855267098,-5.5531214295598375,1.0,
55380899,19,208.01017305289912,415.364300370192,31.10020864096282,5.690590849932221,0.23508957559795363,1.0,
55380899,18,60.47513762773601,1428.6862897584203,31.25074084286007,2.4769248862070867,-16.003924244083066,1.0,
55380899,17,68.62102572022073,1259.0893110847262,31.535571907903773,5.021591399626942,-12.508356118762322,1.0,
55380899,16,61.019349088913366,1415.9443076671241,31.692357074131223,3.545321785567239,-11.325755443364983,1.0,
55380899,15,124.4905916861105,694.0283504945354,31.794046642174976,4.148950284411768,-12.97509278877618,1.0,
55380899,14,896.1291646129041,96.41467258497465,31.95940264993783,2.2497744041405667,-9.47775953867378,1.0,
55380899,13,64.74858905713138,1334.3920115967985,32.02854747572883,2.0894132077477536,-10.686646371393692,1.0,
55380899,12,65.09391171479871,1327.3130731265837,32.03477601679356,5.3983792233467796,-1.4766677733534834,1.0,
55380899,11,264.497212616988,326.65750669030206,32.05786443001318,2.211139109518342,-8.569802906125886,1.0,
55380899,10,181.1360156864799,476.9896239163493,32.149250192306,3.681487765246004,-14.577119989784933,1.0,
55380899,9,3862.8356631492693,22.366988278647177,32.434691676690704,1.6182641833467528,-5.343726915655736,1.0,
55380899,8,87.14791142910698,991.4179075913323,32.839161653938845,4.738346151966567,-16.437791672335806,1.0,
55380899,7,280.15871696785763,308.39661508698515,33.41603171244253,2.1264666468109397,-10.30102860056607,1.0,
87404924,9,141.71099226107825,609.6915886441808,28.738491275310935,5.599780571367063,-10.168537166396987,1.0,
87797681,14,262.94121836669865,328.59055167039764,33.88156707796634,0.5068051775692197,-10.17679937852256,1.0,
87797681,15,154.06589520789925,560.7990002161757,33.49609961712213,6.00273968996521,-0.1776753719534554,1.0,
87797681,16,2704.2344632331624,31.94989235389775,33.35708103612296,3.9283933997008376,-4.976952013081188,1.0,
67554314,13,357.7229182599803,241.52771765438732,41.467754274608524,6.943449901832594,2.796304967364563,1.0,
67554314,12,354.7595988558544,243.54520717311433,41.51457958651349,3.359056893611921,-18.86975523057515,1.0,
67554314,11,79.84722293453905,1082.0664366853823,41.69711375769134,1.9913187602005564,-10.76697468852467,1.0,
67554314,10,356.2057898842399,242.5564166940643,41.763240949703686,1.9099529623963463,-17.854827279655126,1.0,
67554314,9,357.7213579212207,241.5287711700666,42.29543801533714,3.3956529688887827,-15.514024882637386,1.0,
67554314,8,353.4023406002269,244.48055395800773,42.42535801834697,5.121123131780848,-26.709396392393955,1.0,
67554314,7,356.30782599741633,242.48695564892392,42.863557150980796,0.8389286327441141,-10.029635712818049,1.0,
67554314,6,356.30619547862597,242.48806531118245,43.55894214977593,5.698790589437408,-8.229171960774124,1.0,
67554314,5,357.7244223724692,241.52670211048311,44.84498689672887,3.9489344655862055,-24.85679410318903,1.0,
67554314,14,354.7811209064482,243.53043301529763,40.97716118258927,6.575452399949654,2.2674995019964967,1.0,
67554314,4,356.2478488883319,242.52778022270283,45.11135978086645,6.02984835750118,-7.088201701698722,1.0,
67554314,2,359.2117078063579,240.52668140364761,45.40210242667786,9.108747787962557,-26.528957850241966,1.0,
67554314,1,353.3874456869588,244.49085855906637,45.70267064802806,4.646412163257196,-11.463166321766494,1.0,
70921143,20,317.85051541456573,271.8258923925616,30.688511522151202,10.511511132523765,-4.198061063179239,1.0,
70921143,19,85.39347713588371,1011.7868822991554,30.755877637443064,1.0354741335425501,-4.947521141692334,1.0,
70921143,18,84.19791309697187,1026.1536993261573,30.857225259354664,4.151530647701179,0.8044366048792995,1.0,
70921143,17,72.53167190239351,1191.203756012535,30.990260442777753,6.351743471002919,-0.5138418003438687,1.0,
70921143,16,319.02739658792586,270.8231359565624,31.096886572121093,14.66509542574758,1.440003783224995,1.0,
70921143,15,84.39166790391468,1023.797753332378,31.132979100922284,3.659109818338152,-10.003481171437898,1.0,
70921143,14,137.78798617066224,627.0503140454218,31.178085093546883,1.051146579439262,-6.922464223836641,1.0,
67554314,3,357.7851103128198,241.48573406103588,45.34216933096354,5.145848954400549,-0.4961540249885843,1.0,
67554314,15,353.30501562271803,244.54790104724557,40.33575971068922,2.697924386323848,-13.719025097906183,1.0,
67554314,16,354.8539217142056,243.48047101360584,40.24151234685837,3.437418986269222,-23.435576269993305,1.0,
67554314,17,354.84053356137684,243.48965754515578,40.03486513423036,2.0151032713007453,-7.021224948590941,1.0,
101527398,18,156.05437239754065,553.6531830066277,30.21280157945847,4.755575856089237,-13.753176068539872,1.0,
101527398,17,186.14648204931672,464.1505928492896,30.256635476576378,2.651833519703331,-22.90470666736789,1.0,
101527398,16,62.18714943861869,1389.3545656933577,30.305897209345858,2.5067053315147945,-6.095702609897003,1.0,
101527398,15,205.77005653430845,419.88616543726494,30.48416985351753,1.9931273747755256,-20.74362537748793,1.0,
101527398,14,329.36397679603016,262.32376971057204,30.60841336627476,7.550357388084279,-0.4523013267834415,1.0,
101527398,13,231.82942441057583,372.6878079418573,30.712134747346795,10.39908116226988,-15.945878560924768,1.0,
101527398,12,206.26264124199224,418.8834171799122,30.800080513486876,0.9801797283571716,-19.36767181761894,1.0,
101527398,11,129.88608071900094,665.1982993229282,30.815317183091338,2.7571202176073086,-19.85777129299933,1.0,
101527398,10,68.38942940472468,1263.3531344250557,31.383842927579053,7.201972700560475,-33.15653757177974,1.0,
101527398,9,213.7173551314004,404.272268608595,31.500343499933592,1.4731980070197181,-15.129693776908596,1.0,
101527398,8,92.35985879395992,935.4713305998507,31.548921754934668,1.8458961298889278,-7.479216320543216,1.0,
101527398,7,140.338314135129,615.6551083890544,31.66930916436462,6.5542113541429075,-19.6280615440608,1.0,
101527398,6,156.3367211084877,552.653269093727,31.88645833165208,2.6411469169872817,-17.123635537403885,1.0,
101527398,5,190.85434643874208,452.7012437085447,32.05764732380601,7.059912639097178,-18.25346847873621,1.0,
101527398,4,90.26989223789313,957.1297567555016,32.8584359949333,0.5594390306683579,-15.702031181265511,1.0,
101527398,3,523.0949033341465,165.17079300390117,35.11525140619199,2.5236417752902156,-18.224879536036198,1.0,
101527398,2,519.938386489953,166.1735356438614,37.64489930822492,1.9902335652669194,-20.204388994508534,1.0,
101527398,1,156.62090239057338,551.6505056556244,37.80127813312333,4.275001039734619,-20.19162780288943,1.0,
67554314,20,360.7154860780889,239.523955401504,39.486616151594035,8.989381137404791,-24.404801777480372,1.0,
67554314,19,356.2425737723841,242.5313714895963,39.55066843325653,0.4644025785503345,-13.375102945279025,1.0,
67554314,18,357.7205358119693,241.52932624873102,39.55081393260275,11.123031563146014,-28.97547490932118,1.0,
70921143,13,238.02419943229478,362.9883020552967,31.242266960530742,5.530704117318976,-14.686230378712594,1.0,
101527398,19,153.79246737015916,561.7960455244278,30.165931096139275,1.8928127008603184,-4.98699340335061,1.0,
70921143,12,431.1896728911347,200.3758564547393,31.285307569515112,1.4453324209183052,-6.03384575666189,1.0,
70921143,10,71.89691989192232,1201.7204649361774,31.514097567094268,1.1066177154261823,-8.17167150697469,1.0,
67819492,4,96.17068819919245,898.4026382450854,23.23201443100845,1.1981868722141087,-10.480326682237092,1.0,
67819492,3,191.73222442225187,450.6284755228275,23.429328318898,1.616901531892779,-2.3234051480887956,1.0,
67819492,2,175.31923986393198,492.8152783861965,24.386597845232473,1.4979991438239324,-8.094340177998419,1.0,
67819492,1,223.787290752248,386.08090615678583,24.96458004209569,3.9336431901504625,-7.259392084981243,1.0,
114663996,20,84.44136270274358,1023.1952355405651,30.93034238865664,1.781613149196005,-9.685400664254132,1.0,
114663996,19,133.5596755736276,646.9018409105836,31.10916526573908,7.990461460083168,3.3978573099925313,1.0,
114663996,18,963.1392727021114,89.70665245287178,31.191642795595612,0.9711935110847207,-13.707876067778443,1.0,
114663996,17,162.67917172056514,531.1067119791446,31.202551935338875,2.5629384351857425,-19.819522757465734,1.0,
114663996,16,80.06416892697085,1079.1344137826281,31.583299672205726,4.633839467983336,-21.781937945667096,1.0,
67819492,5,145.4988746705844,593.8190257183312,23.225637599623155,2.4844101207196445,-8.294335387410001,1.0,
114663996,15,3565.301236982238,24.2335764237221,31.68416688345235,4.6384365635815925,-24.251159931145366,1.0,
114663996,13,118.49834284147069,729.1241204578494,32.06499219633952,0.7053100739794331,-10.588401187764475,1.0,
114663996,12,95.66519932854187,903.1497410388232,32.08699374586229,1.3827130379968935,-14.589531426037865,1.0,
114663996,11,261.93676915131755,329.850598218564,32.08714939391871,6.004318563688031,-1.108694340146144,1.0,
114663996,10,75.71950344324098,1141.053441597977,32.326703737184175,3.4990215420528443,-9.62278818233176,1.0,
114663996,9,77.33920307269307,1117.1565851123455,32.44189379054433,3.69379127700563,-8.48242883277544,1.0,
114663996,8,120.14196895604996,719.1491928320788,32.53428426280391,5.548317819607462,-14.854867303422623,1.0,
114663996,7,111.29798324754955,776.294389879722,32.824315774037245,3.9246223742358097,-17.621658004683127,1.0,
114663996,6,162.37262534823472,532.1093984574126,32.84878720543986,1.3269411509869542,-10.440542505619305,1.0,
114663996,5,149.71230632533747,577.1068666342333,33.95082675925789,1.7775698306730874,-15.78013523253037,1.0,
114663996,14,61.192305265923096,1411.9422307189107,31.758736217639466,6.366817530782839,1.5326332856449199,1.0,
67819492,6,225.8394384827408,382.57268340933683,22.97157289028189,0.1572669799855646,-5.991723873008368,1.0,
67819492,7,204.56405622286633,422.36158978911635,22.79626822194257,1.3485883516898411,-8.821796046997179,1.0,
67819492,8,60.707409002829856,1423.2200223859413,22.66152788005627,0.8137142082487969,-2.7680277488273646,1.0,
70921143,9,72.60554585836668,1189.991742070812,31.786580524839792,2.28956816033741,-11.550553221570226,1.0,
70921143,8,62.21120677788206,1388.817296351142,32.06486186960433,6.052530634988443,-18.35939241202459,1.0,
70921143,7,73.11832494726389,1181.6463254911191,32.218739354439776,1.9208986099833965,-6.361054609063501,1.0,
70921143,6,6651.206226450419,12.99012495754616,32.336610096944014,5.548355501318383,-2.0425039081717387,1.0,
70921143,5,83.85439439519052,1030.3574502346592,32.48980119498481,2.586842763210427,-14.403796085780073,1.0,
70921143,4,62.59644258510058,1380.2701308870421,33.60801571997729,3.7359407140588132,-9.111206133691894,1.0,
70921143,3,72.47067074201419,1192.206434897951,34.20028129289085,8.039237279169356,0.255401526451692,1.0,
70921143,2,62.30104754478023,1386.8145625946036,34.28200816906019,12.539847985912587,-22.65928684985181,1.0,
70921143,1,496.9307045901031,173.86730021294954,35.89397713201015,5.861293569260113,-17.903377263694438,1.0,
67819492,20,215.37316472259906,401.16418455049086,21.15171620074966,0.6461908712821582,-7.535680701265505,1.0,
67819492,19,64.57793389381169,1337.918307235894,21.18708693965675,1.5556432704312328,-7.30002533010088,1.0,
67819492,18,205.53866012019913,420.3588753058584,21.202976204300853,0.8246035391787814,-6.191345104749814,1.0,
67819492,17,76.53608895846399,1128.8792147047013,21.206248113709876,0.41238166833136347,-3.603828792035955,1.0,
67819492,16,83.25663314658554,1037.7551521676369,21.246518533453468,2.069151478777144,-3.498680780107236,1.0,
67819492,15,64.62637013453613,1336.915562797919,21.289895651964798,1.4934142594842967,-2.476685440857466,1.0,
67819492,14,112.5739410540692,767.4955606155969,21.510727187972066,1.8270858292204935,-5.068034989388764,1.0,
67819492,13,771.0606587027185,112.05344096450837,22.03471356794205,2.4244780495268685,-6.902524306740531,1.0,
67819492,12,151.56707273854587,570.0446570545076,22.044721558571382,1.8482623205607922,-10.851888740058712,1.0,
67819492,11,345.1863535146729,250.29958200919256,22.09842766959332,1.0748538664334433,-1.744130914288121,1.0,
67819492,10,60.62210379792858,1425.2227254929453,22.215038943715285,1.6099590714615033,-2.160430312425433,1.0,
67819492,9,304.16374749910665,284.0575206953411,22.344899765808577,0.1680445746480359,-4.098762936767486,1.0,
70921143,11,224.3189551267245,385.1658454417731,31.48744180203653,0.7463502543787399,-4.1477705270580145,1.0,
114663996,4,77.26984484189231,1118.1593566906934,34.42875313509569,5.0331087957453065,-15.231716330438417,1.0,
101527398,20,68.33519156651758,1264.3558614436326,29.897392997267275,7.194278085350561,-26.92263258407982,1.0,
68422130,2,63.463807064003895,1361.405878359373,36.64557329584704,0.3343204137968314,-17.29737694072719,1.0,
86275279,11,18846.11328051537,4.584499663881745,39.00390666476255,1.7560739100902367,-3.182972445850993,1.0,
86275279,10,24104.527982290943,3.5843887946478827,39.49814308454245,4.2088500616796125,-15.21374221551136,1.0,
86275279,9,53317.1938153295,1.620490386258076,39.58790832814498,4.078245098437122,-13.262689506075475,1.0,
86275279,8,21081.092263662733,4.0984593644100125,39.80392673188669,3.7726379421441436,-0.5463993962431175,1.0,
86275279,7,18767.26258236999,4.60376145006701,40.49714240875005,10.645575504505928,-7.806562839915841,1.0,
86275279,6,20982.984487700403,4.117622068998101,41.388456410650065,3.2718929056696595,-12.68232036802246,1.0,
86275279,5,16873.998508295987,5.120303878035904,41.706712593823795,5.290282526508008,-7.297171261300804,1.0,
86275279,4,15463.965534077528,5.587182654384648,41.906538719515765,1.8418003479438596,-7.557842647484648,1.0,
86275279,3,28628.469883278296,3.0179747765864944,42.492061407813935,2.7733855705013752,-3.7520620887925418,1.0,
86275279,12,18835.569235689458,4.587066040791064,38.69021715358019,3.7802781343262666,-15.897529707015366,1.0,
86275279,2,32936.90160586475,2.6231975622326176,43.811016543939786,5.472997124525847,-18.00880762641583,1.0,
86568062,20,102.61347376740952,841.9946896626846,31.370362252111818,6.09653927524522,-5.104296294673077,1.0,
86568062,19,256.7176646035822,336.55650511396243,31.497074268052984,3.157015364379731,-3.2003981954314895,1.0,
86568062,18,193.089341940296,447.46125877167896,31.516038065850466,1.9100540246780042,-12.916272479484178,1.0,
86568062,17,180.5094964002761,478.6451778049936,31.587669033279326,0.5852464808966715,-7.228731808087161,1.0,
86568062,16,148.6902879367201,581.0735939711831,31.62228582216619,5.3203071916069575,-12.888274493995766,1.0,
86568062,15,97.97195301423473,881.8850430331486,31.64331818361245,3.2385429609458356,-13.83380738257074,1.0,
86568062,14,192.3200057042178,449.2512345953261,31.64782478395864,7.607689086132723,-11.459207322790633,1.0,
86568062,13,155.06310940072441,557.1924897798829,31.84332833665394,2.377705046275821,-16.089733819542175,1.0,
86568062,12,68.99694065834572,1252.2294347488469,32.2922135926035,2.961491812453346,-4.853213046295082,1.0,
86275279,1,27909.112224086708,3.0957631079871204,44.71970445570366,1.8148506697552023,-5.899816141589298,1.0,
86275279,13,41279.302214936935,2.093058636265807,38.521525611604716,0.9321921145347574,-4.285257296932826,1.0,
86275279,14,14398.579698008794,6.00059185087182,38.23675209803878,1.3499057268869876,-5.650760655450057,1.0,
86275279,15,10001.1747375125,8.638985146007906,37.83407386099498,2.9429882994947434,-2.2100849083216474,1.0,
78672688,16,92.73986191902583,931.6382212800644,26.99409557099557,5.058791362777313,-9.573988889612977,1.0,
78672688,15,99.89936801837989,864.87033615772,27.079046578929535,2.02097107983748,-15.56574628774024,1.0,
78672688,14,373.4831149245751,231.33575936210255,27.401055772299628,4.158905004896511,-3.0420695513851967,1.0,
78672688,13,100.01501148109554,863.8703202701827,27.41869476629506,3.2189509823294173,-12.849831896041252,1.0,
78672688,12,165.8841448159689,520.845437614618,27.72844138286399,5.330343733352649,-4.885177746486264,1.0,
78672688,11,527.3528611550274,163.8371693115755,27.867573067353135,2.855739456919167,-3.8615547823494154,1.0,
78672688,10,91.76429701134099,941.5426567188978,27.903397563331566,1.411359468081045,-15.914601193755729,1.0,
78672688,9,95.3649767663945,905.9929853665768,28.437845338908346,2.6151150687998523,-8.778578753818266,1.0,
78672688,8,89.80693311896258,962.0638073181991,28.537184407346217,2.3418741842063895,-10.989245914760147,1.0,
78672688,7,79.74358390914851,1083.4727480825932,28.667385014425406,2.2974249812449017,-4.847548443128659,1.0,
78672688,6,80.17417472014385,1077.6537494971171,28.832276027849446,7.39702800100018,-26.619597968226927,1.0,
78672688,5,88.7242228722412,973.8039647235009,30.52630567583884,4.0684907300907724,-6.5632826375626365,1.0,
78672688,4,95.47064394999194,904.9902297218903,31.132668454065993,1.977550241840163,-5.977842758323831,1.0,
78672688,3,99.78367665840847,865.8730855926958,31.743999817748943,1.3545145404871022,-12.180186733766064,1.0,
78672688,2,88.54212178478178,975.8067489054688,32.50528151780418,9.428214579159444,2.62342618628459,1.0,
78672688,1,2253.9535508809736,38.33264441772988,32.545267262112816,2.7229924155109444,-19.21907716968785,1.0,
86275279,20,41701.52309862113,2.071866770805233,36.159783068435786,2.9363945257647117,-7.118687630123674,1.0,
86275279,19,68571.42264384554,1.2600001089193476,36.299493234265356,4.728678236514185,-6.786016318177445,1.0,
86275279,18,13106.005073890607,6.592397875087315,36.40413928844532,2.317738549875031,-8.752844990444345,1.0,
86275279,17,17287.321062544233,4.9978825341075845,37.129622850344504,1.8536866240604866,-5.915366815895084,1.0,
86275279,16,28101.459216153806,3.074573435330146,37.27927001564501,4.834778485631972,-8.647250941909277,1.0,
86568062,11,72.29158526728763,1195.1598471737555,32.52850703791796,2.4819101893122593,-3.314268753862848,1.0,
68422130,1,69.76389877040639,1238.462894459829,37.39131485922326,2.752721170291352,-7.164716162618788,1.0,
86568062,10,204.93168002964796,421.60392179237635,32.65604090545435,0.58051237525126,-9.395727805895092,1.0,
86568062,8,181.65009871075407,475.639708501215,33.22643339406113,1.4692409949750527,-13.455980574179193,1.0,
60854974,2,145.5422159589933,593.6421912412225,26.238758834939745,4.160732268547918,-4.527453607286816,1.0,
60854974,1,216.7947873003837,398.53356750818466,27.03041336304659,0.46476155378354633,-7.008173964200182,1.0,
68422130,20,138.19527873096735,625.2022557745972,31.907435001138083,2.224554246280661,-10.55923326892264,1.0,
68422130,19,443.62561524566996,194.7588169636093,31.95808563307446,2.304035209207541,-21.350803240388245,1.0,
68422130,18,138.6393916301531,623.1995032875534,31.96226577952075,1.117308484504747,-7.889777257159778,1.0,
68422130,17,63.41720584443054,1362.4062878447974,32.34113446969195,2.943551149640996,-17.746993611373398,1.0,
68422130,16,73.94575537096235,1168.4240639176471,32.6882290168453,3.725783399977445,-13.864028752752688,1.0,
68422130,15,108.51442481194286,796.2075101972158,32.75821072747431,4.381702914876598,-21.604204120529857,1.0,
68422130,14,86.1198273155845,1003.2532889712935,32.85844948417025,4.639678593572967,-16.25179138548617,1.0,
60854974,3,86291.59174071967,1.0012563015363776,26.093603512782693,1.6973447508984236,-6.132394634925163,1.0,
68422130,13,405.36325843687996,213.14215879645033,33.026296906558855,1.5251376005736574,-19.20595637667782,1.0,
68422130,11,72.87900591750481,1185.5265986723286,33.236033524645336,9.672593354858634,-11.426557528420403,1.0,
68422130,10,657.1516303675304,131.47650558468277,33.29936232308137,1.7218737324415088,-5.627982910599769,1.0,
68422130,9,85.35844595124551,1012.2021205651916,33.40299161858593,3.174972860186301,-12.418641993110214,1.0,
68422130,8,129.28205775564047,668.3061942230761,33.48250112178039,6.722433398440103,-15.490622765014734,1.0,
68422130,7,129.4763240199467,667.3034676725106,33.49921298938261,3.466008534158675,-20.18000520179578,1.0,
68422130,6,309.902433673502,278.79742335623865,33.946140256883155,2.0438507520142366,-15.551880383301864,1.0,
68422130,5,69.85957474922546,1236.7667611798329,34.31516614477505,1.9784728804982024,-6.414247171329748,1.0,
68422130,4,129.6706463152871,666.3034576840399,35.61754763492627,8.487137886048686,-10.67737905652018,1.0,
68422130,3,63.37058365418985,1363.4086198650234,36.49909510472003,1.3752205848562653,-21.01065196096016,1.0,
68422130,12,72.75609798316809,1187.5293259953055,33.184727317257966,4.2684521205081865,-15.643755535208925,1.0,
60854974,4,71.25944291312587,1212.4708876174118,25.472741308039076,3.136527729519514,-7.708272557501914,1.0,
60854974,5,67.03173255339935,1288.9417699471119,24.891701153431313,2.8192196593613517,2.6371899710786693,1.0,
60854974,6,159.06177946319494,543.1851717715252,24.889022323031895,2.7628429071376104,-4.194181709419979,1.0,
86568062,7,204.44539898656015,422.60672251998085,34.24471317188056,1.837211524932627,-9.89274301066746,1.0,
86568062,6,192.75022226628016,448.2485103474501,34.62579429872301,4.370698432923518,-12.847674072134623,1.0,
86568062,5,97.29563513885527,888.015170225205,34.77858458043033,1.782552704046111,-16.199346635087295,1.0,
86568062,4,67.8976584612675,1272.5033816782834,35.73074927798484,4.373450389369623,2.1315584469394935,1.0,
86568062,3,1682.7870163744394,51.34339590172771,35.92273891010484,2.1188044682113514,-1.8916362848092376,1.0,
86568062,2,180.8884706918872,477.64238190264615,35.99832821297525,1.4309438562205514,-15.646531523674128,1.0,
86568062,1,193.615286700158,446.2457560688543,38.008957578416926,4.749723967581303,-15.613367499557626,1.0,
60854974,20,84.67091896717011,1020.4211912888334,22.774347431959313,1.5759772470864846,-4.8435309155916,1.0,
60854974,19,1082.7366107566043,79.7978004453222,22.908412157815974,9.126537638248578,-0.7623650355180871,1.0,
60854974,18,169.11460385715927,510.89614988529775,23.016383593828323,1.3997717047255946,-6.767165271736189,1.0,
60854974,17,75.4023986342014,1145.8521421732364,23.212717972375458,2.0205526130947646,-1.145148603955647,1.0,
60854974,16,2610.760892305788,33.093800452822286,23.316911976004576,3.3590869651230264,-7.246260509245985,1.0,
60854974,15,112.92274481079338,765.1248660734088,23.343383115535744,1.551469522314278,0.6879300094192331,1.0,
60854974,14,216.25069803384366,399.5362825903028,23.49361131113824,1.577500856134634,-4.709536505710503,1.0,
60854974,13,113.21929193392587,763.1208297117998,23.80339035364591,12.801410365207971,0.035886905634072264,1.0,
60854974,12,331.31910790942817,260.77578364003966,23.854441295362676,4.300752211094164,3.181748086466996,1.0,
60854974,11,67.49834092849729,1280.0314616847506,24.007304144952514,2.1423851011654733,-5.4609045658341415,1.0,
60854974,10,98.53259680759852,876.8671769476505,24.09123795871983,5.169300957319933,-4.850750487637015,1.0,
60854974,9,61.783990957789165,1398.4205076526782,24.187977460559978,2.3208435439366895,-8.793625905593103,1.0,
60854974,8,472.53053964509405,182.8453248014253,24.349047555866036,3.2624611313599416,-3.348031702361027,1.0,
60854974,7,76.94849333056608,1122.8290023669576,24.793691687454157,3.996353031086926,-4.74998857821214,1.0,
86568062,9,194.48813369677407,444.2430412474728,32.741088850351616,1.9942955503167923,-13.922675176329562,1.0,
114663996,3,61.1488780714017,1412.9449750347558,35.69208152481826,3.6113748211259917,-1.285035012464789,1.0,
114663996,2,84.60719236025295,1021.1897781941914,37.070241753199866,6.707566341350201,-27.495509046458892,1.0,
114663996,1,84.52419476393122,1022.1925241797067,38.71919545409855,2.9861317147122577,-21.980340397804866,1.0,
61247086,13,5766.656646232866,14.982684994162396,78.54044982025471,17.725074162999817,-66.92608000385428,1.0,
61247086,12,6180.297798670834,13.979908867592371,81.298861597827,13.469095562959751,-48.68778376848229,1.0,
61247086,11,43126.80036283011,2.003394624064575,81.43948330616149,5.10793074319497,-9.661987738733274,1.0,
61247086,10,86339.50799823225,1.000700629447286,82.71817349738512,8.721246406240084,-7.454481956636073,1.0,
61247086,7,6656.427730101304,12.979935109831812,119.81067230436065,12.570839031557284,-76.90527262482044,1.0,
67825548,20,128.63404258950206,671.6728966974966,29.877763582100215,1.872151660440153,-7.004161062126485,1.0,
67825548,19,1399.7704012368627,61.724408462741735,29.979549774835732,9.624473770196843,-6.371124365046768,1.0,
67825548,18,66.36160008938019,1301.957756950266,30.010543402597932,1.7414687460003933,-7.334073428958845,1.0,
67825548,17,141.5469644666716,610.3981129199249,30.061980834676888,4.909722207112594,-4.765302513744558,1.0,
61247086,14,7870.831466565042,10.977239236670679,78.00335498423965,5.330144607797024,-44.43028837115264,1.0,
67825548,16,329.684208892429,262.0689668160328,30.285814885955233,4.709867617132545,-9.496800475333572,1.0,
67825548,14,706.9282990747928,122.21890128472408,30.44493075800915,2.0240709626590245,-4.537905577522707,1.0,
67825548,13,240.78193400385808,358.8309079642811,30.655048197581777,3.6096740164755943,-2.925255660285586,1.0,
67825548,12,43341.819715361635,1.9934557562975894,30.73376450367914,2.179926190840817,-4.840486870069213,1.0,
67825548,11,141.39842916416939,611.0393199608042,31.135792315049343,5.563395504904321,-1.346897138938516,1.0,
67825548,10,1059.8705108658373,81.51939233540658,31.656440976545127,0.6184421567816969,-5.3149863195617115,1.0,
67825548,9,639.9647437096186,135.00743728345705,31.709255226390837,4.105355248501738,-3.1084023746502965,1.0,
67825548,8,110.3186683035432,783.1856686510148,31.968334220067845,0.3103630584732855,-2.3224715116032826,1.0,
67825548,7,63.30863165072059,1364.7428122704746,32.42149193543548,2.5968459461467717,-3.995203525576244,1.0,
67825548,6,1202.0471959898248,71.87737743429781,34.354234464853334,6.697032339764462,-3.186035604024312,1.0,
67825548,15,307.37674041308696,281.0882823595764,30.408010273702303,1.0602415854208118,-5.873344096833563,1.0,
61247086,16,6179.076818319596,13.98267128575633,74.92867314926161,16.135585595936277,-61.3904103975467,1.0,
61247086,17,7212.042309639089,11.979962996684597,74.06927008885987,6.116322944953367,-46.404049680952426,1.0,
61247086,18,7213.705413815519,11.977201042134151,71.61241691045734,11.043901437478326,-39.35720950064342,1.0,
78776621,1,128.8450837615971,670.572733375427,34.38767181603282,0.4802433949545559,-12.539108471820924,1.0,
62651722,20,487.09824684076733,177.37694717723795,29.941992928448144,2.0678156543605724,-7.405220572068458,1.0,
62651722,19,125.38331635695717,689.0868937780007,30.292709372420404,8.278902270477943,-15.999876317388669,1.0,
62651722,18,92.1166676992109,937.9410063130208,30.421115137411107,1.2216708922969133,-4.998110515041162,1.0,
62651722,17,229.88073190557367,375.8470720177186,30.426825581625053,1.7714805078429094,-5.884514451422717,1.0,
62651722,16,281.9294172959133,306.4596835218316,30.482551069863803,2.1849572273011404,-9.543159288393724,1.0,
62651722,15,96.84677198021588,892.1309222123585,30.65955449667149,6.4886516252040565,0.41942669026065005,1.0,
62651722,14,71.61383757531344,1206.470745393815,30.692857290564916,1.9953718290561824,-6.982168625104634,1.0,
62651722,13,262.3610966211269,329.31711718208516,31.264560925791557,5.592631456543188,4.0151277699973775,1.0,
62651722,12,93.80143436931317,921.0946568239843,31.351642983930788,9.385256811897591,-9.030362682828297,1.0,
62651722,11,101.08577585114541,854.7196603331109,31.382402506103062,4.400574040016295,-4.969689703009237,1.0,
62651722,10,302566.7299756891,0.28555684231026374,31.52566066341933,2.876116468212615,1.4548635519164463,1.0,
62651722,9,83.19785087872182,1038.488363430757,31.650570474908818,2.5522144814547687,-2.764619553017951,1.0,
62651722,8,562.0125499242963,153.73322181442063,31.66043764954202,2.015531538719415,-6.4628522604985505,1.0,
62651722,7,101.20451424839445,853.7168587948703,31.762081133391803,4.401951943048175,-8.281900185752136,1.0,
62651722,6,97.632014294891,884.95562264069,31.943136885711965,1.8044415918433288,-10.415278887098168,1.0,
62651722,5,106.11334374265762,814.2237060169762,32.097871012434325,3.216865614583128,-9.40100786899751,1.0,
62651722,4,116.64393856645621,740.7157290970147,32.71398592523519,2.469500881410738,-7.212913297165358,1.0,
62651722,3,62.09953382678903,1391.3147921688267,33.432588799679706,1.840262281450407,-2.9040040918990826,1.0,
62651722,2,60.264384651345715,1433.6826054038315,35.29551178611928,2.734915185864452,-15.00953429827075,1.0,
62651722,1,106.24383010982704,813.2236941259181,37.364908817560945,3.4229890766285394,-6.6324217431845796,1.0,
67825548,5,1169.4632575527644,73.8800466299402,34.39391991584682,5.529228306139331,-6.495016990563471,1.0,
78776621,2,67.01081427245758,1289.3441295715108,33.69185595825502,2.3504719322839094,-3.6512637286790834,1.0,
67825548,4,86195.64298529211,1.0023708508647329,35.29866771142997,11.77720382364106,-13.843221222086726,1.0,
67825548,2,117.73687133832627,733.839782031601,36.61885482519483,5.064714425539904,-1.8596053336445095,1.0,
55939696,16,264.248638628808,326.9647875891868,29.032160801683062,1.9004545692351655,-3.6184983732854334,1.0,
55939696,15,101.87604499694469,848.0894601139177,29.058035176166413,1.5551618478177147,-12.238224215722227,1.0,
55939696,14,60.11509858179038,1437.2429229646418,29.14607679633741,0.4120991490518122,-6.719301024891678,1.0,
55939696,13,133.63933650596152,646.5162298687841,29.19260794358206,0.6042815894861349,-8.496554899910478,1.0,
55939696,12,259.4013668642756,333.07457491234555,29.585386224266813,1.0308342249491318,-6.914461581354686,1.0,
55939696,11,60.321743292261615,1432.3193476254164,29.597410274198182,6.822680957746684,1.0613133743779883,1.0,
55939696,10,106.90060398798659,808.2274260088332,29.62627854907953,10.888011530514888,-8.024569504295442,1.0,
55939696,9,60.19178137455253,1435.4119121739036,29.810725545261448,0.6284280752287543,-7.313151921888817,1.0,
55939696,8,60.23374216667125,1434.411957353152,30.466593924413132,1.1549715433410768,-9.636100321644705,1.0,
55939696,17,260.18247885676874,332.0746284670593,29.01843642198719,3.115704471253622,-11.964677808829208,1.0,
55939696,7,262.63988391987897,328.9675532538585,30.843408191243157,2.7172435404066277,-5.107336834873962,1.0,
55939696,5,60.149758746661384,1436.4147388171468,31.183677707523316,1.8373042412476082,-11.670205767743795,1.0,
55939696,4,107.03340406363341,807.2246300662692,31.773179455318996,5.712579256047434,0.33348398136448054,1.0,
55939696,3,260.97055507023265,331.0718328998762,32.3068143685299,1.52384124523374,-6.096667625866019,1.0,
55939696,2,260.1847101105732,332.0717807102568,32.445906930340016,1.7670316872536773,-4.766467551491843,1.0,
55939696,1,60.3640053307308,1431.316552415956,32.621262894849224,5.537919308166096,-5.364433575630045,1.0,
87797681,20,2405.025915119607,35.92476881718056,32.92081662252258,1.313360462800233,-3.8848282484004812,1.0,
87797681,19,2544.721272808663,33.952637926682826,33.19664579913615,1.98786365772105,-2.116354330644981,1.0,
87797681,18,241.86740019976818,357.2205263240879,33.20339144748391,0.5058629350386354,-9.308176486394132,1.0,
87797681,17,308.88915867935935,279.7119859091171,33.34582737184337,3.0261920795584274,-1.2747081886421938,1.0,
55939696,6,133.22663398898868,648.5189741200026,31.09805836314945,0.48132103511625246,-6.531738004328815,1.0,
55939696,18,101.99664684005215,847.0866707558504,28.912146369214042,1.8462516638715556,-11.511601728845648,1.0,
55939696,19,387562.7716655827,0.22293162892991225,28.874074008452567,1.688682871396793,-1.7251980777326423,1.0,
55939696,20,95.71492197019029,902.6805666404726,28.8278485693952,1.9938038151715887,-5.3183252866287205,1.0,
67825548,1,327.1838800543122,264.07168955162973,36.92470266521843,6.61622526954163,-8.521401207076025,1.0,
55433943,20,87.75100209784983,984.6041405163288,29.819843123070086,1.185207274040863,-9.180840326144278,1.0,
55433943,19,1542.3405802680231,56.01875558833165,29.834479196097845,1.371585964817939,-10.19963251050683,1.0,
55433943,18,102.40055104995554,843.7454595127153,29.983194287968217,2.341154390252939,-6.00193229065485,1.0,
55433943,17,102.52206017842532,842.7454525360969,30.10285114813155,5.666216462524119,-10.52807996789062,1.0,
55433943,16,109.58378771506847,788.4377954214431,30.13234338862594,5.994850678844841,-11.418286243594196,1.0,
55433943,15,456.7662361634248,189.1558376243187,30.183662795667942,5.285495913592115,-5.703747879697914,1.0,
55433943,14,1164.8785484095347,74.17082245867273,30.501107650786935,1.7735582596784525,-1.203519396318086,1.0,
55433943,13,93.16778321040331,927.359190299511,30.511052859841357,3.3561501402318186,-7.682681179246458,1.0,
55433943,12,1149.3408163158222,75.1735244876734,30.64392442743724,2.2290903172278718,-2.815884324416004,1.0,
55433943,11,64.2087915783163,1345.6101240375594,30.692650853350415,2.35862043532768,-10.355972373136694,1.0,
55433943,10,143.97199420180334,600.1167135248154,30.872172471152453,2.374154338350195,0.36069942620218853,1.0,
55433943,9,1648.4969018830263,52.41138148413138,30.885873008305452,1.6100097746299866,-7.269833467624949,1.0,
55433943,8,1626.4374097343475,53.12224096844406,31.04351091686135,7.713560361937368,3.804675529996757,1.0,
55433943,7,459.20026025977205,188.15320346535313,31.63489651552777,8.32121305762513,-15.813563542730094,1.0,
55433943,6,67.89833333058185,1272.490733746551,31.72896385020499,0.9402643479136827,-11.675790027561277,1.0,
55433943,5,67.84501558094145,1273.4907533026035,31.83867772116423,0.7252602975016202,-11.15778475347662,1.0,
55433943,4,102.39926041641544,843.7560940249659,34.273288845766956,0.21321160443608278,-7.073006902768611,1.0,
55433943,3,742.9471389556172,116.2936035011253,35.918600765988685,3.6286582385185397,-4.295213993214077,1.0,
55433943,2,737.6146523652426,117.13433257182308,37.85004788226797,1.9057632417841432,-5.85595429357096,1.0,
55433943,1,102.27804622093542,844.7560663542932,39.617123027974,1.1588279210390624,-5.0495053740352205,1.0,
67825548,3,141.8634176949829,609.0365042929287,36.04368272197485,3.28265234379073,-1.6212279998603663,1.0,
78776621,3,574.4814805060973,150.396493066904,33.62605730230223,6.255184703615029,-0.454496719696067,1.0,
78776621,4,61.86598527192171,1396.5671058214475,33.605964201186225,3.6122874655333845,-17.155689593862746,1.0,
78776621,5,67.11506223030625,1287.3414272271286,33.37638896754112,2.8501663100739023,-7.895975593357832,1.0,
69193017,15,2535.051610096815,34.082146357840955,32.73266737523636,3.8701209819062115,-14.200077478105868,1.0,
69193017,14,487.25350613556293,177.32042748187413,32.817933503455606,1.34871031370551,-5.7342849257832995,1.0,
69193017,13,81.1032129205737,1065.3092138854422,32.9143357079588,7.631074067039208,-10.864173813622642,1.0,
69193017,12,117.49535497278612,735.3482188296863,32.95141741837051,4.590402317589337,-20.509565195344976,1.0,
69193017,11,182.4220081881662,473.6270631933807,33.18358724476275,6.166779899406492,-24.237017291561415,1.0,
69193017,10,146.06677725374306,591.5102778635854,33.244069649867924,4.786972949413894,-10.339256529704926,1.0,
69193017,9,263.28385914434153,328.16291997844223,33.372241820816726,1.25275663673915,-14.905666256201812,1.0,
69193017,8,841.0836414925859,102.72462301926913,33.50899439304703,6.579689377967497,-12.928057300819205,1.0,
69193017,7,3303.2726970781528,26.15587870672121,34.2101365930539,0.7498859340344097,-8.710106292917544,1.0,
69193017,16,103.28831828193344,836.4934334990771,32.650960063950606,2.818970968896906,-15.11015549019237,1.0,
69193017,6,141.56441520304443,610.3228687525558,34.5670813626175,2.9393931201301484,-19.003900990308466,1.0,
69193017,4,182.03766733702187,474.6270443030909,35.76291537131874,3.3888459598287,-21.766418420330183,1.0,
69193017,3,140.46680511248292,615.0919424045608,36.430598752803235,2.1233525789102714,-5.359641299289251,1.0,
69193017,2,82.37754418516727,1048.829518464293,36.99115402971165,1.9268343861518815,-17.50657997419671,1.0,
69193017,1,60.073230892371456,1438.2446010735825,38.01660368772127,0.8993245319410335,-10.983836295378751,1.0,
94904644,20,72.29829327909691,1195.0489573310608,32.47948805465535,2.601205243236336,-5.792579206366838,1.0,
94904644,19,69.74353247880646,1238.8245465807897,32.57129323103868,10.722676838314783,-14.586698437451673,1.0,
94904644,18,483.88202290348494,178.55592047327067,33.127076820496995,0.4319577387469167,-9.861255452499108,1.0,
94904644,17,60.158798009120375,1436.1989078788,33.650173653331194,1.8969863072053386,-8.249050791472541,1.0,
94904644,16,97.1463375758812,889.3799000143755,33.76659219591329,0.37756233944048745,-10.152904069912324,1.0,
69193017,5,80.84588114159898,1068.700084407184,35.25765536997187,0.9555437315589188,-9.071554137728526,1.0,
69193017,17,124.98964069418444,691.257287565113,32.46758285474789,2.532245734231765,-17.044085187052588,1.0,
69193017,18,200.8691797976871,430.1306954457672,32.4568602605832,14.227436837261962,-26.246747044613358,1.0,
69193017,19,291.3262640763741,296.57470216056237,32.34083067199845,2.502289830018981,-17.460517804784104,1.0,
116343574,20,705.8183554051423,122.41109817894448,29.485680646603214,3.3550839676157125,-8.873680579510335,1.0,
116343574,19,77.49959927416513,1114.8444741546148,29.507518692785197,0.24861004264420217,-2.6224844824529043,1.0,
116343574,18,90.60837908489003,953.5541952367645,29.5219643806048,4.130555603153141,-12.079599054254743,1.0,
116343574,17,106.56134846431765,810.800550529175,29.53169994269058,0.46673434714872997,-2.450923897758827,1.0,
116343574,16,318.8878453874802,270.94165315399675,29.543964975812287,2.608453770415423,-4.71605834204712,1.0,
116343574,15,139.29003119966941,620.2884675655458,29.686323231215056,3.717150365134927,-8.5555663723039,1.0,
116343574,14,143.16499198242832,603.4994924639433,29.71575360449242,3.084788650126086,-1.4378436032866375,1.0,
116343574,13,133.19527940917874,648.6716374878223,29.963738531251693,2.697583793039371,-4.375578841683705,1.0,
116343574,12,336.63014542997666,256.6615057295048,30.134292999155377,4.018934552094322,0.0006351308657031041,1.0,
116343574,11,140.17053089220974,616.3920436774335,30.261171880383245,0.7060752229148193,-1.7380339497663613,1.0,
116343574,10,88.7380399007509,973.6523377869752,30.593196950929723,2.8130487161915028,-8.715831501545011,1.0,
116343574,9,83.67294718339303,1032.591810237422,30.99811990224771,3.901384483558985,1.6521651328864664,1.0,
116343574,8,376.7119012287865,229.35298757000814,31.01479858265418,8.966163757825257,-4.860943671128979,1.0,
116343574,7,151.10666042245523,571.781546613815,31.11157429101354,13.789469788955131,-5.6769550114104845,1.0,
116343574,6,67.02338721826855,1289.102260956008,31.802428710375807,1.7049430739743343,-5.627071620797892,1.0,
116343574,5,61.94617014773766,1394.7593498345664,31.98148316828724,3.9829226574377685,-8.8528961652556,1.0,
116343574,4,72.20519116795973,1196.5898656652137,31.984381271248594,1.8128299684040599,-3.89792631966003,1.0,
116343574,3,88.46544726283817,976.6524973676835,33.86293644654256,1.0529908553335758,-6.974202796473634,1.0,
116343574,2,320.07223661708514,269.9390641099674,35.75442540054246,3.0209893454294843,-10.07234271522239,1.0,
116343574,1,317.71504357574673,271.94179736535295,41.692538153946884,4.388608362942847,-11.749031631163888,1.0,
69193017,20,182.8090902422999,472.6241998441281,32.33849065767936,3.342746888522811,-4.655001089685584,1.0,
94904644,15,83.92086289177836,1029.5413681746654,33.78323975532476,7.6771728082844675,-3.764721447081456,1.0,
94904644,14,72.28671900778271,1195.2403039719895,33.796903646894634,7.507773867293167,-6.740627525351329,1.0,
94904644,13,189.38030670146213,456.2248393450983,33.81492387632352,4.261224525518287,-3.9734258347178866,1.0,
94904644,12,450.6405957197888,191.72706769126515,33.85199254019085,1.3216696943945294,-6.821805030105452,1.0,
67795315,6,89.19574613403512,968.6560597874933,35.80322257766011,4.136465630193015,-9.71505851058049,1.0,
67795315,5,172.23019047266087,501.65420918880534,36.107871072667194,2.974525842755668,-6.822953213204983,1.0,
67795315,4,74.37649353704403,1161.6573448298896,36.46604963161144,1.8615618496639854,-12.173390254308401,1.0,
67795315,3,240.4312780740339,359.3542433085416,36.93197578082595,6.694303289436391,1.534947034569484,1.0,
67795315,2,115.2947949018401,749.3833531128564,38.22799957856205,8.959796726188301,8.286239961190745,1.0,
67795315,1,171.54536399407237,503.65686363279093,40.63558243439866,3.6293544630741508,-5.232177446500771,1.0,
78776621,20,342.51927821329684,252.2485754690753,29.535941601812283,8.765381578737461,-7.689671891548642,1.0,
78776621,19,189.69829853617455,455.4600682595155,29.566872918474246,4.729205727339519,-16.238555468263627,1.0,
78776621,18,241.1001865991201,358.357250646422,29.790795377948996,2.56375574055609,-6.735722295641807,1.0,
78776621,17,98.24012481926874,879.4777099372493,30.20481029277306,3.1694257149126486,-8.269846626570512,1.0,
78776621,16,110.10528410871476,784.7034835738779,30.2395575917123,2.834903796807538,-8.083816733567062,1.0,
78776621,15,137.55400905185098,628.1169163701475,30.49155331486412,2.037857146677837,-5.810009745176586,1.0,
78776621,14,222.27373344509243,388.70989685042167,30.853008127469366,1.63766434129451,-17.618389587288817,1.0,
78776621,13,157.5111655785964,548.532541693924,30.902373278169648,2.9881293351842686,-14.557361325784058,1.0,
78776621,12,164.37672737095036,525.6218528126575,30.970779443180106,2.121034555562744,-4.2595480301873465,1.0,
78776621,11,183.21460304115686,471.5781305957982,31.03267359173867,7.031096701205854,5.923753970819632,1.0,
78776621,10,188.4031789408003,458.5909881443585,31.100952716479696,3.3213202203965437,-12.503791730076841,1.0,
78776621,9,394.1289575155294,219.21758945254786,31.317822363343907,1.7151880469245242,-6.412093235030937,1.0,
78776621,8,98.01692680221521,881.4804015876097,31.731811858488015,4.264993561513364,-10.58598518209871,1.0,
78776621,7,61.897878210052,1395.847523348045,32.25310162507037,4.016071014071869,-0.1621288527579452,1.0,
78776621,6,62.454033127805516,1383.4174619786622,33.14738597078576,4.353019538197842,-13.190421814109442,1.0,
67795315,7,305.070172515635,283.21352850571435,35.03222894369583,2.3139365448205353,-11.044556974214856,1.0,
58787823,3,119.9863768374725,720.0817482557464,36.4408473051717,0.9877686804742325,-10.834825110580766,1.0,
67795315,8,74.4407520907949,1160.6545819770665,34.87822098299148,3.466423597237508,-11.371258565366361,1.0,
67795315,10,54594.47620765806,1.5825776892036658,33.73013873669652,0.7065817072015079,-10.533159875074602,1.0,
94904644,11,64.16361442776446,1346.5575586810078,34.08019036552582,4.928302995224385,-4.26794640120022,1.0,
94904644,10,153.9977665258079,561.0470979494404,34.735695164411254,4.386682479147339,-15.869642336945049,1.0,
94904644,9,60.07502335849899,1438.2016879861394,34.8254618735682,0.6192784214681524,-9.687753376126295,1.0,
94904644,8,71.45905340614041,1209.0840261896853,35.36374600643626,7.177613274976352,-3.6203780943887978,1.0,
94904644,7,153.8871641608019,561.450335842941,35.368415092175155,2.4877170319177253,-4.264595208534274,1.0,
94904644,6,67.26232736444226,1284.5229028705114,35.72875118658726,2.102483796162687,-10.218323197718064,1.0,
94904644,5,481.1798442138903,179.55864327848727,35.7618985274496,2.3457031071147867,-12.32194683227317,1.0,
94904644,4,188.96498557983904,457.22756379909015,36.03066143291835,4.470442437775944,-0.04138572627346093,1.0,
94904644,3,71.39983898831787,1210.0867624384475,36.10710680391139,9.439791250420626,-1.2310458417393306,1.0,
94904644,2,154.16249613820847,560.4475937036035,36.972507814160736,3.6035206555474133,0.5698393383432858,1.0,
94904644,1,97.03693578715017,890.3826084277619,38.91885651716211,2.0135387729762897,-13.52393260734624,1.0,
67795315,20,118.93070497281002,726.4734537624477,32.5079556267292,0.7513144661768365,-10.593867313099906,1.0,
67795315,19,148996.1839945156,0.5798806230042798,32.58449747066402,2.072441899313276,-3.7805377538946914,1.0,
67795315,18,154.70813103517554,558.4709699605606,32.75893741904656,3.650359343236687,-0.9789434661551013,1.0,
67795315,17,211.3302748129899,408.83872448685815,32.760012201101745,4.339322028840627,-19.0429617378702,1.0,
67795315,16,155.5370165582552,555.4947748894202,32.8181388211824,4.113735797677236,-3.7480494393776667,1.0,
67795315,15,1261.7303171257745,68.47739079205093,32.96955625062219,1.6945679728821688,-9.46731407544803,1.0,
67795315,14,689.4226961694526,125.32224494501385,33.04190420801547,2.296966485608948,-5.9832080875015095,1.0,
67795315,13,302.9279866125988,285.2163016238349,33.08486810669615,1.617956572087337,-10.325532591842261,1.0,
67795315,12,299.8344578727532,288.15900818400036,33.341789574979884,2.1087895973129775,-15.109735344670185,1.0,
67795315,11,155.9398149292662,554.0599111214206,33.46908622495266,8.662223982141882,-19.699615788827373,1.0,
67795315,9,241.77877200957897,357.35147168576464,34.809540022654346,6.307510795862868,-2.3097917965005195,1.0,
100517762,20,110.06035581929562,785.023811315468,29.571808639420283,1.7538257227056064,-16.07439635018754,1.0,
